Gene,TCGA log2FC,GEO log2 difference,TCGA HR,TCGA survival q,GEO HR,GEO survival q
PYCR1,3.679370447731416,1.4677208925261578,1.037857689723469,0.6471048464713691,1.2159687465009144,0.4946401320076752
SLC6A4,-7.819199495781778,-4.568641338809483,0.8350749139200001,0.2398794712620365,0.8008302564639875,0.4946401320076752
RTKN2,-4.62265062280777,-3.1476827137891608,0.925317157238576,0.4705146581529308,0.9445052997875316,0.8495629703117028
FABP4,-5.854058650602385,-3.373882684104604,0.9633730434393324,0.6471048464713691,0.5788788022201147,0.0586128801587877
SERTM1,-7.10695683838318,-3.962179619616876,0.8965473810323148,0.3686849894937328,0.939461817323588,0.8495629703117028
FHL1,-3.58803630593113,-2.2530203244709828,0.8593009554716657,0.2398794712620365,0.7083023039519685,0.2730961933747853
AGER,-6.618309038065766,-4.842342963698751,0.8357580539055058,0.2398794712620365,0.8694192498513867,0.659522668919479
RGCC,-2.831668782908182,-1.3633593061007918,0.9347023105795806,0.4790691537733843,0.8285499442079598,0.4946401320076752
KANK3,-2.955897437403229,-2.2045467404864434,0.8804225744534157,0.2990109967162991,0.7312207681094189,0.2730961933747853
RAMP2,-2.721556183669298,-1.2814317139074485,0.8894367454250627,0.2990109967162991,1.0081163841864311,0.9617729653086744
