gene_id,gene_name,gene_type,baseMean,log2FoldChange,lfcSE,stat,pvalue,padj,fit_converged,padj_before_convergence_gate,passed_expression_filter,log2FC_CI_low,log2FC_CI_high,absolute_stat
ENSG00000183010.17,PYCR1,protein_coding,1706.0297677127833,3.6793704477314155,0.13174693918319946,27.92755923243956,1.2350175361891964e-171,2.349744364353565e-167,True,2.349744364353565e-167,True,3.4211464469323447,3.9375944485304863,27.92755923243956
ENSG00000108576.10,SLC6A4,protein_coding,3777.6872775691854,-7.8191994957817785,0.29358072126309437,-26.633899740216762,2.7499586068050726e-156,2.6160356226536656e-152,True,2.6160356226536656e-152,True,-8.394617709457444,-7.243781282106114,26.633899740216762
ENSG00000182010.11,RTKN2,protein_coding,5789.750036148727,-4.62265062280777,0.17411423596788325,-26.549527079798658,2.600694061731224e-155,1.6493601739499423e-151,True,1.6493601739499423e-151,True,-4.963914525304821,-4.281386720310719,26.549527079798658
ENSG00000170323.9,FABP4,protein_coding,3229.15963121821,-5.854058650602385,0.2293633703302022,-25.52307564270009,1.0931567379358609e-143,5.199600023991922e-140,True,5.199600023991922e-140,True,-6.3036108564495805,-5.404506444755189,25.52307564270009
ENSG00000180440.4,SERTM1,protein_coding,355.68326186101626,-7.10695683838318,0.2813511163742254,-25.260098235864863,8.772643484078067e-141,3.338166298561386e-137,True,3.338166298561386e-137,True,-7.658405026476662,-6.555508650289698,25.260098235864863
ENSG00000022267.19,FHL1,protein_coding,7377.491208594201,-3.58803630593113,0.14431177310780693,-24.863087942594376,1.8667795921714417e-136,5.919558086775642e-133,True,5.919558086775642e-133,True,-3.8708873812224316,-3.3051852306398284,24.863087942594376
ENSG00000204305.14,AGER,protein_coding,44641.65084684571,-6.618309038065766,0.27197598030912584,-24.334167416341124,8.528732793356309e-131,2.0283458765799643e-127,True,2.0283458765799643e-127,True,-7.151381959471652,-6.085236116659879,24.334167416341124
ENSG00000102760.13,RGCC,protein_coding,6530.493520954943,-2.831668782908182,0.11872746781856532,-23.85015729667062,1.0088414434928073e-125,2.1326908115437947e-122,True,2.1326908115437947e-122,True,-3.06437461983257,-2.5989629459837937,23.85015729667062
ENSG00000186994.11,KANK3,protein_coding,539.5359926157366,-2.955897437403229,0.12481200926554165,-23.682796669945922,5.423856897642721e-124,1.031943013345504e-120,True,1.031943013345504e-120,True,-3.2005289755636905,-2.7112658992427674,23.682796669945922
ENSG00000131477.11,RAMP2,protein_coding,1838.44285041455,-2.721556183669298,0.11594595352494028,-23.47262755559541,7.766549735980181e-122,1.343330684334172e-118,True,1.343330684334172e-118,True,-2.948810252578181,-2.494302114760415,23.47262755559541
