sample,title,tissue,age (years),gender,smoking status,bi,pathological stage,pstage iorii,gene alteration status,myc,myc_copy,cluster,relapse,days before relapse/censor,months before relapse/censor,death,days before death/censor,exclude for prognosis analysis due to incomplete resection or adjuvant therapy,group,age
GSM773540,KH024,primary lung tumor,55,female,Never-smoker,0,II,II,ALK-fusion +,Low,1.263,Cluster1,relapsed,253,8.43333333333333,dead,437,exclude,,
GSM773541,KH081,primary lung tumor,38,female,Ever-smoker,140,II,II,ALK-fusion +,Low,1.064,Cluster1,relapsed,57,1.9,alive,743,none,,
GSM773542,KH007,primary lung tumor,30,male,Ever-smoker,600,II,II,ALK-fusion +,Low,1.192,Cluster1,not relapsed,2601,86.7,alive,2601,none,,
GSM773543,KH066,primary lung tumor,64,female,Never-smoker,0,II,II,ALK-fusion +,nd,.,Cluster1,not relapsed,1173,39.1,alive,1173,exclude,,
GSM773544,KH012,primary lung tumor,63,female,Never-smoker,0,II,II,ALK-fusion +,Low,0.969,Cluster1,not relapsed,2369,78.9666666666667,alive,2369,none,,
GSM773545,KH027,primary lung tumor,60,female,Never-smoker,0,II,II,ALK-fusion +,Low,1.188,Cluster1,not relapsed,1879,62.6333333333333,alive,1879,none,,
GSM773546,KH083,primary lung tumor,68,female,Never-smoker,0,II,II,ALK-fusion +,Low,0.884,Cluster1,not relapsed,606,20.2,alive,606,exclude,,
GSM773547,KH119,primary lung tumor,58,male,Ever-smoker,780,II,II,ALK-fusion +,Low,1.403,Cluster1,not relapsed,143,4.76666666666667,dead,300,none,,
GSM773548,KH244,primary lung tumor,63,female,Never-smoker,0,IA,I,ALK-fusion +,Low,1.281,Cluster1,not relapsed,1919,63.9666666666667,alive,1919,exclude,,
GSM773549,KH189,primary lung tumor,56,female,Never-smoker,0,IA,I,ALK-fusion +,Low,1.168,Cluster1,not relapsed,1835,61.1666666666667,alive,1835,none,,
GSM773550,KH259,primary lung tumor,34,female,Ever-smoker,300,IA,I,ALK-fusion +,Low,1.322,Cluster1,not relapsed,1828,60.9333333333333,alive,1828,none,,
GSM773551,KH020,primary lung tumor,75,female,Never-smoker,0,II,II,KRAS mutation +,Low,1.049,,relapsed,1359,45.3,dead,1841,none,,
GSM773552,KH029,primary lung tumor,60,male,Ever-smoker,2000,II,II,KRAS mutation +,Low,1.454,,relapsed,590,19.6666666666667,dead,639,none,,
GSM773553,KH014,primary lung tumor,46,female,Never-smoker,0,IB,I,KRAS mutation +,Low,0.974,,relapsed,438,14.6,dead,1311,none,,
GSM773554,KH067,primary lung tumor,60,female,Never-smoker,0,IB,I,KRAS mutation +,Low,1.149,,relapsed,861,28.7,alive,1098,none,,
GSM773555,KH058,primary lung tumor,61,male,Ever-smoker,880,IA,I,KRAS mutation +,Low,0.944,,relapsed,538,17.9333333333333,alive,1189,none,,
GSM773556,KH085,primary lung tumor,63,male,Ever-smoker,2300,IA,I,KRAS mutation +,Low,1.074,,relapsed,1462,48.7333333333333,alive,3863,none,,
GSM773557,KH054,primary lung tumor,47,male,Ever-smoker,1200,II,II,KRAS mutation +,Low,1.28,,not relapsed,1475,49.1666666666667,alive,1475,exclude,,
GSM773558,KH004,primary lung tumor,59,male,Ever-smoker,1230,II,II,KRAS mutation +,Low,1.419,,not relapsed,1856,61.8666666666667,alive,1856,none,,
GSM773559,KH022,primary lung tumor,64,male,Ever-smoker,1380,II,II,KRAS mutation +,Low,1.175,,not relapsed,3067,102.233333333333,alive,3067,none,,
GSM773560,KH068,primary lung tumor,60,male,Ever-smoker,820,II,II,KRAS mutation +,Low,0.987,,not relapsed,1142,38.0666666666667,alive,1142,none,,
GSM773561,KH139,primary lung tumor,61,male,Never-smoker,0,IB,I,KRAS mutation +,Low,1.184,,not relapsed,1825,60.8333333333333,alive,1825,none,,
GSM773562,KH154,primary lung tumor,53,female,Never-smoker,0,IB,I,KRAS mutation +,Low,1.069,,not relapsed,1610,53.6666666666667,alive,1610,none,,
GSM773563,KH129,primary lung tumor,53,male,Ever-smoker,360,IB,I,KRAS mutation +,Low,1.133,,not relapsed,2014,67.1333333333333,alive,2014,none,,
GSM773564,KH266,primary lung tumor,53,male,Ever-smoker,640,IB,I,KRAS mutation +,Low,1.037,,not relapsed,1826,60.8666666666667,alive,1826,none,,
GSM773565,KH232,primary lung tumor,67,male,Never-smoker,0,IB,I,KRAS mutation +,Low,1.148,,not relapsed,2191,73.0333333333333,alive,2191,none,,
GSM773566,KH222,primary lung tumor,69,female,Never-smoker,0,IB,I,KRAS mutation +,Low,1.03,,not relapsed,3342,111.4,alive,3342,none,,
GSM773567,KH168,primary lung tumor,64,male,Ever-smoker,810,IA,I,KRAS mutation +,Low,0.943,,not relapsed,1328,44.2666666666667,alive,1328,none,,
GSM773568,KH183,primary lung tumor,69,female,Never-smoker,0,IA,I,KRAS mutation +,Low,1.029,,not relapsed,2925,97.5,alive,2925,none,,
GSM773569,KH230,primary lung tumor,50,female,Never-smoker,0,IA,I,KRAS mutation +,Low,1.073,,not relapsed,2880,96,alive,2880,none,,
GSM773570,KH237,primary lung tumor,70,female,Never-smoker,0,IA,I,KRAS mutation +,Low,1.174,,not relapsed,1724,57.4666666666667,alive,1724,none,,
GSM773571,KH026,primary lung tumor,57,male,Never-smoker,0,II,II,EGFR/KRAS/ALK -,Low,1.09,Cluster1,relapsed,1638,54.6,alive,2765,none,GroupA,
GSM773572,KH035,primary lung tumor,58,male,Ever-smoker,820,II,II,EGFR/KRAS/ALK -,Low,1.177,Cluster1,relapsed,315,10.5,alive,1529,none,GroupA,
GSM773573,KH043,primary lung tumor,69,male,Ever-smoker,2040,II,II,EGFR/KRAS/ALK -,Low,1.066,Cluster1,relapsed,99,3.3,dead,221,none,GroupA,
GSM773574,KH077,primary lung tumor,61,male,Ever-smoker,840,II,II,EGFR/KRAS/ALK -,Low,1.033,Cluster1,relapsed,100,3.33333333333333,dead,546,none,GroupA,
GSM773575,KH060,primary lung tumor,68,male,Ever-smoker,960,II,II,EGFR/KRAS/ALK -,Low,1.057,Cluster1,relapsed,163,5.43333333333333,dead,346,none,GroupA,
GSM773576,KH063,primary lung tumor,64,female,Never-smoker,0,II,II,EGFR/KRAS/ALK -,Low,0.925,Cluster2,relapsed,196,6.53333333333333,dead,853,exclude,GroupB,
GSM773577,KH006,primary lung tumor,69,female,Never-smoker,0,II,II,EGFR/KRAS/ALK -,Low,1.036,Cluster2,relapsed,723,24.1,dead,2661,none,GroupB,
GSM773578,KH080,primary lung tumor,66,female,Never-smoker,0,II,II,EGFR/KRAS/ALK -,Low,0.989,Cluster1,relapsed,676,22.5333333333333,alive,817,exclude,GroupA,
GSM773579,KH036,primary lung tumor,68,male,Ever-smoker,980,II,II,EGFR/KRAS/ALK -,Low,1.133,Cluster1,relapsed,250,8.33333333333333,dead,425,none,GroupA,
GSM773580,KH059,primary lung tumor,69,male,Ever-smoker,2100,II,II,EGFR/KRAS/ALK -,Low,1.065,Cluster2,relapsed,1281,42.7,alive,1281,none,GroupB,
GSM773581,KH070,primary lung tumor,64,male,Ever-smoker,900,IB,I,EGFR/KRAS/ALK -,Low,0.965,Cluster1,relapsed,297,9.9,alive,1044,none,GroupA,
GSM773582,KH073,primary lung tumor,64,male,Ever-smoker,820,IB,I,EGFR/KRAS/ALK -,Low,1.45,Cluster1,relapsed,512,17.0666666666667,alive,565,none,GroupA,
GSM773583,KH048,primary lung tumor,66,male,Ever-smoker,740,IB,I,EGFR/KRAS/ALK -,Low,1.092,Cluster1,relapsed,635,21.1666666666667,dead,1059,exclude,GroupA,
GSM773584,KH148,primary lung tumor,64,male,Ever-smoker,1290,IB,I,EGFR/KRAS/ALK -,Low,1.157,Cluster1,relapsed,813,27.1,dead,1625,none,GroupA,
GSM773585,KH011,primary lung tumor,68,female,Never-smoker,0,IB,I,EGFR/KRAS/ALK -,Low,0.861,Cluster1,relapsed,1387,46.2333333333333,dead,1695,none,GroupA,
GSM773586,KH001,primary lung tumor,68,male,Ever-smoker,1720,IB,I,EGFR/KRAS/ALK -,High,2.12,Cluster1,relapsed,1144,38.1333333333333,alive,2976,none,GroupA,
GSM773587,KH049,primary lung tumor,63,male,Ever-smoker,800,IB,I,EGFR/KRAS/ALK -,Low,1.081,Cluster1,relapsed,258,8.6,dead,1143,none,GroupA,
GSM773588,KH094,primary lung tumor,58,female,Never-smoker,0,IB,I,EGFR/KRAS/ALK -,Low,0.988,Cluster2,relapsed,272,9.06666666666667,alive,1682,none,GroupB,
GSM773589,KH087,primary lung tumor,71,male,Ever-smoker,980,IB,I,EGFR/KRAS/ALK -,Low,1.168,Cluster1,relapsed,1052,35.0666666666667,dead,1242,none,GroupA,
GSM773590,KH090,primary lung tumor,52,female,Never-smoker,0,IB,I,EGFR/KRAS/ALK -,Low,0.973,Cluster1,relapsed,780,26,alive,2252,none,GroupA,
GSM773591,KH045,primary lung tumor,66,male,Ever-smoker,900,IA,I,EGFR/KRAS/ALK -,Low,0.952,Cluster1,relapsed,622,20.7333333333333,dead,943,none,GroupA,
GSM773592,KH018,primary lung tumor,66,female,Never-smoker,0,IA,I,EGFR/KRAS/ALK -,Low,1.121,Cluster1,relapsed,287,9.56666666666667,dead,1346,none,GroupA,
GSM773593,KH159,primary lung tumor,47,female,Never-smoker,0,IA,I,EGFR/KRAS/ALK -,Low,1.245,Cluster1,relapsed,1363,45.4333333333333,dead,1482,none,GroupA,
GSM773594,KH092,primary lung tumor,64,male,Never-smoker,0,IA,I,EGFR/KRAS/ALK -,Low,1.007,Cluster2,relapsed,198,6.6,alive,2386,exclude,GroupB,
GSM773595,KH041,primary lung tumor,54,male,Never-smoker,0,IA,I,EGFR/KRAS/ALK -,Low,1.212,Cluster2,relapsed,997,33.2333333333333,alive,1560,none,GroupB,
GSM773596,KH132,primary lung tumor,67,female,Never-smoker,0,IA,I,EGFR/KRAS/ALK -,Low,0.969,Cluster2,relapsed,656,21.8666666666667,dead,1001,none,GroupB,
GSM773597,KH117,primary lung tumor,54,female,Never-smoker,0,II,II,EGFR/KRAS/ALK -,Low,0.849,Cluster1,not relapsed,259,8.63333333333333,dead,259,none,GroupA,
GSM773598,KH013,primary lung tumor,65,male,Ever-smoker,1840,II,II,EGFR/KRAS/ALK -,Low,1.021,Cluster1,not relapsed,2289,76.3,alive,2289,none,GroupA,
GSM773599,KH017,primary lung tumor,49,female,Ever-smoker,390,II,II,EGFR/KRAS/ALK -,Low,1.026,Cluster1,not relapsed,1916,63.8666666666667,alive,1916,none,GroupA,
GSM773600,KH003,primary lung tumor,62,male,Ever-smoker,920,II,II,EGFR/KRAS/ALK -,Low,1.276,Cluster1,not relapsed,2048,68.2666666666667,alive,2048,exclude,GroupA,
GSM773601,KH046,primary lung tumor,61,male,Ever-smoker,840,II,II,EGFR/KRAS/ALK -,Low,1.075,Cluster1,not relapsed,1475,49.1666666666667,alive,1475,exclude,GroupA,
GSM773602,KH050,primary lung tumor,57,male,Ever-smoker,1520,II,II,EGFR/KRAS/ALK -,Low,1.02,Cluster2,not relapsed,1539,51.3,alive,1539,none,GroupB,
GSM773603,KH082,primary lung tumor,60,male,Ever-smoker,1200,II,II,EGFR/KRAS/ALK -,High,1.614,Cluster1,not relapsed,636,21.2,alive,636,none,GroupA,
GSM773604,KH118,primary lung tumor,46,male,Ever-smoker,540,II,II,EGFR/KRAS/ALK -,Low,0.932,Cluster1,not relapsed,318,10.6,alive,1275,none,GroupA,
GSM773605,KH015,primary lung tumor,52,male,Ever-smoker,1360,II,II,EGFR/KRAS/ALK -,Low,0.988,Cluster2,not relapsed,2005,66.8333333333333,alive,2005,none,GroupB,
GSM773606,KH016,primary lung tumor,54,female,Never-smoker,0,II,II,EGFR/KRAS/ALK -,Low,1.075,Cluster2,not relapsed,1965,65.5,alive,1965,none,GroupB,
GSM773607,KH125,primary lung tumor,58,female,Never-smoker,0,IB,I,EGFR/KRAS/ALK -,Low,1.052,Cluster2,not relapsed,2425,80.8333333333333,alive,2425,none,GroupB,
GSM773608,KH160,primary lung tumor,64,female,Never-smoker,0,IB,I,EGFR/KRAS/ALK -,Low,1.082,Cluster2,not relapsed,1566,52.2,alive,1566,none,GroupB,
GSM773609,KH171,primary lung tumor,65,female,Never-smoker,0,IB,I,EGFR/KRAS/ALK -,Low,1.009,Cluster2,not relapsed,990,33,alive,990,none,GroupB,
GSM773610,KH182,primary lung tumor,52,male,Ever-smoker,600,IB,I,EGFR/KRAS/ALK -,Low,1.101,Cluster2,not relapsed,729,24.3,alive,729,none,GroupB,
GSM773611,KH211,primary lung tumor,61,male,Never-smoker,0,IB,I,EGFR/KRAS/ALK -,Low,1.028,Cluster2,not relapsed,2354,78.4666666666667,alive,2354,none,GroupB,
GSM773612,KH180,primary lung tumor,61,male,Ever-smoker,1260,IB,I,EGFR/KRAS/ALK -,Low,1.048,Cluster2,not relapsed,818,27.2666666666667,alive,818,none,GroupB,
GSM773613,KH212,primary lung tumor,62,female,Ever-smoker,760,IB,I,EGFR/KRAS/ALK -,Low,0.984,Cluster1,not relapsed,2009,66.9666666666667,alive,2009,none,GroupA,
GSM773614,KH219,primary lung tumor,47,female,Ever-smoker,55,IB,I,EGFR/KRAS/ALK -,Low,0.87,Cluster2,not relapsed,2549,84.9666666666667,alive,2549,none,GroupB,
GSM773615,KH221,primary lung tumor,64,male,Ever-smoker,920,IB,I,EGFR/KRAS/ALK -,Low,1.12,Cluster1,not relapsed,3411,113.7,alive,3411,none,GroupA,
GSM773616,KH268,primary lung tumor,50,male,Ever-smoker,1085,IB,I,EGFR/KRAS/ALK -,High,2.268,Cluster1,not relapsed,1806,60.2,alive,1806,none,GroupA,
GSM773617,KH123,primary lung tumor,66,female,Never-smoker,0,IA,I,EGFR/KRAS/ALK -,Low,0.998,Cluster1,not relapsed,1937,64.5666666666667,alive,1937,none,GroupA,
GSM773618,KH161,primary lung tumor,56,male,Never-smoker,0,IA,I,EGFR/KRAS/ALK -,Low,1.012,Cluster2,not relapsed,1520,50.6666666666667,alive,1520,none,GroupB,
GSM773619,KH163,primary lung tumor,76,male,Ever-smoker,740,IA,I,EGFR/KRAS/ALK -,Low,0.966,Cluster2,not relapsed,1375,45.8333333333333,alive,1375,none,GroupB,
GSM773620,KH145,primary lung tumor,56,female,Never-smoker,0,IA,I,EGFR/KRAS/ALK -,Low,1.09,Cluster2,not relapsed,1756,58.5333333333333,alive,1756,none,GroupB,
GSM773621,KH152,primary lung tumor,53,male,Ever-smoker,1400,IA,I,EGFR/KRAS/ALK -,High,4.547,Cluster1,not relapsed,1597,53.2333333333333,alive,1597,none,GroupA,
GSM773622,KH153,primary lung tumor,57,male,Never-smoker,0,IA,I,EGFR/KRAS/ALK -,High,1.762,Cluster2,not relapsed,1714,57.1333333333333,alive,1714,none,GroupB,
GSM773623,KH155,primary lung tumor,61,female,Never-smoker,0,IA,I,EGFR/KRAS/ALK -,Low,1.138,Cluster2,not relapsed,1637,54.5666666666667,alive,1637,none,GroupB,
GSM773624,KH156,primary lung tumor,66,female,Never-smoker,0,IA,I,EGFR/KRAS/ALK -,Low,1.056,Cluster2,not relapsed,1653,55.1,alive,1653,none,GroupB,
GSM773625,KH177,primary lung tumor,66,male,Ever-smoker,840,IA,I,EGFR/KRAS/ALK -,Low,0.979,Cluster2,not relapsed,1196,39.8666666666667,alive,1196,none,GroupB,
GSM773626,KH147,primary lung tumor,57,male,Never-smoker,0,IA,I,EGFR/KRAS/ALK -,Low,1.188,Cluster2,not relapsed,1702,56.7333333333333,alive,1702,none,GroupB,
GSM773627,KH121,primary lung tumor,61,female,Never-smoker,0,IA,I,EGFR/KRAS/ALK -,Low,1.045,Cluster1,not relapsed,2050,68.3333333333333,alive,2050,none,GroupA,
GSM773628,KH172,primary lung tumor,63,male,Ever-smoker,720,IA,I,EGFR/KRAS/ALK -,Low,1.051,Cluster1,not relapsed,1256,41.8666666666667,alive,1256,none,GroupA,
GSM773629,KH179,primary lung tumor,60,male,Ever-smoker,1230,IA,I,EGFR/KRAS/ALK -,Low,1.039,Cluster2,not relapsed,818,27.2666666666667,alive,818,none,GroupB,
GSM773630,KH069,primary lung tumor,59,male,Ever-smoker,1200,IA,I,EGFR/KRAS/ALK -,Low,1.041,Cluster1,not relapsed,1154,38.4666666666667,alive,1154,none,GroupA,
GSM773631,KH228,primary lung tumor,55,female,Never-smoker,0,IA,I,EGFR/KRAS/ALK -,Low,0.988,Cluster2,not relapsed,3058,101.933333333333,alive,3058,none,GroupB,
GSM773632,KH233,primary lung tumor,52,male,Ever-smoker,100,IA,I,EGFR/KRAS/ALK -,Low,1.296,Cluster2,not relapsed,1941,64.7,alive,1941,none,GroupB,
GSM773633,KH243,primary lung tumor,68,female,Never-smoker,0,IA,I,EGFR/KRAS/ALK -,High,2.13,Cluster1,not relapsed,1596,53.2,alive,1596,none,GroupA,
GSM773634,KH247,primary lung tumor,55,male,Ever-smoker,720,IA,I,EGFR/KRAS/ALK -,Low,1.09,Cluster2,not relapsed,2450,81.6666666666667,alive,2450,none,GroupB,
GSM773635,KH256,primary lung tumor,64,female,Never-smoker,0,IA,I,EGFR/KRAS/ALK -,Low,1.122,Cluster2,not relapsed,1881,62.7,alive,1881,none,GroupB,
GSM773636,KH261,primary lung tumor,51,male,Ever-smoker,680,IA,I,EGFR/KRAS/ALK -,Low,1.308,Cluster1,not relapsed,1637,54.5666666666667,alive,1637,none,GroupA,
GSM773637,KH264,primary lung tumor,55,female,Never-smoker,0,IA,I,EGFR/KRAS/ALK -,Low,1.033,Cluster2,not relapsed,2034,67.8,alive,2034,none,GroupB,
GSM773638,KH265,primary lung tumor,65,female,Never-smoker,0,IA,I,EGFR/KRAS/ALK -,Low,0.996,Cluster2,not relapsed,2134,71.1333333333333,alive,2134,none,GroupB,
GSM773639,KH002,primary lung tumor,60,female,Never-smoker,0,II,II,EGFR mutation +,Low,1.027,,relapsed,461,15.3666666666667,dead,779,none,,
GSM773640,KH057,primary lung tumor,58,male,Ever-smoker,60,II,II,EGFR mutation +,Low,1.043,,relapsed,313,10.4333333333333,dead,540,none,,
GSM773641,KH061,primary lung tumor,68,male,Ever-smoker,190,II,II,EGFR mutation +,Low,1.483,,relapsed,540,18,alive,1317,none,,
GSM773642,KH031,primary lung tumor,65,female,Never-smoker,0,II,II,EGFR mutation +,High,1.655,,relapsed,341,11.3666666666667,alive,1980,none,,
GSM773643,KH008,primary lung tumor,66,male,Ever-smoker,940,II,II,EGFR mutation +,Low,1.222,,relapsed,631,21.0333333333333,dead,702,none,,
GSM773644,KH056,primary lung tumor,66,male,Ever-smoker,800,II,II,EGFR mutation +,Low,1.176,,relapsed,253,8.43333333333333,dead,564,none,,
GSM773645,KH021,primary lung tumor,62,male,Ever-smoker,1720,II,II,EGFR mutation +,Low,0.966,,relapsed,392,13.0666666666667,dead,788,exclude,,
GSM773646,KH047,primary lung tumor,58,female,Ever-smoker,720,II,II,EGFR mutation +,Low,0.851,,relapsed,480,16,alive,1463,exclude,,
GSM773647,KH038,primary lung tumor,49,male,Ever-smoker,750,II,II,EGFR mutation +,Low,0.732,,relapsed,613,20.4333333333333,dead,1345,none,,
GSM773648,KH078,primary lung tumor,61,male,Ever-smoker,340,II,II,EGFR mutation +,Low,0.999,,relapsed,790,26.3333333333333,alive,832,exclude,,
GSM773649,KH025,primary lung tumor,59,female,Never-smoker,0,II,II,EGFR mutation +,Low,1.15,,relapsed,825,27.5,alive,2687,none,,
GSM773650,KH033,primary lung tumor,53,female,Never-smoker,0,II,II,EGFR mutation +,Low,1.296,,relapsed,538,17.9333333333333,dead,1122,exclude,,
GSM773651,KH009,primary lung tumor,64,male,Ever-smoker,320,II,II,EGFR mutation +,Low,0.791,,relapsed,1725,57.5,alive,2668,none,,
GSM773652,KH032,primary lung tumor,67,female,Never-smoker,0,IB,I,EGFR mutation +,High,2.431,,relapsed,384,12.8,alive,1936,none,,
GSM773653,KH074,primary lung tumor,69,male,Ever-smoker,690,IB,I,EGFR mutation +,Low,1.034,,relapsed,587,19.5666666666667,alive,871,none,,
GSM773654,KH213,primary lung tumor,61,female,Never-smoker,0,IB,I,EGFR mutation +,Low,1.373,,relapsed,2282,76.0666666666667,alive,2671,none,,
GSM773655,KH052,primary lung tumor,64,female,Ever-smoker,260,IB,I,EGFR mutation +,Low,0.998,,relapsed,832,27.7333333333333,alive,1482,none,,
GSM773656,KH062,primary lung tumor,53,female,Never-smoker,0,IB,I,EGFR mutation +,Low,0.994,,relapsed,1126,37.5333333333333,alive,1128,none,,
GSM773657,KH089,primary lung tumor,71,female,Never-smoker,0,IB,I,EGFR mutation +,Low,1.157,,relapsed,772,25.7333333333333,dead,1042,none,,
GSM773658,KH010,primary lung tumor,52,male,Never-smoker,0,IB,I,EGFR mutation +,Low,1.07,,relapsed,495,16.5,dead,1229,none,,
GSM773659,KH023,primary lung tumor,52,female,Never-smoker,0,IB,I,EGFR mutation +,Low,0.974,,relapsed,1242,41.4,dead,2263,none,,
GSM773660,KH030,primary lung tumor,54,female,Never-smoker,0,IA,I,EGFR mutation +,Low,0.93,,relapsed,987,32.9,alive,1770,none,,
GSM773661,KH005,primary lung tumor,49,male,Ever-smoker,640,IA,I,EGFR mutation +,Low,1.009,,relapsed,827,27.5666666666667,dead,1433,none,,
GSM773662,KH037,primary lung tumor,68,female,Never-smoker,0,IA,I,EGFR mutation +,Low,0.871,,relapsed,1047,34.9,alive,1823,none,,
GSM773663,KH093,primary lung tumor,62,female,Never-smoker,0,IA,I,EGFR mutation +,Low,0.906,,relapsed,1706,56.8666666666667,alive,1988,none,,
GSM773664,KH051,primary lung tumor,63,female,Ever-smoker,20,IA,I,EGFR mutation +,Low,0.958,,relapsed,356,11.8666666666667,alive,1434,exclude,,
GSM773665,KH053,primary lung tumor,63,male,Ever-smoker,880,IA,I,EGFR mutation +,Low,1.172,,relapsed,463,15.4333333333333,dead,630,none,,
GSM773666,KH055,primary lung tumor,62,female,Never-smoker,0,IA,I,EGFR mutation +,Low,1.009,,relapsed,547,18.2333333333333,alive,1537,none,,
GSM773667,KH084,primary lung tumor,57,female,Ever-smoker,340,IA,I,EGFR mutation +,High,1.653,,relapsed,1252,41.7333333333333,dead,1429,none,,
GSM773668,KH086,primary lung tumor,39,female,Ever-smoker,100,IA,I,EGFR mutation +,High,1.745,,relapsed,567,18.9,dead,1038,none,,
GSM773669,KH028,primary lung tumor,55,female,Never-smoker,0,II,II,EGFR mutation +,Low,1.005,,not relapsed,2486,82.8666666666667,alive,2486,none,,
GSM773670,KH075,primary lung tumor,47,male,Ever-smoker,270,II,II,EGFR mutation +,High,1.665,,not relapsed,740,24.6666666666667,alive,740,exclude,,
GSM773671,KH065,primary lung tumor,64,female,Never-smoker,0,II,II,EGFR mutation +,nd,.,,not relapsed,1042,34.7333333333333,alive,1042,none,,
GSM773672,KH064,primary lung tumor,60,female,Ever-smoker,540,II,II,EGFR mutation +,Low,1,,not relapsed,1267,42.2333333333333,alive,1267,exclude,,
GSM773673,KH072,primary lung tumor,48,female,Never-smoker,0,II,II,EGFR mutation +,Low,1.005,,not relapsed,1017,33.9,alive,1017,none,,
GSM773674,KH071,primary lung tumor,60,male,Ever-smoker,860,II,II,EGFR mutation +,Low,1.108,,not relapsed,1041,34.7,alive,1041,exclude,,
GSM773675,KH034,primary lung tumor,52,male,Ever-smoker,260,II,II,EGFR mutation +,Low,1.087,,not relapsed,1859,61.9666666666667,alive,1859,exclude,,
GSM773676,KH039,primary lung tumor,48,female,Never-smoker,0,II,II,EGFR mutation +,Low,1.019,,not relapsed,1717,57.2333333333333,alive,1717,none,,
GSM773677,KH044,primary lung tumor,60,female,Never-smoker,0,II,II,EGFR mutation +,Low,1.128,,not relapsed,1494,49.8,alive,1494,none,,
GSM773678,KH079,primary lung tumor,49,male,Ever-smoker,1500,II,II,EGFR mutation +,Low,1.005,,not relapsed,754,25.1333333333333,alive,754,none,,
GSM773679,KH116,primary lung tumor,63,male,Ever-smoker,880,II,II,EGFR mutation +,Low,1.003,,not relapsed,403,13.4333333333333,alive,2364,none,,
GSM773680,KH120,primary lung tumor,68,male,Ever-smoker,290,IB,I,EGFR mutation +,Low,1.26,,not relapsed,1733,57.7666666666667,alive,1733,none,,
GSM773681,KH133,primary lung tumor,58,female,Never-smoker,0,IB,I,EGFR mutation +,Low,1.047,,not relapsed,1941,64.7,alive,1941,none,,
GSM773682,KH181,primary lung tumor,68,male,Ever-smoker,260,IB,I,EGFR mutation +,Low,1.121,,not relapsed,774,25.8,alive,774,none,,
GSM773683,KH185,primary lung tumor,64,female,Never-smoker,0,IB,I,EGFR mutation +,Low,1.181,,not relapsed,2913,97.1,alive,2913,none,,
GSM773684,KH143,primary lung tumor,58,male,Ever-smoker,110,IB,I,EGFR mutation +,Low,1.051,,not relapsed,1803,60.1,alive,1803,none,,
GSM773685,KH135,primary lung tumor,62,male,Ever-smoker,90,IB,I,EGFR mutation +,Low,1.108,,not relapsed,1912,63.7333333333333,alive,1912,none,,
GSM773686,KH162,primary lung tumor,66,female,Never-smoker,0,IB,I,EGFR mutation +,Low,1.028,,not relapsed,1481,49.3666666666667,alive,1481,none,,
GSM773687,KH173,primary lung tumor,68,female,Ever-smoker,700,IB,I,EGFR mutation +,Low,1.079,,not relapsed,1231,41.0333333333333,alive,1231,none,,
GSM773688,KH136,primary lung tumor,68,male,Never-smoker,0,IB,I,EGFR mutation +,Low,0.97,,not relapsed,1964,65.4666666666667,alive,1964,none,,
GSM773689,KH215,primary lung tumor,72,male,Ever-smoker,280,IB,I,EGFR mutation +,Low,0.949,,not relapsed,3352,111.733333333333,alive,3352,none,,
GSM773690,KH216,primary lung tumor,62,male,Ever-smoker,860,IB,I,EGFR mutation +,Low,1.088,,not relapsed,2158,71.9333333333333,alive,2158,none,,
GSM773691,KH217,primary lung tumor,67,female,Never-smoker,0,IB,I,EGFR mutation +,Low,0.915,,not relapsed,3466,115.533333333333,alive,3466,none,,
GSM773692,KH218,primary lung tumor,52,male,Never-smoker,0,IB,I,EGFR mutation +,Low,1.104,,not relapsed,3263,108.766666666667,alive,3263,none,,
GSM773693,KH122,primary lung tumor,67,female,Never-smoker,0,IB,I,EGFR mutation +,Low,0.968,,not relapsed,1823,60.7666666666667,alive,1823,none,,
GSM773694,KH130,primary lung tumor,59,female,Never-smoker,0,IB,I,EGFR mutation +,Low,1.088,,not relapsed,1856,61.8666666666667,alive,1856,none,,
GSM773695,KH231,primary lung tumor,70,female,Never-smoker,0,IB,I,EGFR mutation +,Low,1.148,,not relapsed,2449,81.6333333333333,alive,2449,none,,
GSM773696,KH257,primary lung tumor,59,male,Ever-smoker,840,IB,I,EGFR mutation +,Low,1.356,,not relapsed,1859,61.9666666666667,alive,1859,none,,
GSM773697,KH234,primary lung tumor,56,male,Ever-smoker,220,IB,I,EGFR mutation +,Low,1.09,,not relapsed,1998,66.6,alive,1998,none,,
GSM773698,KH140,primary lung tumor,69,female,Ever-smoker,170,IA,I,EGFR mutation +,High,2.004,,not relapsed,1852,61.7333333333333,alive,1852,none,,
GSM773699,KH141,primary lung tumor,61,female,Ever-smoker,310,IA,I,EGFR mutation +,Low,1.075,,not relapsed,1894,63.1333333333333,alive,1894,none,,
GSM773700,KH142,primary lung tumor,54,female,Never-smoker,0,IA,I,EGFR mutation +,Low,1.048,,not relapsed,1861,62.0333333333333,alive,1861,none,,
GSM773701,KH144,primary lung tumor,64,female,Never-smoker,0,IA,I,EGFR mutation +,Low,1.005,,not relapsed,1669,55.6333333333333,alive,1669,exclude,,
GSM773702,KH095,primary lung tumor,45,female,Never-smoker,0,IA,I,EGFR mutation +,High,1.687,,not relapsed,3189,106.3,alive,3189,none,,
GSM773703,KH126,primary lung tumor,55,female,Never-smoker,0,IA,I,EGFR mutation +,Low,1.166,,not relapsed,1822,60.7333333333333,alive,1822,none,,
GSM773704,KH137,primary lung tumor,61,female,Never-smoker,0,IA,I,EGFR mutation +,Low,0.973,,not relapsed,1809,60.3,alive,1809,none,,
GSM773705,KH190,primary lung tumor,65,female,Never-smoker,0,IA,I,EGFR mutation +,Low,1.09,,not relapsed,2552,85.0666666666667,alive,2552,none,,
GSM773706,KH227,primary lung tumor,65,male,Never-smoker,0,IA,I,EGFR mutation +,Low,1.18,,not relapsed,2968,98.9333333333333,alive,2968,none,,
GSM773707,KH271,primary lung tumor,47,male,Ever-smoker,170,IA,I,EGFR mutation +,Low,1.004,,not relapsed,3066,102.2,alive,3066,none,,
GSM773708,KH167,primary lung tumor,60,female,Never-smoker,0,IA,I,EGFR mutation +,Low,0.706,,not relapsed,1412,47.0666666666667,alive,1412,none,,
GSM773709,KH170,primary lung tumor,55,male,Ever-smoker,1400,IA,I,EGFR mutation +,Low,1.024,,not relapsed,1317,43.9,alive,1317,none,,
GSM773710,KH174,primary lung tumor,61,female,Never-smoker,0,IA,I,EGFR mutation +,Low,1.073,,not relapsed,1180,39.3333333333333,alive,1180,none,,
GSM773711,KH150,primary lung tumor,67,male,Ever-smoker,1470,IA,I,EGFR mutation +,Low,0.911,,not relapsed,1688,56.2666666666667,alive,1688,none,,
GSM773712,KH165,primary lung tumor,69,male,Ever-smoker,820,IA,I,EGFR mutation +,Low,1.017,,not relapsed,1417,47.2333333333333,alive,1417,none,,
GSM773713,KH166,primary lung tumor,65,female,Never-smoker,0,IA,I,EGFR mutation +,Low,0.987,,not relapsed,1426,47.5333333333333,alive,1426,none,,
GSM773714,KH042,primary lung tumor,65,male,Ever-smoker,50,IA,I,EGFR mutation +,Low,1.063,,not relapsed,1489,49.6333333333333,alive,1674,none,,
GSM773715,KH124,primary lung tumor,56,female,Never-smoker,0,IA,I,EGFR mutation +,Low,1.024,,not relapsed,1848,61.6,alive,1848,none,,
GSM773716,KH127,primary lung tumor,65,female,Ever-smoker,70,IA,I,EGFR mutation +,Low,1.29,,not relapsed,1856,61.8666666666667,alive,1856,none,,
GSM773717,KH131,primary lung tumor,56,female,Never-smoker,0,IA,I,EGFR mutation +,Low,0.778,,not relapsed,1780,59.3333333333333,alive,1780,none,,
GSM773718,KH128,primary lung tumor,59,male,Never-smoker,0,IA,I,EGFR mutation +,Low,1.454,,not relapsed,2084,69.4666666666667,alive,2084,none,,
GSM773719,KH134,primary lung tumor,56,male,Ever-smoker,740,IA,I,EGFR mutation +,High,1.616,,not relapsed,1879,62.6333333333333,alive,1879,none,,
GSM773720,KH138,primary lung tumor,63,female,Ever-smoker,860,IA,I,EGFR mutation +,Low,1.028,,not relapsed,1114,37.1333333333333,alive,1114,none,,
GSM773721,KH270,primary lung tumor,49,male,Ever-smoker,750,IA,I,EGFR mutation +,Low,0.94,,not relapsed,2806,93.5333333333333,alive,2806,none,,
GSM773722,KH149,primary lung tumor,58,female,Never-smoker,0,IA,I,EGFR mutation +,Low,1.049,,not relapsed,1663,55.4333333333333,alive,1663,none,,
GSM773723,KH151,primary lung tumor,62,male,Ever-smoker,210,IA,I,EGFR mutation +,Low,1.032,,not relapsed,1726,57.5333333333333,alive,1726,none,,
GSM773724,KH157,primary lung tumor,68,female,Never-smoker,0,IA,I,EGFR mutation +,Low,1.052,,not relapsed,1629,54.3,alive,1629,none,,
GSM773725,KH186,primary lung tumor,66,female,Never-smoker,0,IA,I,EGFR mutation +,Low,1.004,,not relapsed,2179,72.6333333333333,alive,2179,none,,
GSM773726,KH188,primary lung tumor,57,female,Ever-smoker,240,IA,I,EGFR mutation +,Low,1.022,,not relapsed,1917,63.9,alive,1917,none,,
GSM773727,KH164,primary lung tumor,57,female,Never-smoker,0,IA,I,EGFR mutation +,Low,0.998,,not relapsed,1446,48.2,alive,1446,none,,
GSM773728,KH175,primary lung tumor,52,female,Ever-smoker,135,IA,I,EGFR mutation +,Low,0.857,,not relapsed,1162,38.7333333333333,alive,1162,none,,
GSM773729,KH176,primary lung tumor,65,female,Never-smoker,0,IA,I,EGFR mutation +,Low,1.431,,not relapsed,1231,41.0333333333333,alive,1231,none,,
GSM773730,KH178,primary lung tumor,65,male,Ever-smoker,820,IA,I,EGFR mutation +,Low,1.172,,not relapsed,941,31.3666666666667,alive,941,none,,
GSM773731,KH158,primary lung tumor,50,female,Never-smoker,0,IA,I,EGFR mutation +,Low,0.961,,not relapsed,1623,54.1,alive,1623,none,,
GSM773732,KH184,primary lung tumor,53,female,Never-smoker,0,IA,I,EGFR mutation +,Low,1.177,,not relapsed,1855,61.8333333333333,alive,1855,none,,
GSM773733,KH169,primary lung tumor,53,female,Never-smoker,0,IA,I,EGFR mutation +,Low,1.196,,not relapsed,1404,46.8,alive,1404,none,,
GSM773734,KH187,primary lung tumor,66,female,Ever-smoker,620,IA,I,EGFR mutation +,Low,1.125,,not relapsed,2221,74.0333333333333,alive,2221,none,,
GSM773735,KH146,primary lung tumor,62,female,Never-smoker,0,IA,I,EGFR mutation +,Low,1.161,,not relapsed,849,28.3,alive,849,none,,
GSM773736,KH076,primary lung tumor,66,female,Never-smoker,0,IA,I,EGFR mutation +,Low,0.955,,not relapsed,831,27.7,alive,831,none,,
GSM773737,KH214,primary lung tumor,35,male,Ever-smoker,390,IA,I,EGFR mutation +,Low,0.999,,not relapsed,3219,107.3,alive,3219,none,,
GSM773738,KH220,primary lung tumor,59,female,Never-smoker,0,IA,I,EGFR mutation +,Low,1.027,,not relapsed,2585,86.1666666666667,alive,2585,none,,
GSM773739,KH223,primary lung tumor,67,female,Never-smoker,0,IA,I,EGFR mutation +,Low,1.141,,not relapsed,2442,81.4,alive,2442,none,,
GSM773740,KH224,primary lung tumor,56,female,Ever-smoker,259,IA,I,EGFR mutation +,Low,1.148,,not relapsed,1910,63.6666666666667,alive,1910,none,,
GSM773741,KH225,primary lung tumor,62,female,Never-smoker,0,IA,I,EGFR mutation +,Low,1.179,,not relapsed,1834,61.1333333333333,alive,1834,none,,
GSM773742,KH226,primary lung tumor,46,female,Never-smoker,0,IA,I,EGFR mutation +,Low,1.267,,not relapsed,2918,97.2666666666667,alive,2918,exclude,,
GSM773743,KH229,primary lung tumor,67,female,Never-smoker,0,IA,I,EGFR mutation +,Low,0.944,,not relapsed,2285,76.1666666666667,alive,2285,none,,
GSM773744,KH235,primary lung tumor,62,male,Ever-smoker,1680,IA,I,EGFR mutation +,Low,1.111,,not relapsed,2149,71.6333333333333,alive,2149,none,,
GSM773745,KH236,primary lung tumor,63,male,Ever-smoker,680,IA,I,EGFR mutation +,Low,1.029,,not relapsed,2561,85.3666666666667,alive,2561,none,,
GSM773746,KH238,primary lung tumor,52,female,Ever-smoker,700,IA,I,EGFR mutation +,Low,1.15,,not relapsed,1947,64.9,alive,1947,none,,
GSM773747,KH239,primary lung tumor,60,female,Never-smoker,0,IA,I,EGFR mutation +,Low,1.026,,not relapsed,1841,61.3666666666667,alive,1841,none,,
GSM773748,KH240,primary lung tumor,47,female,Never-smoker,0,IA,I,EGFR mutation +,Low,1.245,,not relapsed,1971,65.7,alive,1971,none,,
GSM773749,KH241,primary lung tumor,56,male,Ever-smoker,760,IA,I,EGFR mutation +,Low,1.079,,not relapsed,2409,80.3,alive,2409,none,,
GSM773750,KH245,primary lung tumor,56,female,Never-smoker,0,IA,I,EGFR mutation +,Low,1.155,,not relapsed,1624,54.1333333333333,alive,1624,none,,
GSM773751,KH246,primary lung tumor,63,female,Ever-smoker,390,IA,I,EGFR mutation +,Low,1.203,,not relapsed,2430,81,alive,2430,none,,
GSM773752,KH248,primary lung tumor,59,male,Ever-smoker,800,IA,I,EGFR mutation +,High,2.173,,not relapsed,1856,61.8666666666667,alive,1856,none,,
GSM773753,KH249,primary lung tumor,62,female,Never-smoker,0,IA,I,EGFR mutation +,Low,0.939,,not relapsed,1516,50.5333333333333,alive,1516,none,,
GSM773754,KH250,primary lung tumor,50,male,Ever-smoker,700,IA,I,EGFR mutation +,Low,1.224,,not relapsed,1819,60.6333333333333,alive,1819,none,,
GSM773755,KH251,primary lung tumor,55,male,Never-smoker,0,IA,I,EGFR mutation +,High,2.889,,not relapsed,2413,80.4333333333333,alive,2413,none,,
GSM773756,KH252,primary lung tumor,54,female,Ever-smoker,460,IA,I,EGFR mutation +,Low,1.414,,not relapsed,1849,61.6333333333333,alive,1849,none,,
GSM773757,KH253,primary lung tumor,65,male,Never-smoker,0,IA,I,EGFR mutation +,Low,1.082,,not relapsed,2181,72.7,alive,2181,none,,
GSM773758,KH254,primary lung tumor,66,male,Ever-smoker,1120,IA,I,EGFR mutation +,Low,1.046,,not relapsed,2168,72.2666666666667,alive,2168,none,,
GSM773759,KH255,primary lung tumor,62,female,Never-smoker,0,IA,I,EGFR mutation +,Low,1.418,,not relapsed,2154,71.8,alive,2154,none,,
GSM773760,KH258,primary lung tumor,64,female,Never-smoker,0,IA,I,EGFR mutation +,Low,1.035,,not relapsed,2073,69.1,alive,2073,none,,
GSM773761,KH260,primary lung tumor,64,female,Never-smoker,0,IA,I,EGFR mutation +,Low,1.19,,not relapsed,1994,66.4666666666667,alive,1994,none,,
GSM773762,KH262,primary lung tumor,61,male,Never-smoker,0,IA,I,EGFR mutation +,High,2.335,,not relapsed,2137,71.2333333333333,alive,2137,none,,
GSM773763,KH263,primary lung tumor,58,female,Never-smoker,0,IA,I,EGFR mutation +,Low,0.877,,not relapsed,1998,66.6,alive,1998,none,,
GSM773764,KH267,primary lung tumor,49,male,Ever-smoker,300,IA,I,EGFR mutation +,Low,1.32,,not relapsed,1908,63.6,alive,1908,none,,
GSM773765,KH269,primary lung tumor,58,male,Ever-smoker,620,IA,I,EGFR mutation +,Low,1.11,,not relapsed,1660,55.3333333333333,alive,1660,none,,
GSM773766,KH191,normal lung,30,male,Ever-smoker,,,,,,,,,,,,,,,
GSM773767,KH192,normal lung,64,male,Ever-smoker,,,,,,,,,,,,,,,
GSM773768,KH193,normal lung,49,female,Ever-smoker,,,,,,,,,,,,,,,
GSM773769,KH194,normal lung,48,female,Never-smoker,,,,,,,,,,,,,,,
GSM773770,KH195,normal lung,38,female,Ever-smoker,,,,,,,,,,,,,,,
GSM773771,KH196,normal lung,59,female,Never-smoker,,,,,,,,,,,,,,,
GSM773772,KH197,normal lung,57,male,Never-smoker,,,,,,,,,,,,,,,
GSM773773,KH198,normal lung,68,male,Ever-smoker,,,,,,,,,,,,,,,
GSM773774,KH199,normal lung,59,female,Never-smoker,,,,,,,,,,,,,,,
GSM773775,KH200,normal lung,61,female,Ever-smoker,,,,,,,,,,,,,,,
GSM773776,KH201,normal lung,,male,Never-smoker,0,,,,,,,,,,,,,,54
GSM773777,KH202,normal lung,56,male,Never-smoker,,,,,,,,,,,,,,,
GSM773778,KH203,normal lung,62,female,Never-smoker,,,,,,,,,,,,,,,
GSM773779,KH204,normal lung,64,male,Ever-smoker,,,,,,,,,,,,,,,
GSM773780,KH205,normal lung,39,female,Ever-smoker,,,,,,,,,,,,,,,
GSM773781,KH206,normal lung,67,male,Never-smoker,,,,,,,,,,,,,,,
GSM773782,KH207,normal lung,,male,Ever-smoker,2380,,,,,,,,,,,,,,89
GSM773783,KH208,normal lung,,male,Ever-smoker,800,,,,,,,,,,,,,,75
GSM773784,KH209,normal lung,,male,Ever-smoker,800,,,,,,,,,,,,,,70
GSM773785,KH210,normal lung,,female,Ever-smoker,1000,,,,,,,,,,,,,,74
