,PYCR1,SLC6A4,RTKN2,FABP4,SERTM1,FHL1,AGER,RGCC,KANK3,RAMP2
GSM773540,8.952890895378637,2.1609885234319917,4.976901770161328,5.483260778161531,5.273591416614926,5.680113434424181,6.021262025884094,6.852157931773416,6.2439426446578015,5.714632108136271
GSM773541,8.869019118226765,3.318193640715208,5.3958331712617635,8.216218193208391,5.118221746274518,7.367054785553007,8.40258468417918,8.415409058545771,6.444436327162165,5.466003677150879
GSM773542,8.044651486311539,3.6565526859414903,4.046609140785696,4.7213766499757615,3.71850158679961,6.328158881108623,4.514557717562022,7.750888360961202,5.536307215009987,6.2940591831340145
GSM773543,9.859193872520171,4.976818471852139,6.764876639578716,4.185241742164673,5.445529868504251,7.4396386534944,9.282127883743815,7.570727803174349,7.664824060533044,6.202852071173828
GSM773544,7.68074700345111,4.6106135929508385,4.961157771772461,3.6974889238725748,4.477194578546424,7.422090971019219,6.219228750983259,8.049210691828508,6.628365483378801,5.141816139797637
GSM773545,8.97995444370427,8.298447120321903,6.660465482270638,7.956427245767873,7.02041522503984,9.860904961980058,11.000578267368507,9.598422461494026,8.176683650621255,6.716876242220583
GSM773546,9.643114093021962,3.548998540637701,5.026279919888449,4.756291430485355,4.281765005651376,7.590830107385161,4.842892511279239,7.9121939942865,5.62811886897841,5.876300734838569
GSM773547,8.239187499509864,6.718558058721416,6.669220906908538,8.414933773901296,6.754355196445208,9.452142714578295,10.513331007579591,8.991246924436586,8.221394700762986,6.658201126735372
GSM773548,10.022325363876794,5.068314675745808,4.318091951387944,6.667438485497772,5.702365096531496,7.824888549972352,7.299076126128681,8.87512639421507,7.796448698488154,6.449430139518928
GSM773549,9.335199620481816,8.719917279847625,6.889954588006592,7.7031394715342545,6.863802212855247,8.941429715548985,10.256284183349912,8.548497513123156,7.658642084380371,6.459940079028331
GSM773550,8.555442705112714,3.7461216948145535,3.0818124237121034,3.295985445042296,3.895828314201391,7.644161675460087,3.9947819874995973,8.370537269885613,6.595907303234945,5.92509958916413
GSM773551,8.600197634797782,4.645119156004362,5.056993343886284,6.64329274880234,5.51136078829529,8.684949954728879,7.482778686179727,9.256456154367108,7.267082262867796,6.190396187639866
GSM773552,9.831737612658136,3.3971476312962907,5.309994689350546,4.695832431350424,5.0161320344164855,7.783292102218534,4.5522398821194034,7.3030555186729265,6.403035038319698,5.74004273461573
GSM773553,9.205270315110791,3.163536005411221,5.739587221340662,5.0207445770920085,4.9984999446851,8.72230091066795,9.581946694635704,8.051272689595535,7.391441234777083,6.424967927303933
GSM773554,9.344714450712793,6.501779816914038,6.5415222557557975,5.214634279203423,5.146636732176325,7.968834561530089,9.56978013800628,8.550423638589676,7.436644839369975,6.464704856631064
GSM773555,9.857247646076237,3.1399324527421,5.067469198126734,4.79100492258652,4.39784949966159,6.083099426216682,2.7772742391899303,6.942303887779297,7.1316919541786135,6.570451546077072
GSM773556,9.77101878362408,1.5146705284357245,5.314046779733872,3.403786179901311,4.82593767218448,7.0081975964324865,4.675171895668784,7.287846144320663,5.993119773035499,5.930620261657654
GSM773557,9.235026935931373,3.2944278423443953,5.224314243607875,5.09936172042239,5.279120385377407,6.865327231707579,7.247408119739919,8.750438198264591,7.1139338182195235,6.189995300627462
GSM773558,10.101423954498644,3.6252598276208476,4.20684122226775,5.428861039807366,0.8935882088123459,6.995221730332444,2.913211636123765,7.43668561488913,8.197539162082563,5.253579007662866
GSM773559,10.090947088290612,1.8681109380338896,3.65389298144213,5.486720306112561,2.8638661156861795,6.655085280733718,4.468043155978811,7.486462916766755,6.979679213057115,5.698292945152857
GSM773560,9.288286573311382,3.517460184662425,5.717822092469529,8.853120630098399,3.4652261580183032,8.858486386867702,5.024458731119423,7.3476890017794965,7.792054608787962,6.038149712578147
GSM773561,8.004458133207049,5.748537710783878,6.136713810961538,7.508897222583212,4.46524601339464,9.6094777739931,7.403005679779054,7.957450844446694,8.486436199500991,7.170609017348318
GSM773562,9.292200137577673,7.520048244588112,6.39557050614747,6.6132504568366235,5.4705516693974,8.720899069727027,8.2107235497231,8.958518237674761,8.48048042757622,6.885900227301116
GSM773563,9.948723042746273,4.829252200003921,3.92893166446218,5.7239651193161105,3.728038369648417,7.486701938976607,5.975406012397084,7.649877866889663,6.694630345403155,5.886913701632594
GSM773564,9.137976574336259,5.669165436415601,4.581332973622631,7.327278317212531,4.727603081189163,8.959848416739373,8.319475229553463,8.858538305719618,7.835308991868183,6.072745950854716
GSM773565,8.938920889615847,2.5806727869232695,5.454949969769231,5.2440261144350515,4.588667869021393,7.344499774079388,4.456114276625987,7.4141615153733555,6.053052019615742,5.366718070425678
GSM773566,8.438816798098172,3.5114244410753437,5.532112227283523,7.836803577393599,4.36144764690981,9.444237891553504,8.25631652133132,8.190042479582376,7.275646375181011,6.157185425329619
GSM773567,8.513511668936054,5.102498828287493,6.748784723116481,8.079607609265281,4.802187373756529,9.503046883527752,8.705027115404654,9.344143793755011,8.452074409517051,6.513885158855676
GSM773568,9.2924270124188,2.6693999767795957,2.7449989480900343,7.65500402945448,4.817497297573502,8.634378186122678,6.2443942472610665,8.982828387662638,6.899997307159679,6.044490514397569
GSM773569,8.15262100939869,6.1112676512033834,3.4501083921878886,6.269158832652535,3.4086861857197253,8.821399820144668,7.920395552051094,8.165411642067403,7.276412264022801,6.029472542704286
GSM773570,8.137982976231092,3.252461417347677,5.687986664783539,6.264024987427616,4.529947348556651,8.716828528184433,5.871792246727586,8.955156065480859,8.110035045533303,4.964364435951329
GSM773571,8.931057473911629,2.552774535728469,3.5892999153183522,3.585019839522638,4.423513564226062,8.157731098467782,4.375794803319053,8.808447018189687,6.660394442066174,5.16300835806005
GSM773572,8.986286343825817,3.908099596361897,5.129536884416893,6.3981877026692615,3.3409195517179193,7.622397409258889,7.035800329565449,7.631518253428314,6.741389186636285,6.149550615122068
GSM773573,8.886683046679105,3.957260518011639,2.683598993387278,4.817733047777146,4.581247109031472,7.857496024200098,2.926613875540408,7.885646604798784,6.425831210033095,5.262034316699385
GSM773574,9.50969841477947,2.137701818524815,3.5186126413559116,6.512913676416225,3.9603613906645334,7.911804914886178,3.943972708629625,8.437259205941558,7.2279392441434345,5.883838694678172
GSM773575,9.130277875801024,3.922405726671659,5.506018332329294,3.805419090330891,3.195223798436172,7.2765570995576265,7.595926715677005,9.371845388861702,6.887029380955528,6.015812540257696
GSM773576,8.690993192445989,3.4521322675979325,3.898866732258094,9.628876688668763,2.653001298909581,9.786197686211562,4.78538280823604,9.101474107714834,8.630237633672142,7.3522968851587365
GSM773577,8.881143640416242,5.512724797868135,6.693907573736345,9.971462155080477,6.5094150337259435,9.045945321318467,7.539196071491546,9.01357368059338,9.095197616425416,5.763507449949468
GSM773578,9.310762496100772,5.578739124889076,4.441622721251783,7.90161194431445,5.918001798510058,8.012730210395627,8.012664933884937,8.215491192631768,7.385797963136938,5.643977313365661
GSM773579,9.053416573223295,5.30685943477031,5.8460557057905636,6.734541341725115,4.677187532552929,8.68696380709823,9.492747512354955,8.876588679738909,7.409822491995709,6.34977642672373
GSM773580,9.252471483359358,4.0386830844321775,4.527409491087506,7.405031146064427,4.354609285604836,8.290237554160646,8.074845896279763,8.794028252886614,8.157901824072407,6.999467062451993
GSM773581,10.056245357085164,1.3285906010207957,4.250036958477322,5.9997277033916925,4.2822202703175165,6.722049242584329,4.833740086341966,7.002295165431138,5.998119213444727,6.003481032613489
GSM773582,9.956088896565108,2.4555994327198447,5.355367494199021,4.840580888653559,4.449092703223045,6.732607750079455,2.9406161114909892,6.494921481038041,6.030392805013582,5.957623059369121
GSM773583,8.682747443948239,3.333554783353599,5.820223473169529,6.1751954301754175,4.854713423882327,8.065982986260071,7.246591404123283,8.128398689882937,7.45484920214825,6.2657571760018955
GSM773584,9.983003696333498,4.299327620700601,5.915698209558126,6.385248543266343,1.6750747509680357,7.9342248822829,3.967881450294032,8.963755134230668,7.135872397602626,6.441277631198102
GSM773585,9.575960459854535,5.059480989955392,6.065087164132297,5.156742267610553,5.329192391825233,8.25695440778792,7.792659836315072,8.355494960859009,7.818084833288526,6.5529979407141274
GSM773586,10.113375065438131,2.5539037634608084,4.967589453528108,5.236100981167415,4.530287155226182,7.04856712602705,4.694142583290974,8.337774774861726,5.477643008109904,6.221320693480451
GSM773587,9.499867407787944,3.5687367409773354,5.100754457350056,6.680244416481273,3.5646618016006255,8.761074849882034,6.750258124078729,8.141204535448816,6.925676555688002,6.426822768446867
GSM773588,8.184136454203818,6.452449558338915,4.428312960353569,10.474033234988617,5.193152631332934,10.50342171330158,6.504626366025571,9.877299028193109,9.679801626323723,7.357095284164563
GSM773589,9.290927044054419,5.736616652392968,6.253125976559195,5.988523012183403,5.494484671208992,7.9215335196372125,8.474138295737422,8.158479398565591,7.269083467798315,5.708111898218516
GSM773590,8.892361273057363,2.6397320628334366,5.306646578959768,6.005848270925625,4.248088554780457,7.39857219085837,4.4547930597583205,7.956029864689799,7.08789240338971,6.353431983270093
GSM773591,9.56200004636179,5.123486704881747,5.846166953209126,4.745342431713827,5.744350732905866,7.97567824163324,7.6890016041273626,8.135508265347795,7.167352909450621,5.011889177555221
GSM773592,9.451876453000368,2.2137707235034596,6.228989885489105,5.342880809436689,4.690621695634162,7.124771498668764,3.1184682716815706,8.296401797468384,6.375176220162784,6.257621483793162
GSM773593,8.883846219776622,6.015653273944661,4.576855005703081,4.096362344377823,5.493671316787801,8.021342261172496,6.703255513415682,8.004498752310207,7.252987330386981,5.282788204183523
GSM773594,8.531540538117785,4.8403973970207606,5.694162906466774,8.779062039650313,5.163785874085917,10.756578708098337,7.483616349148313,9.13503646749834,8.628044920194867,6.7536860920240525
GSM773595,8.676801591221226,2.596083248387602,4.105550817422641,6.33334338588252,5.777158402288516,9.177204236171367,5.858253188450728,8.179524479913807,7.518180480070428,5.9250359556061145
GSM773596,8.827846963863418,5.571190442892217,5.6189275986867795,7.470223120171232,5.12550137791718,10.018816102131243,7.428517315609666,9.571943458943842,8.824927054970855,5.8366596308732355
GSM773597,8.90771239711476,3.723876450422445,6.003914236764437,4.6905845191040605,5.036328063338725,7.995985404647039,8.554617678000508,8.275888015454536,7.050139781127928,6.2519390395002645
GSM773598,8.219356833128233,2.371478287468511,4.298702474950639,5.242531314426012,4.450963837444335,7.178971661676721,4.475401876687182,6.037312172800486,5.507269467043209,6.106498034065093
GSM773599,9.78159167368096,3.3619141997334396,6.39734817228085,6.590947318756371,3.443935728747868,7.5496594211822154,4.823389832467582,7.841466129803499,7.520571067887989,7.063469614112613
GSM773600,9.282257000775745,2.830866438225735,5.4350852524928674,4.279097674072228,4.566111653464256,7.068812248706093,4.041521001410192,8.15049881637832,6.104400824766095,5.855246238859364
GSM773601,9.215977024247463,3.1873859670278883,4.7247433160791505,6.101586186354469,4.871999390069398,5.87640259679179,3.8480051223593383,6.820489585603274,6.113207280166384,5.224704032961932
GSM773602,7.781128207974088,9.01603301092184,7.639099092620624,9.126200088997377,7.246252825750881,10.98003650913389,10.67931065161991,9.66142914345704,9.513132613209192,7.850081359183969
GSM773603,10.78267729230721,3.649773042375283,5.930122321408223,5.950385217389634,3.4503261633873232,8.219147895055924,4.165662972256282,8.64444338139753,6.858470557776401,6.403121587521213
GSM773604,8.983859217084165,2.510301192546703,4.786406983259354,6.369778179944108,2.9050572084591706,6.87862552134128,4.047589694908639,7.505342172979641,6.651968695337473,2.9915232972731207
GSM773605,8.51764498217225,5.042455955716203,5.875332895745515,6.968146215826744,4.417281668431454,8.845395108247063,8.979414983631198,8.68987003806893,8.71282568821024,6.983242631928036
GSM773606,7.01439881421619,11.171893695720698,8.575401574278358,10.037039785471848,9.64766776574456,11.178729286581055,12.547619873024487,10.309754394373828,10.178574265834685,7.820039665399492
GSM773607,7.574340726098163,9.37244924391017,7.535307880521511,7.8948467412242245,8.069053239665232,10.34110965019993,10.828256975097014,10.357983048928807,10.169953479360226,7.791496395886475
GSM773608,8.002572014925851,6.279240860042063,3.840845898091949,9.418954527156188,3.8037757969092185,11.156545553040862,5.970687922176363,9.890015408347354,9.758839210606714,6.05241306823294
GSM773609,7.989099827854096,4.7405372502292,5.546923680277709,9.07716774337502,5.644691383820251,10.27025551036829,5.183653100095004,9.579188777302909,8.842980402666218,6.232154381735238
GSM773610,9.315501473507418,6.946588749048082,6.328720207326507,8.210422163820931,6.092469778182615,9.666094196690358,9.513589248955924,9.068575739343663,7.958803824009614,5.74816251912373
GSM773611,8.999865586407687,4.0100758761002,4.413619825469745,9.008496266412575,4.621901302627857,9.446187726091665,6.218135462443323,8.757832381572378,8.21900836274065,5.960994906083509
GSM773612,8.569401087802326,3.3133631181504057,5.646852900439916,8.68002354108147,3.326392956362945,9.533856275899574,4.502508050743753,9.588384868628118,8.495498905020066,6.066376839477394
GSM773613,9.495770900526924,2.99215943279202,4.611462861997077,5.296259473816673,4.211706810098658,7.940954204458937,4.947850925169174,7.572744516309522,7.654998267757744,5.416704651782959
GSM773614,9.293471648838134,1.9116870449098229,4.580462274931866,6.208554156115184,3.7483784688833213,8.523953517027458,5.896983432594839,8.276389774646232,7.726479558122916,5.499419232627822
GSM773615,9.227621959644551,4.971179129666841,5.647420449800948,3.858776310029789,5.784401090396123,8.363305258646857,8.031559799031488,7.794151853841914,7.196610584736025,5.409194037261069
GSM773616,10.74300939024341,2.02725579065198,5.771855610791109,5.312541215682268,4.673632796615967,5.427157103400747,5.390755891367132,6.118440777976907,6.060581376072676,3.328893895213839
GSM773617,9.409950508415605,5.639391860541238,5.560143780591002,6.715924816866172,4.878837388732182,8.85807312020757,7.452358426562982,8.506694308815316,7.39322483298245,5.795782270102993
GSM773618,8.263652303010385,8.864091803118052,7.303232875502916,9.722662365535301,7.506186772526032,9.454888423568823,10.464884362283062,8.619673960250053,8.028328793502586,6.143040089848918
GSM773619,8.679761221708617,2.985016814227967,5.688656384365661,8.478308197077801,4.311232584785059,8.537571506274322,7.600684473391195,8.801421748666003,7.495884599834215,5.295327404476278
GSM773620,7.7920926875226195,8.889375476485847,8.573004425175384,9.346098588709651,9.419127060017882,10.780380006577108,12.057052685387518,10.075265213167743,9.221983868256897,7.262261474073371
GSM773621,10.072849551972975,2.760039701131395,6.30954476752791,6.422182563176751,3.645401469321369,7.009623040610174,3.4590480851786776,7.5522975887516965,7.4713305519871565,5.726158474468068
GSM773622,7.593077337515636,10.534144527459972,9.126889094575535,9.261922444506746,9.600001314235033,11.285880056795982,12.55699156485592,10.408194062650304,10.477231657474437,8.402967655225472
GSM773623,8.266957967647647,6.249063407872982,4.80962518297938,5.656624967322019,4.668348357888382,9.039260887640783,7.59158244362723,9.312650942294193,8.118146800998542,6.341594430715108
GSM773624,8.214426954581802,6.360048421308744,6.9346789524106,5.963131671951379,6.038807475078476,9.533454349416473,7.814262740065018,9.191038116205222,8.765994929807924,6.440071333889354
GSM773625,7.8968373344956,7.790248775208941,6.988693187216029,9.210481586776718,8.399192268290996,10.567002646578933,10.731290136044205,9.459476861295084,8.6648113346616,7.238436841321146
GSM773626,9.183115024271487,5.910951495147415,6.36640778525657,7.858121819190355,6.288309647062247,9.077206310513628,9.178574093700803,8.889198244874839,8.344617703995171,6.266277947897246
GSM773627,8.909628515432356,3.072896058316043,4.944982269517261,6.4387803363951575,4.252086194744562,8.733147353058644,5.874190002210556,8.169959810552966,6.830246956431037,5.391429892385035
GSM773628,8.869435916935961,2.8044930275268496,5.38602954032471,5.832079634503599,1.4174858381421163,7.399472801245859,2.767198795471799,7.922781468516875,6.9669921802322605,6.07890844405541
GSM773629,8.117078898618082,6.013988632717638,5.7844313442185555,9.490740519566899,4.501939638481237,10.11066731246601,6.716906895331521,9.836792805331578,8.866118865773144,6.289855854669349
GSM773630,9.168928797247098,2.0557140739779016,6.146087119970731,3.748201521051244,3.9263480909966675,6.301849178926387,3.6460974552693575,7.5204474642235715,7.611019336456454,5.83010926215803
GSM773631,9.155083085016514,6.585975152740435,6.4439752005971265,9.192361503384582,5.505405398936245,9.373389961559786,9.188521003632278,9.157744540015429,8.42023129479433,6.232235943344518
GSM773632,8.69806772650026,3.85054869901134,5.7342254446155305,6.788818951009109,4.007674256749057,8.609827063661417,6.75144346060128,9.242343444879582,7.5501617404975505,5.5561206714282525
GSM773633,8.861219379651258,2.8356982272462727,5.834178974155596,5.506743617495137,3.689744649657926,6.788915295714448,2.9966067844363806,7.788253184455907,7.379435120624723,5.746810152456823
GSM773634,8.610111662474077,9.682901945852345,6.239150109888788,8.621131657640756,6.71056569357705,9.874910231364316,9.96406426766674,9.331419606286273,8.635916547528623,6.611229195372755
GSM773635,8.567184150644316,1.932722643577178,4.981869309931801,8.311801245641563,4.9744482274400985,10.302979740179165,6.74102153418666,8.80024024440857,8.41569855016028,5.873283653755942
GSM773636,10.091036110515809,2.901828356214842,5.388812736699586,4.514071435828461,4.128244562382157,7.050847574018464,3.778313880492224,8.062629860737301,7.475408706989975,6.303381486433736
GSM773637,9.035196096022807,7.368476592143071,6.245961963559985,5.9348813224207975,6.388564509901562,9.187903785766654,9.430364676135717,9.463051133577912,7.783928439069616,7.080784383873399
GSM773638,8.172456512275039,5.769033445808038,4.333023796686763,9.487018753232183,5.321235471100761,10.897771931580078,5.398661579901843,9.332753956387739,9.737109371850314,6.400666687102664
GSM773639,9.11764284167799,3.512485195386597,4.5645236140714065,4.518821546194257,4.104698378634347,7.943532798067579,4.773144876907111,7.923986684372764,6.067578273501251,5.789269664683901
GSM773640,8.948158113261712,2.9398922903095737,3.2024284000247754,4.778308340672075,5.726524938722429,9.062773745686385,5.621126995401386,8.028630028043304,6.570946025461359,5.698093070564436
GSM773641,10.144798554669304,4.139445779734097,4.007016761144019,5.479019768069811,4.334832535803589,7.051240426849631,7.675785869031326,7.708810694317775,6.289539220914785,5.694486963037983
GSM773642,9.488243048035807,3.320462009891637,5.133722267253681,5.223438724958548,6.287304082940318,6.46464201187506,7.156440703487344,7.043422335778587,5.265047513886329,6.123483696237213
GSM773643,9.596404094136107,4.708561848899143,4.333468418356985,7.241581488901355,4.417005007482421,7.9200483009939315,7.497626374359213,8.577474276985667,7.521408381657754,6.542744180850335
GSM773644,9.08680127756193,2.614830416479592,5.425516077269984,6.4137089080826115,4.483693650781,8.164289727431113,4.561836560007283,8.374062015694504,6.429254575718159,5.939033061161634
GSM773645,9.791303243254042,1.8517776460776327,4.95687404387265,3.9085205472885276,4.852185556125346,6.716152705317417,3.8356271038845877,8.049192607504734,6.391914957779894,4.94919966589568
GSM773646,8.978002807378328,2.8309696749897704,3.903960439219697,4.865512974196965,5.307163569592616,8.368407161076917,5.495230343925026,9.052287492184531,6.985254381548051,6.019274913144772
GSM773647,9.102614568537684,3.562805000988508,3.3197769979923373,5.232314902876173,4.872989761226041,7.848016799851264,5.246876080067981,8.033144429421425,6.723805906222874,6.463433476533243
GSM773648,9.173424299018436,2.8648747912320367,4.2532455106853035,4.513277423959425,4.5809957122172476,7.723135450649115,3.955981788442836,8.473615610753454,7.011606444260242,5.312555217594997
GSM773649,8.838627224883995,3.6688162266520536,4.770223632146558,6.058589856027112,2.276799763531007,7.55833276824597,3.4484510539484483,7.497507290311234,6.910766954279733,5.609334193549399
GSM773650,9.448923038940984,3.1794583186959557,3.972812592883436,5.7160728150318985,4.033837204794672,7.736365307762023,6.904851493923154,7.860632770484034,6.810144353806458,4.9255076794780415
GSM773651,10.108149359581144,2.4025199989673567,4.192186243452643,5.667355779069459,4.4331254412342265,8.140330801069208,3.9205336096189036,7.664136485159585,5.166805409780789,4.295535697085694
GSM773652,9.374268774251794,1.3457875602429101,3.4148489282466814,4.426733830387938,3.8977251477651134,8.018255104567576,7.564152649646163,8.482857210926385,6.622276042245158,5.838093052443706
GSM773653,9.333563720592815,3.6271809803252424,4.886863661897827,7.100828144164462,4.001190363370092,9.0619199304225,8.686559166441914,8.704676366422538,8.037042540237893,5.911188947562802
GSM773654,9.398346522105056,3.6749254602910306,5.453364086934521,4.339577541739072,3.3139182754228678,7.416733063305199,7.014550414608502,7.966369145145761,6.779875728902203,5.338927808264183
GSM773655,8.913065621595958,3.524956592182369,3.05488023431763,5.7428688690458936,5.178061297346824,7.299824481244674,5.365341766575751,7.369601893636255,7.59313748498065,4.4258882628283756
GSM773656,8.605639520551467,4.332042750526202,3.8084085129065475,9.801716174197267,4.153340599960663,10.447132656593288,6.022897203481609,9.585628751834749,9.600851311190508,6.571130235649218
GSM773657,8.565947830589945,6.575906413459876,4.78119480585471,8.620231746885295,5.094274459551389,9.945087195430416,9.832988188680385,9.915860751544336,8.66407560269806,6.060338185419398
GSM773658,9.400788944879563,2.6410783718403903,5.152584531897592,3.909699274470422,5.855466675378554,6.776530093701953,3.812244013043436,7.383418429382904,6.05876629345686,5.8920013970679515
GSM773659,8.638143000872418,3.2566749713464076,5.260676865960433,6.094559552144467,5.137955483732968,7.47854977881217,5.029539651910985,7.6893745183593305,6.606063885645655,6.111668403753247
GSM773660,9.052110445573865,2.66967516568019,5.402529502556408,3.9248234655186423,8.037562443289914,7.656118352565672,7.962500958084206,7.655046187282562,6.443038511600075,5.453445146336292
GSM773661,8.720737443985808,2.9305319889644346,5.077703966941758,5.893419719802954,4.300384045288009,7.881215476877236,8.055006761397358,7.610495185135309,6.3506849973831745,6.136919154909652
GSM773662,8.052332201151229,3.7303773055629748,5.212459367781508,9.704633757943345,4.801871237670022,10.291057921437098,6.724501411304143,9.677169625321575,9.413433575180697,6.75488229242197
GSM773663,9.217689484283747,4.091580265558248,3.166265324820948,6.994701815979336,5.380614586513539,9.457086929307941,9.260826642934493,8.200967202058111,7.232863621516809,5.569138638564443
GSM773664,8.22196067533321,5.9239484670414795,3.227171093197787,4.992261844517954,0.7573962501968526,7.6737817508938235,7.646389256339301,8.759184963078573,7.164900592878678,5.5294942733968195
GSM773665,8.77123260069814,3.2424866434042463,4.679144464479244,4.737597823960947,3.6046130630822826,6.967409656443509,4.83440198898232,7.549338537045894,6.649494750444617,6.10635187933234
GSM773666,9.312908587845893,8.408780433201914,5.709754742253743,7.691910682578882,6.017770617459894,9.759376438086402,9.611999908851374,9.21414002151559,8.493530456085377,5.563940598540541
GSM773667,9.229262251027016,4.418778621741401,3.884884938663557,1.804659307778167,4.644191663926011,7.412565479755723,5.7864888350928805,8.069460832659198,6.801598435106672,5.438105515314313
GSM773668,9.312737090534734,4.8782472060396,5.1559578495398535,5.342624472474208,5.728584349813788,8.791660622832145,7.425469850623752,8.847944452630593,7.839717396896271,5.942748836282445
GSM773669,9.399257627286753,2.350664154767542,5.395490376257474,6.2870228478886,1.3250133151881311,8.12562133125213,5.908295081066694,8.657185596062867,6.538991107453754,5.117980478570991
GSM773670,8.807512386203967,3.7016614975493956,5.224106881893039,6.001723576974073,4.014818470137858,8.198305580946265,6.249778588640927,8.932276224426714,7.525761407857129,5.93548343892639
GSM773671,8.511836446224025,3.8596836656804094,5.407032871265179,7.436180665917519,4.964501216095689,8.950647947305754,6.043480551283205,9.757367931318887,8.057133104358792,6.259882207595603
GSM773672,8.947065298336549,4.199072903386338,5.702640887139659,5.938788345154974,5.240846577978062,8.291681167639345,6.5862559596537915,8.38649727396323,7.384867741202613,5.866662432108857
GSM773673,10.268299756904927,5.85384963059607,5.722153123571138,7.774240729244933,5.812301779531579,8.134724105930662,8.19448471792504,8.114929821534224,6.703084083702568,6.187612160494495
GSM773674,9.197797095201649,2.4345799815779325,3.4565447167160928,4.6498362725526245,4.48549664161601,7.508966012961584,4.119282950179459,6.9569605192936725,7.205455172047518,5.994593209821545
GSM773675,9.513569305268646,2.7891033012678483,4.6249681031863,7.157009212970154,2.1853198029877863,7.456253506214194,4.142123701323516,8.242866008912234,6.386039912374694,5.7795315792006345
GSM773676,9.059983864335747,8.413530287599185,6.050591987905211,8.757601211997128,6.236238287479523,9.144584255220394,9.86954085770056,8.76188219308374,8.053996562356332,6.297959890931377
GSM773677,8.797337288288425,3.0049640550399164,4.390173285731355,3.8523270589953666,3.411839334305334,7.734366389017697,6.629130819292027,8.560705949836198,6.942827876274268,6.059398760301947
GSM773678,8.383743598899288,7.281151998296103,4.9944849366977415,9.233665506159724,4.647852282400975,10.163814768918263,8.59066962739861,7.9842277943407565,8.242977182637896,6.799536199921321
GSM773679,8.65824183616478,4.06013548978503,5.061137165518986,7.644674017522351,5.7512809357218675,8.974471741594336,8.080409929916199,9.331091636963498,8.22635539910153,5.939973524492791
GSM773680,9.268837877412542,6.528554065837215,4.0190747009092505,7.035670545886919,4.54524888025971,8.744947243466282,6.97299755311596,8.634769718275837,7.612372331249521,6.295591346898488
GSM773681,7.997472507430154,2.431132960923612,5.202693479921541,10.209708741649601,4.289971278695317,10.783746953420883,7.0318914460279,10.436565563660189,9.703878386606346,6.658788159815328
GSM773682,8.610232388872285,5.260064123676673,5.5880340734984895,6.081290299943927,5.888327473676846,9.13418060675441,8.652578679008652,8.814414450270794,8.136208820934765,6.436803638517385
GSM773683,10.316103305468143,2.84493302423784,4.914156900735232,5.632465564985981,3.690469505422794,7.728745807408211,4.1126829989169975,8.033666673671307,6.731701888456612,5.383647274657107
GSM773684,9.159509104230738,5.522838362735801,5.740890102713825,6.974676572438735,6.299333889183509,9.961111159150231,8.969193678588894,8.856943658022113,7.954120915966351,5.682332828134439
GSM773685,8.742285180411809,6.846685294296492,5.501482536043635,7.319010445957906,6.738590704040995,9.50245324847861,9.822442285805604,8.900190022495954,7.963421466956951,6.370411742906445
GSM773686,8.589284855827254,5.260931460281928,5.068638018931686,9.088154209417638,4.390708333002359,10.295118384611364,4.505698273990843,9.801091817279376,9.36800961742992,5.882946227986678
GSM773687,9.08461814143991,6.17682376361217,6.566975793668487,8.320477986799537,6.3760016660867365,9.976771278497226,9.684858257674808,9.588635387011664,8.84191118181423,6.179832873905117
GSM773688,9.84243866256365,2.8302432583912496,4.070126776067134,6.897672160068547,3.9648347019689223,8.369386693708318,3.7018890775176043,8.03151147821587,6.844424321211089,6.127274005580091
GSM773689,8.316267048146834,2.600876895554268,3.269955773725158,8.886424078615192,5.7497848136162,9.933483751366676,6.00967953002528,9.430432599392946,8.788643300810719,6.039757593141026
GSM773690,8.45014064727205,5.563867693282666,3.401831318216661,6.998398538376654,4.508086066868234,9.302171380592501,7.642681492421723,8.664577781106908,7.783698458386535,6.043532835686782
GSM773691,8.166004364905197,5.370688303885861,6.524316240237072,5.8613969027713395,5.216288390727868,9.310368950317693,8.344476371562129,9.043767293170232,7.566777031660413,5.928596303852954
GSM773692,9.185650273474845,9.68563084227016,6.282901623270453,7.135029429520068,6.88388484636868,9.75643319836435,10.073497303492402,9.56596155880602,8.455328905502911,5.555256634213302
GSM773693,9.170891233391332,6.5897465068127445,5.308828128601709,8.45612773305463,4.444940660043908,10.22618935678571,7.7459301172482045,9.571412447465976,8.255610677805498,6.09082146898335
GSM773694,8.970448184419139,1.8700628198649845,6.06290307971577,5.832405350579035,3.676172384077056,8.456856867353412,7.621832560225167,7.978734334188418,7.510234851920971,6.4476408502784786
GSM773695,8.545251398200552,3.0063443750466834,4.849529669063728,10.289771624763834,4.919637744655027,11.243149870069043,5.4741888235817555,10.558545842130462,10.05777189125682,6.4838663915990535
GSM773696,9.15416849694863,7.475088277075497,5.129734746122077,5.6321806388664974,5.837715999526281,9.251890220100353,5.602788948390813,9.370574186247236,7.95192512940364,5.115662952450014
GSM773697,9.425364467008228,1.0024403540306095,5.170272316971145,5.342154843154409,3.086028598882761,7.014508120033635,4.531915655114769,7.752324851189439,7.328518668037598,5.69433476212345
GSM773698,9.202592072607466,3.5088943472585092,3.2345115094868953,5.342162654816511,5.779564382662116,6.9229272193422435,5.947016321629198,7.24460524537017,5.781016311238435,5.631475096991239
GSM773699,9.97865283594356,8.542969240899515,5.821204655190163,7.861334477095737,6.0916735184623345,9.902409027204165,10.514229204474962,9.03742019019295,7.772567159544603,5.963408923783407
GSM773700,8.867449566931251,4.527373216419448,5.601154299774379,7.1708017196581295,4.579114481798199,8.866448914357134,8.248746369859575,9.222088563979803,7.271230777329745,6.140191930472873
GSM773701,8.214609087934477,8.905076014549516,8.46784049720644,9.864572025004144,8.830187078153829,10.500064955230124,11.65075940093755,10.441813441061528,9.311799506501405,7.263537101222322
GSM773702,10.631509492202722,8.577888660576805,6.395173699162688,6.34698970560841,7.0339074014303895,8.816783806876904,10.684051149324922,9.033678603482096,8.0313273698394,6.438679758718471
GSM773703,8.942029713549516,3.359116099196253,6.298918526145787,3.5944064662895654,4.978233207004086,7.431597348390731,5.434502460635866,8.093889162648216,7.460156308881441,6.396895174599543
GSM773704,9.49143325106302,8.937871859530302,5.052649743977293,7.642055375445799,5.6811236663921205,9.499147783032903,9.59172815235551,8.967761369918955,8.809297837967437,6.729568404550347
GSM773705,8.411757559748771,9.322240041590232,8.56194875600086,8.440631514834593,8.947884087330596,10.92785351721736,12.026333047340877,10.391459880302508,9.747271914973432,7.528268746242974
GSM773706,8.91835850380641,3.524673696043635,6.922784480888609,4.411098964681786,5.360459551675083,9.255935658943887,7.953890759241855,8.617070347625795,7.696976425723235,5.995503513483411
GSM773707,8.454560867637856,4.5555617370235195,3.5836934015052915,7.042025866165541,5.202906634759982,8.975363197990811,8.5291637454359,8.931749179133597,7.67521404771598,6.155086374765599
GSM773708,9.349867477576868,3.9103386881259845,5.156791964866338,4.665164397825931,8.813682459408094,7.010686393181459,6.93700089996627,6.9347227083529495,6.827061919087785,5.82259938184947
GSM773709,8.247879581002884,8.141312071163489,6.988102205947525,6.236351993922661,5.2073933647431945,9.630363927527672,8.382638951105118,9.654091462427102,8.699278505676764,6.268709289424049
GSM773710,8.711133499317143,7.226207318964515,5.8779191846717325,7.146835948523776,5.9366393286999815,9.076139229447183,8.53068500007285,8.591231969622164,7.715696413859694,5.713428033710876
GSM773711,9.279887951100847,5.4264999194930565,4.322619455520216,8.449535679775494,4.530243388221869,9.59399629720632,7.1150019816329,9.677210476907723,8.30504670533655,6.812339186393875
GSM773712,7.997951158716938,8.392749921504489,7.433140752964037,7.531655925904264,6.2649171899384655,9.51391698791976,8.889409744224881,9.403233183092514,8.071949257002528,6.109873059750528
GSM773713,9.662526146009919,5.655072266897624,6.201626407672377,7.33007519992979,5.543956797874168,9.027325428088357,8.104220388086825,8.5466137980225,7.58891022928682,5.735256521488864
GSM773714,9.349805347821437,4.808409327740281,4.599575297518637,5.349477288068414,4.711951485919859,8.333008276851476,5.969039620677532,7.887971016074887,6.814617327277514,5.614281093885583
GSM773715,9.599391258275373,5.96225580553675,5.5120209474290185,3.834929888379915,6.849000144913409,6.7738950534480065,6.412703574807401,6.84693507969093,5.880021566279237,5.371353595019735
GSM773716,9.218554033909717,2.9284695083182757,6.01170197708166,6.370912722380831,5.284720920999419,7.896678937525232,4.930932398838301,7.421236597888327,6.364758885079179,5.962660760370222
GSM773717,9.065781508316293,3.1016574049234342,4.113366719134462,5.6120213280114175,1.7322678968416825,7.5803149566026775,4.8160291594893385,8.42611194186812,6.726471179381188,4.917961569244074
GSM773718,8.337592914011125,6.663606289387235,6.207438021269545,7.254979986924277,5.799181383927757,8.442535863203608,7.407451677846541,8.880391088869382,7.321510013426788,5.15674365660184
GSM773719,8.713367954833794,7.083996587300853,5.306238334347784,7.807763276218673,5.66354276282617,9.527016873552466,7.7335301784823365,9.55878771476193,8.183044934167395,6.031628759506318
GSM773720,8.76582676973133,2.12315076495304,3.565471748342663,4.9795659812841,5.215705229537503,8.248421436730801,3.7252301943936628,9.098475878532511,7.015500914579914,5.826984915965819
GSM773721,8.194205767697536,11.488158029996079,8.585144868496723,8.738555542478435,9.122548082229292,10.787400537310571,12.28964042261343,9.992959088551679,9.687673255624109,8.20915509659041
GSM773722,8.595105277020611,3.676847051385703,2.4444208606195774,4.444398695136977,5.305471216886844,8.74680346855905,7.285270648279281,8.422020637104547,7.291358041776132,5.344577849561424
GSM773723,8.74914873770025,2.80228434223068,4.955510763980639,8.805069253442024,3.0645809367483037,8.736167587368751,4.135826244754153,8.98177924658668,7.687775418185016,6.628599808210147
GSM773724,9.187853341193252,2.9225017740205126,4.946677723888715,6.6858580286073686,5.152123170267903,8.63091212953039,5.861859612951827,8.159332684696228,7.002858548905859,5.865872059788654
GSM773725,8.911313483921377,8.054071572622755,5.259300525387749,7.739529722642107,5.626579778006184,9.204142292242967,9.542713389163183,9.062669509340468,8.213168392012607,6.277250942847411
GSM773726,9.828215362063673,1.9794961453397342,4.301757038552706,5.75967585133446,3.7225615452077303,8.550120393341004,7.704196388023398,8.881958511021004,7.2117432878921965,5.920022173851651
GSM773727,9.179847152294851,3.8351481829318517,3.9908171972721425,6.5008078123025275,5.133957599235458,8.070060786663813,6.390483111166965,8.765518234155843,7.0920974723940065,5.643820410494046
GSM773728,9.9268603592028,3.2131976714043415,3.5875667925829076,4.217947994624984,4.32579963349051,8.487164892593176,6.006425331431409,8.76626752126593,6.8997001075608715,5.953624005418968
GSM773729,8.927425391879781,6.61722118930187,3.747352880571522,6.060575075903282,7.176009473115944,8.886930147412038,7.57821221343459,8.00362991022814,6.955225608532775,5.857784725503885
GSM773730,9.268370761476518,7.9229010667908355,5.720495630178549,6.736241146935727,5.602452426091353,8.613221876604007,8.341439396934764,9.295521685110787,7.5480828435956955,6.125450667512449
GSM773731,8.526659247150313,11.360330158486553,8.131911086008483,9.127422730905055,8.22743984927131,10.065010505653593,11.017948089908167,9.851484217426838,9.257562299235694,6.359838095602688
GSM773732,8.40779417751792,7.307761072214888,6.8365653151646395,6.679291718839556,5.775247805214504,9.408309158822181,10.243954629573992,8.792638836625022,7.518897026246697,5.727386830928569
GSM773733,9.435381067951223,8.595186776833502,7.298666233032149,8.034418542160832,7.0692758655370875,9.183784979411449,9.044250004726347,9.395640638708832,8.638033278918707,5.916042576348325
GSM773734,8.481137456077345,12.200186949042466,9.015914542721797,8.073281048515382,9.360225654564374,10.84373330443692,11.53836045911924,10.539208738052904,10.247389012454251,7.599216536640838
GSM773735,9.236043141211614,5.021400994770776,3.640631803938153,6.786624896605669,4.453360724518796,9.289547687485381,8.4125485348428,8.969322565181326,8.047968936613668,6.763600796268211
GSM773736,9.985327227055492,6.790390572160807,4.278146762742672,6.899745214376731,7.669953529772703,9.748718648800923,10.162663876424723,8.968046876935265,8.072833397439474,6.7620366143411905
GSM773737,9.115069667871937,7.975497063365961,8.045323496715236,7.407822300230404,8.100014851997411,9.457689855649935,10.13774032017842,9.924487380963797,9.1605167479766,5.471415099444029
GSM773738,9.405566974138068,7.900492087101092,6.3961342042853815,6.115978813811346,6.096576859941225,8.269413520239278,9.688488337490877,8.4269138145348,8.036597455310849,5.72779850084691
GSM773739,9.135927533325367,4.19163599990837,3.4318767109557142,5.96802628748348,6.28335317325421,9.708302999886826,7.4032186302845755,10.122999886810565,8.013372758572563,6.3680104907682145
GSM773740,8.617247049469634,3.1696811690844306,5.74891612068798,6.31842352736119,5.872673870768442,8.071119875495416,4.0571077866319065,8.652643798899254,7.374353205840927,5.1311799437867895
GSM773741,9.518442882545587,3.3852836296362994,3.8715946978892486,5.956858804776811,4.1086918833220025,8.023338633946349,4.633344093456566,8.083383923239351,7.182487020615844,6.1998652801288285
GSM773742,9.628609941499565,6.430876178172556,5.278168748590704,5.9433360343406925,4.667440460341058,7.315158114088575,6.340684476534156,7.543910784383255,7.4292749993427245,5.927933658098218
GSM773743,8.395123224820813,4.931746807880342,3.3940225766571337,7.220821681714136,4.621436353126805,9.890670747292086,7.099324694172164,9.049064100744516,8.412630474710983,5.632116084594409
GSM773744,9.555511344335653,4.216594040514319,4.780692501029126,6.921590013524792,5.527553009455649,8.28406168965163,7.088601310017106,8.889221187100299,7.725370961772572,6.378562428807096
GSM773745,9.450929346587513,4.254030562674108,3.9159711506485873,5.926622899001768,5.185541030248397,8.330771258915751,3.956919765985846,8.12529493897752,6.6724806442214435,5.863491502446352
GSM773746,8.549827399576397,6.034233204859162,4.666193503517042,8.578048146324175,6.459429766084521,9.343388838285161,9.664581643620181,9.015610593399133,7.40745302923764,5.707785941004555
GSM773747,8.157651612509158,2.8122396336007296,4.4107698352469935,6.796415139538096,4.001627253466079,9.666821473930387,4.5452600503374825,9.583914908418638,6.701497075737568,4.913505552665008
GSM773748,8.044305587628239,3.7644737614634067,6.391127163126525,5.927115984520192,5.635604891077241,9.588117133828032,8.336569307500387,9.249206641162692,7.854742804122862,5.913556293804003
GSM773749,10.11601561327418,2.5194926567984868,3.2984517673344103,6.147724026317748,4.471019830039093,7.991016629591442,6.1338096438241205,8.849309604704596,7.0089743338023895,6.463388516497429
GSM773750,8.64142753364308,4.4979239673534215,6.725255423371173,6.598885599975061,5.56017472910315,10.141192296578057,9.064604416372188,9.189333677655078,7.793027286696289,5.364521656940962
GSM773751,8.484636831989933,4.968590385032634,5.210907063807391,5.246567978161416,5.115636654155839,7.459775056214809,6.520580613970744,8.599084598587465,6.558506124409602,5.595373563836766
GSM773752,9.193253058456502,3.2930243197282754,4.4328977561015,5.744575418361093,5.231217647184229,9.076517446248877,4.900706156805985,9.393618238441556,7.672555815108299,6.180175715217887
GSM773753,8.512738882849131,7.450912659137412,4.047203269416205,4.951329942536393,7.80386070516947,8.962166980293578,9.031290216883114,9.040396150053837,7.670509104422445,6.062760047864124
GSM773754,8.711964944915152,7.444594140626092,4.2904302800774765,5.069762313149564,5.395844036340417,9.086982759889407,8.996261804649034,8.917361637256468,8.238330787366053,6.0518101515881035
GSM773755,9.035499098015547,3.4922475355356313,4.592354918554433,6.155236888008126,5.770863395505495,8.05859284157662,8.58105814172151,8.289366425838558,6.742359428433014,5.712708022376783
GSM773756,8.544987994684513,2.0897449512783814,5.833543676044887,7.326616625911434,6.067021387006468,8.457024976013077,7.076638532717018,8.715584635159898,7.6267337785302125,6.194612282242195
GSM773757,8.977677754775076,5.560163085614643,5.448138040278111,5.793881536948764,3.8994809621720274,8.40896959677124,6.125324392772597,8.277948276887598,7.332535193682398,6.106652338967669
GSM773758,8.96375991806041,3.3177607671696756,3.9070952212908634,8.081851379334232,4.813855157898617,9.717191898536942,4.567976402859689,9.203355283254837,7.293317875791765,5.247277394903252
GSM773759,8.75895803570166,2.7467575444251806,3.344608090199757,4.7934344107212645,3.9841025979164386,9.84302278031827,5.077265083486242,9.578822976728546,7.481917021652405,5.166671263762503
GSM773760,8.84794336805027,2.677978909605193,4.932820023614716,6.209883718449754,4.345335197238316,9.232130682136297,6.119187122310262,10.281260485743376,8.209834752084712,6.029137234109877
GSM773761,8.760057236541805,4.0786150992238985,4.471462199220459,7.58728231544309,4.538386126352349,10.710418477266511,7.858105235140677,9.99414737401423,8.823101033475304,5.9503225975315885
GSM773762,9.281274697596604,2.6440398151686186,3.343311718964926,6.4839454830817385,5.409267911437652,9.147390190872546,6.791681001071218,9.2731880298179,8.020179583552848,6.049598533236162
GSM773763,8.894273619190624,10.205715087496015,7.275457876756599,7.203190873294902,8.226190366792494,10.334563507487957,11.180527969528772,9.958150423699191,9.22835132587835,7.055083481730529
GSM773764,9.060343860335102,3.1935452195476053,4.56398265245117,5.498667324866343,4.402907071684686,8.266209502642171,6.539164255620903,8.317025486792053,8.215850915773146,5.665269963904364
GSM773765,7.884897026986848,4.7586611339503015,2.667194444056536,5.259822958239455,4.622920572880879,9.600482869214888,7.179227251007023,8.465478720374824,7.7136073618404195,6.217917578028563
GSM773766,7.121880111031116,11.470896705563627,9.416973375324599,9.727621172705582,9.660787449105191,10.585569756779162,12.684220546214455,9.93105718553619,10.235391371879755,8.112664671098765
GSM773767,7.179624651066626,9.545494695686031,8.480717986539334,9.897348656119025,9.694865881186438,10.73599797128864,11.948757129667413,10.178020798663377,10.125604091246728,7.934968234892144
GSM773768,7.9736985141477925,10.967418451917082,9.397442724272848,9.106360047777677,9.617245471538292,10.263921892529357,11.950785271583618,10.48038096909323,9.691635705525556,6.729593690643271
GSM773769,7.580775621168885,11.989311864730695,8.973744585496483,9.637255968737033,9.665832193533927,10.610338912923082,12.448670946078977,10.432045098769839,10.362977210710747,7.767482196779835
GSM773770,7.017017713927555,12.089800012337058,9.030676801224377,10.127000984484457,10.339306859556604,10.980838164847068,12.763427806506272,10.115752968104479,10.289598975411211,7.7003680671321835
GSM773771,7.716156852429607,7.9009838740824385,7.987971503466111,9.782454910109124,7.936793117534639,10.910070886284322,11.019475683379483,10.261297157848725,9.425647367222728,6.7954867024003365
GSM773772,7.761397647055598,7.596308255118092,8.791542167951677,9.559471111188659,9.254693313237384,10.871811965514059,12.099917499715893,10.013053294444896,9.361671236495132,6.826293864103292
GSM773773,6.2921264991284795,10.758026477831905,8.869886666143532,10.23564711172353,9.766232908768218,11.230272835677429,12.325012777892695,10.231071041571,10.201847799333137,7.4623612476325025
GSM773774,7.671889182139066,9.659598129966112,8.722667810546048,10.412505635083392,9.151623064009675,11.125176097102857,11.874023590791548,9.725755886877508,9.408205593587795,7.402439008560862
GSM773775,8.402021615577805,12.213546929055012,8.26515159903694,9.67097979825192,9.713028455293259,10.827550605754265,12.18734486636355,10.115244624062484,10.068146201502245,7.814356871965149
GSM773776,7.459266846896903,9.34833278855899,8.877796912663268,10.054546766492361,9.824066360515923,10.761160982358144,12.33628333792291,9.675391551350241,10.056477045479646,7.364620929845547
GSM773777,7.83602446839402,9.03647057941243,8.126562970726313,10.80914326596476,8.773959601437362,11.582275465923615,11.191068881967992,9.601387340239436,9.944767908583339,7.631470367812897
GSM773778,7.463491677262366,9.444349213262464,8.13466194115787,9.756433232397052,9.504371790101631,11.276314894191284,11.714728270142187,10.188972481920208,9.795336265575648,7.611269112336931
GSM773779,7.164214065635335,10.602493302529,9.158589425394116,9.641038483085055,10.140989915090287,11.095508929775406,12.58948086119338,9.812459379099538,10.204768559890073,7.760318897343315
GSM773780,7.4531701975360525,9.905200169859688,8.149432623933157,10.411960957239234,9.463835181309667,11.430892224372304,12.477049486981173,10.328792537604228,10.097008788803327,7.579354936965888
GSM773781,7.790081927904153,4.462362152600186,5.708505116110588,9.428970461318858,5.669211598971104,11.252653057464368,9.87830841017565,9.389173698790328,8.997197295711599,6.4597440594330475
GSM773782,7.571232345332166,7.127527772551478,8.228079095731598,9.820054043257219,8.79998777662089,10.710643409360912,11.86151502136262,10.536475653686368,9.878759161910876,6.896488382148304
GSM773783,7.368384231031456,9.378924839871095,7.9362568257432775,10.609775414710978,8.3675895153567,11.030781089913722,10.89582717695491,10.278976295958623,9.400664488587616,7.082457244751277
GSM773784,8.621265079866797,3.7788500752484473,6.5024619797138925,8.78242645579451,6.791799201430532,9.682740574525933,10.477732515289924,8.042236206778098,8.785961645557219,6.312095337337811
GSM773785,7.243688119785506,9.105164966746466,8.630428620066045,10.787705861464477,8.869513950730584,10.560936413334206,11.765812429167946,10.27807811995511,9.59468053055305,7.035341720894212
