sample,size_factor
TCGA-38-4625-01A,2.422417339675566
TCGA-38-4625-11A,1.566437671841873
TCGA-38-4626-01A,2.6428500517443965
TCGA-38-4626-11A,1.5904511017124914
TCGA-38-4627-01A,1.5888198979279198
TCGA-38-4627-11A,1.0485975212763454
TCGA-38-4632-01A,0.6981040140428695
TCGA-38-4632-11A,0.6319134850498827
TCGA-44-2655-01A,2.282445936179012
TCGA-44-2655-11A,1.9127587079608728
TCGA-44-2657-01A,1.024638527535226
TCGA-44-2657-11A,1.1218954585923924
TCGA-44-3396-01A,2.806734112599861
TCGA-44-3396-11A,1.988192588901812
TCGA-44-3398-01A,1.6241280950332375
TCGA-44-3398-11B,1.7858441498506412
TCGA-44-6145-01A,0.9079004487244117
TCGA-44-6145-11A,0.8755481791677966
TCGA-44-6148-01A,1.2351518800283001
TCGA-44-6148-11A,1.5326842699153551
TCGA-44-6776-01A,0.7642278715292816
TCGA-44-6776-11A,0.8538829148306581
TCGA-44-6777-01A,1.030558840205071
TCGA-44-6777-11A,0.7547420550908069
TCGA-44-6778-01A,1.0340547705164973
TCGA-44-6778-11A,1.043672177597942
TCGA-49-4490-01A,0.7346321982329465
TCGA-49-4490-11A,0.8349467816579111
TCGA-49-4512-01A,0.8403246060051136
TCGA-49-4512-11A,0.6864462596678418
TCGA-49-6742-01A,0.8311568177414909
TCGA-49-6742-11A,0.9777266496611267
TCGA-49-6743-01A,1.0892241968701941
TCGA-49-6743-11A,0.8556932838153086
TCGA-49-6744-01A,1.2289983711573684
TCGA-49-6744-11A,0.912409628415583
TCGA-49-6745-01A,1.0822830151365204
TCGA-49-6745-11A,0.9026151082439507
TCGA-49-6761-01A,0.7944812988496956
TCGA-49-6761-11A,0.6461671377011025
TCGA-50-5930-01A,0.44301689151346924
TCGA-50-5930-11A,0.7389024623577138
TCGA-50-5931-01A,1.0648475532941508
TCGA-50-5931-11A,0.7641580331140506
TCGA-50-5932-01A,1.284463217996941
TCGA-50-5932-11A,0.7349438154406424
TCGA-50-5933-01A,1.0299784368871998
TCGA-50-5933-11A,0.9837375830644304
TCGA-50-5935-01A,0.941270453553755
TCGA-50-5935-11A,0.8148036888878059
TCGA-50-5936-01A,0.7426895049491959
TCGA-50-5936-11A,0.8732032848061764
TCGA-50-5939-01A,0.7767235568941032
TCGA-50-5939-11A,0.894058951128263
TCGA-50-6595-01A,0.8352162026102555
TCGA-50-6595-11A,1.7437210721061989
TCGA-55-6968-01A,1.0564315819989836
TCGA-55-6968-11A,0.7725767374313857
TCGA-55-6969-01A,1.8657033381397592
TCGA-55-6969-11A,0.7968382292636572
TCGA-55-6970-01A,1.6915534090893178
TCGA-55-6970-11A,0.8302411830561718
TCGA-55-6971-01A,0.7869577157965012
TCGA-55-6971-11A,0.9495422865516979
TCGA-55-6972-01A,0.609143482768945
TCGA-55-6972-11A,0.7836309947537238
TCGA-55-6975-01A,0.673612018853634
TCGA-55-6975-11A,0.6710044042924916
TCGA-55-6978-01A,1.7755415052424888
TCGA-55-6978-11A,0.8312585812783662
TCGA-55-6979-01A,0.8961316249535692
TCGA-55-6979-11A,0.605044115277027
TCGA-55-6980-01A,0.6777805689581832
TCGA-55-6980-11A,0.6888799093850762
TCGA-55-6981-01A,0.6589538507693323
TCGA-55-6981-11A,0.729807846876228
TCGA-55-6982-01A,0.7045821275424197
TCGA-55-6982-11A,0.9151462999126876
TCGA-55-6983-01A,1.9220818378615945
TCGA-55-6983-11A,0.6904474621432667
TCGA-55-6984-01A,0.7166289128387308
TCGA-55-6984-11A,1.6919587707645132
TCGA-55-6985-01A,0.8892181363393825
TCGA-55-6985-11A,1.656551359388413
TCGA-55-6986-01A,0.831486932885102
TCGA-55-6986-11A,2.3837043404260996
TCGA-91-6828-01A,0.6871627596157232
TCGA-91-6828-11A,0.9183818585529031
TCGA-91-6829-01A,1.16890048551211
TCGA-91-6829-11A,0.9269189549034846
TCGA-91-6831-01A,0.9472792267606962
TCGA-91-6831-11A,0.5225253332834894
TCGA-91-6835-01A,1.42619094027148
TCGA-91-6835-11A,1.0122213796818023
TCGA-91-6836-01A,1.2110459767034443
TCGA-91-6836-11A,0.7763372212581505
TCGA-91-6847-01A,1.8369986759081551
TCGA-91-6847-11A,0.7873138562045472
TCGA-91-6849-01A,0.6073511685933468
TCGA-91-6849-11A,0.8401895666965778
