sample,file_id,file_name,md5sum,bytes,patient,sample_id,sample_type,aliquot,workflow_version,annotations,status,paired_analysis,condition
TCGA-38-4625-01A,242a2880-95da-453f-892d-fafd49a4865e,9301f86d-9d6f-4aa6-a640-a543b5aea5db.rna_seq.augmented_star_gene_counts.tsv,db04ade49f3788d672b6dee1d122c3e7,4261912,TCGA-38-4625,cc72dc0d-9c39-4217-b5cb-8cad390d7e86,Primary Tumor,TCGA-38-4625-01A-01R-1206-07,eecca6e2e475aab335bd7c365025ca0d0daa144b,,eligible,True,Tumor
TCGA-38-4625-11A,661b6fed-d56a-452b-adaa-4b48ee9f4dbb,bc46dd0e-3136-4d9b-8fc3-dee56d6e39cf.rna_seq.augmented_star_gene_counts.tsv,2ea130a0ae67c870c7772cf2a3ea3214,4242369,TCGA-38-4625,0d76e56d-bc9d-4085-aa3c-c6edbdb6dd59,Solid Tissue Normal,TCGA-38-4625-11A-01R-1758-07,eecca6e2e475aab335bd7c365025ca0d0daa144b,,eligible,True,Normal
TCGA-38-4626-01A,d1a18468-9c02-4d61-8e3e-43a6d23d402e,9bfd464b-419a-43c0-929a-c1d219713a6f.rna_seq.augmented_star_gene_counts.tsv,7b2ce17ae141f13d17fde3d0f594cd70,4260792,TCGA-38-4626,60a9564a-c68d-4791-a093-19b144ee7717,Primary Tumor,TCGA-38-4626-01A-01R-1206-07,eecca6e2e475aab335bd7c365025ca0d0daa144b,,eligible,True,Tumor
TCGA-38-4626-11A,e6e83fd4-2f80-44e1-8dce-588a37308dbb,f4a76e18-60fa-4ef2-91ef-e2d7a1d11c8d.rna_seq.augmented_star_gene_counts.tsv,879ab4cc557ac5dd3991ea3afe0a788b,4244009,TCGA-38-4626,84997fe4-69b9-41d5-9a71-a8147cf08a2e,Solid Tissue Normal,TCGA-38-4626-11A-01R-1758-07,eecca6e2e475aab335bd7c365025ca0d0daa144b,,eligible,True,Normal
TCGA-38-4627-01A,08971a88-cb64-4030-93e5-08d77d2ed654,978fb63c-dae9-4037-81c9-598e87341931.rna_seq.augmented_star_gene_counts.tsv,2fc7061fd638f84bc5aee8e89a793661,4243850,TCGA-38-4627,feec7fa2-1f3f-4cbe-a89c-df01d13a9299,Primary Tumor,TCGA-38-4627-01A-01R-1206-07,eecca6e2e475aab335bd7c365025ca0d0daa144b,,eligible,True,Tumor
TCGA-38-4627-11A,5a37129a-9672-4fda-8576-e7de1db7b2c2,be000bb2-fe39-4153-b000-df89033d412a.rna_seq.augmented_star_gene_counts.tsv,cae23ab93bcb96b6025459cd1436aa89,4229178,TCGA-38-4627,43c2448e-0f93-4437-85cb-5f61397b0f4c,Solid Tissue Normal,TCGA-38-4627-11A-01R-1758-07,eecca6e2e475aab335bd7c365025ca0d0daa144b,,eligible,True,Normal
TCGA-38-4632-01A,665a7af8-9c2d-4a31-9a22-da89fc7107b2,6f53a60f-3be2-48df-a15a-4675e99efba1.rna_seq.augmented_star_gene_counts.tsv,a66b49a6d71bc1607d8a2cac2552bf9e,4220068,TCGA-38-4632,d994817a-474e-4f92-8a78-7586caa85d52,Primary Tumor,TCGA-38-4632-01A-01R-1755-07,eecca6e2e475aab335bd7c365025ca0d0daa144b,,eligible,True,Tumor
TCGA-38-4632-11A,54a00dd0-503f-471f-88e4-8d6fcdcf8483,1b22e14e-321b-4609-9aa2-9df6285ca948.rna_seq.augmented_star_gene_counts.tsv,091f28766e1936f96945d867cdc1f4b9,4213927,TCGA-38-4632,84f43782-7249-46c3-9241-51e8933fa720,Solid Tissue Normal,TCGA-38-4632-11A-01R-1755-07,eecca6e2e475aab335bd7c365025ca0d0daa144b,,eligible,True,Normal
TCGA-44-2655-01A,eac5ebd0-d788-4908-8eb7-976d6b611667,b8e8f06f-a5a9-4d16-b39f-585dcee31087.rna_seq.augmented_star_gene_counts.tsv,fe8bdb396de968ed406222a96e5f4e03,4258148,TCGA-44-2655,9fcabda1-ea79-4188-8b3f-7d0fd060a819,Primary Tumor,TCGA-44-2655-01A-01R-0946-07,eecca6e2e475aab335bd7c365025ca0d0daa144b,,eligible,True,Tumor
TCGA-44-2655-11A,d4778869-f3f2-481b-ab02-65a654128766,11d52676-7017-48b4-872a-cefb91b8651c.rna_seq.augmented_star_gene_counts.tsv,e5993158892f7c670eda58c91e232d78,4251071,TCGA-44-2655,298662ad-dbff-4344-9b80-d744c258c292,Solid Tissue Normal,TCGA-44-2655-11A-01R-1758-07,eecca6e2e475aab335bd7c365025ca0d0daa144b,,eligible,True,Normal
TCGA-44-2657-01A,93db566e-8ff9-45b0-afa2-0fbe82b8f580,ab589a7b-7cc9-4257-8fd7-241d2e3658da.rna_seq.augmented_star_gene_counts.tsv,32b6fcb0736a85a6570c344798975243,4232282,TCGA-44-2657,1028d7a9-0ac0-4fd8-a34b-46f3e6e53f79,Primary Tumor,TCGA-44-2657-01A-01R-1107-07,eecca6e2e475aab335bd7c365025ca0d0daa144b,,eligible,True,Tumor
TCGA-44-2657-11A,e39f6bf6-2206-45f2-a1c0-81fc1d858fd2,1bd869a0-98a7-4e19-994f-41a1ce2c7b2d.rna_seq.augmented_star_gene_counts.tsv,1a3f179d5b9f791c9f28d66b64c87a1c,4235070,TCGA-44-2657,e443f8b9-d975-4e40-bb62-af4380ceb520,Solid Tissue Normal,TCGA-44-2657-11A-01R-1758-07,eecca6e2e475aab335bd7c365025ca0d0daa144b,,eligible,True,Normal
TCGA-44-3396-01A,bbb70a6e-a91c-4c67-9ec0-b33185ab4f8d,1f7293ad-85b2-4d42-afcc-88cf1027cf5f.rna_seq.augmented_star_gene_counts.tsv,beeb398a1376012fdd784b5c99831e14,4263814,TCGA-44-3396,b560df97-986b-4a88-a0f1-c38a30080edb,Primary Tumor,TCGA-44-3396-01A-01R-1206-07,eecca6e2e475aab335bd7c365025ca0d0daa144b,,eligible,True,Tumor
TCGA-44-3396-11A,f8cee5c6-bfd7-439d-8ba7-20ee2dfa5d68,d03bc7a9-49d4-48f4-8a3a-00197325cde2.rna_seq.augmented_star_gene_counts.tsv,e4eb232161ec1f677edcee06575a62d4,4253400,TCGA-44-3396,baeecbd4-2b44-4334-b4d9-3ec4e73e368b,Solid Tissue Normal,TCGA-44-3396-11A-01R-1758-07,eecca6e2e475aab335bd7c365025ca0d0daa144b,,eligible,True,Normal
TCGA-44-3398-01A,f73807f5-edf8-4a4d-8550-048d9c5413e5,1890feb6-9f7f-4437-9828-198ff43e16b0.rna_seq.augmented_star_gene_counts.tsv,4f063c01a122b4e335a57a03f8a93c05,4247285,TCGA-44-3398,58493fd3-5923-436c-bf10-7315b007c5c0,Primary Tumor,TCGA-44-3398-01A-01R-1107-07,eecca6e2e475aab335bd7c365025ca0d0daa144b,,eligible,True,Tumor
TCGA-44-3398-11B,5d65e761-0cb3-4e52-b14f-79be5850dba4,8f55fdd2-25cb-40dc-809e-2ddbdadd34c3.rna_seq.augmented_star_gene_counts.tsv,47308b789132644ae650f8677cc4642f,4251316,TCGA-44-3398,90dd1872-3a13-4dd9-b470-962a22663e8d,Solid Tissue Normal,TCGA-44-3398-11B-01R-1758-07,eecca6e2e475aab335bd7c365025ca0d0daa144b,,eligible,True,Normal
TCGA-44-6145-01A,895ca581-915e-4057-b66a-dc2d5213d7e4,df2ac75d-208d-4cc1-867b-aea3e36117c6.rna_seq.augmented_star_gene_counts.tsv,da743f83b6d39a05dff925f0da155672,4226858,TCGA-44-6145,007783b3-a1b5-4e9b-8add-6d01fefb5697,Primary Tumor,TCGA-44-6145-01A-11R-1755-07,eecca6e2e475aab335bd7c365025ca0d0daa144b,,eligible,True,Tumor
TCGA-44-6145-11A,bd98b566-f179-4be8-8b4d-672149eedcba,32ff57d1-3fde-461b-be45-e49365149543.rna_seq.augmented_star_gene_counts.tsv,075f0060beef3ee005d1a66e0975602c,4226192,TCGA-44-6145,420fd4eb-e667-4f53-811c-b128d261acf8,Solid Tissue Normal,TCGA-44-6145-11A-01R-1858-07,eecca6e2e475aab335bd7c365025ca0d0daa144b,,eligible,True,Normal
TCGA-44-6148-01A,4a5c811e-d5d9-48d7-9bcc-4c9dc72df8f4,3f79d678-e5d5-443e-a7df-187c2acd2b2c.rna_seq.augmented_star_gene_counts.tsv,7cc33c13fc325e3a285abb18745e5789,4242633,TCGA-44-6148,c0fe5ffe-c0a3-4e62-aa55-2bc18788e505,Primary Tumor,TCGA-44-6148-01A-11R-1755-07,eecca6e2e475aab335bd7c365025ca0d0daa144b,,eligible,True,Tumor
TCGA-44-6148-11A,4756b201-87c2-4428-b2cd-f933422fe8cf,b4dff9fc-6dab-42bc-8d32-7143e0d94043.rna_seq.augmented_star_gene_counts.tsv,d3d8bd959074102b6ce5aaf2be085b7d,4248192,TCGA-44-6148,ace83cb7-28bc-44ba-a600-8a6155e08a42,Solid Tissue Normal,TCGA-44-6148-11A-01R-1858-07,eecca6e2e475aab335bd7c365025ca0d0daa144b,,eligible,True,Normal
TCGA-44-6776-01A,736227d9-3cee-40ed-bdec-0e88968ef179,7623e22f-3401-47b3-be94-23f5da20ee0d.rna_seq.augmented_star_gene_counts.tsv,f1a74a7251cb845a2daba64797c8aabc,4217863,TCGA-44-6776,64fb8eba-a055-4128-92ca-695a3a6f8ebd,Primary Tumor,TCGA-44-6776-01A-11R-1858-07,eecca6e2e475aab335bd7c365025ca0d0daa144b,Synchronous malignancy,eligible,True,Tumor
TCGA-44-6776-11A,a5c19494-731c-4519-b8a7-b7307aea2f9c,cb3c7090-d221-4c88-896f-6199118ae5d2.rna_seq.augmented_star_gene_counts.tsv,60570cc260913e17d4ddf6c71e6e7a61,4225403,TCGA-44-6776,da9934b1-92aa-4a5f-b12d-efe510fd7499,Solid Tissue Normal,TCGA-44-6776-11A-01R-1858-07,eecca6e2e475aab335bd7c365025ca0d0daa144b,Synchronous malignancy,eligible,True,Normal
TCGA-44-6777-01A,5f4fa91b-489e-4ac9-b685-53952f77bd7a,0bb88c14-58c0-45d8-a8f3-f41840f62d37.rna_seq.augmented_star_gene_counts.tsv,610bf6cfc175ec826bc898feead50f01,4229070,TCGA-44-6777,174e4405-4848-4e5e-93cc-0cdf2795c91a,Primary Tumor,TCGA-44-6777-01A-11R-1858-07,eecca6e2e475aab335bd7c365025ca0d0daa144b,,eligible,True,Tumor
TCGA-44-6777-11A,a6298ad5-dd68-44f6-85cf-f1d2c7673aa3,a126e83e-3907-487d-901a-4cfb91d5807a.rna_seq.augmented_star_gene_counts.tsv,d3ac1baac1474bb893ed5d88a309ef10,4220942,TCGA-44-6777,5f42537f-8c2a-48b6-8d9c-1f409711d128,Solid Tissue Normal,TCGA-44-6777-11A-01R-1858-07,eecca6e2e475aab335bd7c365025ca0d0daa144b,,eligible,True,Normal
TCGA-44-6778-01A,c5a1245e-f3c5-4f42-afd6-9b12f01a6445,facd5609-e5f0-4993-bd84-049447d60d32.rna_seq.augmented_star_gene_counts.tsv,e70ea75b06ab27626863f5d4936813cf,4236370,TCGA-44-6778,15321297-7110-4e79-8d6f-94c95bc83c94,Primary Tumor,TCGA-44-6778-01A-11R-1858-07,eecca6e2e475aab335bd7c365025ca0d0daa144b,,eligible,True,Tumor
TCGA-44-6778-11A,2d99f93c-797e-49a5-8892-a4e31e17b9c3,290ad2c0-6aeb-4eba-b3e7-fc47e8bfbdce.rna_seq.augmented_star_gene_counts.tsv,221963743f28299f96563489dde9dbfe,4233745,TCGA-44-6778,2d27ed82-5872-4628-b6b3-a3deecceb0df,Solid Tissue Normal,TCGA-44-6778-11A-01R-1858-07,eecca6e2e475aab335bd7c365025ca0d0daa144b,,eligible,True,Normal
TCGA-49-4490-01A,2f2cc9dc-1d0a-4302-b674-02d56c259ff3,8dc8ccd2-a842-4a48-a8db-007855733fc0.rna_seq.augmented_star_gene_counts.tsv,2f611c504c268ded62d5f6fb8ae9b629,4222485,TCGA-49-4490,185bc9bd-1e20-467c-9c06-908c8aa27e7d,Primary Tumor,TCGA-49-4490-01A-21R-1858-07,eecca6e2e475aab335bd7c365025ca0d0daa144b,,eligible,True,Tumor
TCGA-49-4490-11A,eac45bfd-6795-47a4-8d6b-5a7c8bc76cd1,a3069465-cb5b-43ef-aad9-73af4534b795.rna_seq.augmented_star_gene_counts.tsv,21ae68bb070b35994feb3a04b3b58747,4223174,TCGA-49-4490,e350aefe-7984-477b-988e-e82fdc941dcd,Solid Tissue Normal,TCGA-49-4490-11A-01R-1858-07,eecca6e2e475aab335bd7c365025ca0d0daa144b,,eligible,True,Normal
TCGA-49-4512-01A,e20ecad8-f22d-4e2d-99af-bc1be98c5128,085fd4df-27f7-4680-a0b5-8726f9eab370.rna_seq.augmented_star_gene_counts.tsv,132f5101f360a88ccfd95d9e99d7f3bb,4222449,TCGA-49-4512,d809a778-d1ac-4406-ab09-67cc70f1f0c2,Primary Tumor,TCGA-49-4512-01A-21R-1858-07,eecca6e2e475aab335bd7c365025ca0d0daa144b,,eligible,True,Tumor
TCGA-49-4512-11A,09fb135f-1c19-45d6-ae31-a8c32a0e06bf,36280315-a32b-4743-8a78-82bbfd116b82.rna_seq.augmented_star_gene_counts.tsv,f2c8d8dd2b102f328d7433c2f2a34913,4215958,TCGA-49-4512,67bf333d-f746-497f-b6b1-f241e93dc467,Solid Tissue Normal,TCGA-49-4512-11A-01R-1858-07,eecca6e2e475aab335bd7c365025ca0d0daa144b,,eligible,True,Normal
TCGA-49-6742-01A,a03c9de0-7526-4942-8a7a-5fe03ea191f6,3ce23908-d2b9-42b0-a409-5fbd767496c2.rna_seq.augmented_star_gene_counts.tsv,733ac10a0be01831a6086753e86afd82,4225761,TCGA-49-6742,f0a4ae58-d5bc-4ab0-b1cf-0d951ea91fc7,Primary Tumor,TCGA-49-6742-01A-11R-1858-07,eecca6e2e475aab335bd7c365025ca0d0daa144b,Prior malignancy,eligible,True,Tumor
TCGA-49-6742-11A,0d1f21df-73b3-4dd0-9ad4-fd5c7a5d2424,bcc5593d-3d16-4d6f-a1b9-854423ede69e.rna_seq.augmented_star_gene_counts.tsv,58c0c093e2489d1598139c59221e27f5,4228987,TCGA-49-6742,d9548fe4-5631-473a-82cd-1b089b638963,Solid Tissue Normal,TCGA-49-6742-11A-01R-1858-07,eecca6e2e475aab335bd7c365025ca0d0daa144b,Prior malignancy,eligible,True,Normal
TCGA-49-6743-01A,e9d3cac1-3a16-4e21-8fe8-a4944ce82cb8,e127acf3-0757-4f24-aff7-0fbe7283b9ed.rna_seq.augmented_star_gene_counts.tsv,170f3279dc7c199d7a65f88fac702997,4236769,TCGA-49-6743,5d7dae28-fc9f-4160-83aa-122f999668b0,Primary Tumor,TCGA-49-6743-01A-11R-1858-07,eecca6e2e475aab335bd7c365025ca0d0daa144b,,eligible,True,Tumor
TCGA-49-6743-11A,c48eecc3-0099-4dd4-b319-f13ad65bdc7e,888e2a67-2478-4680-9b48-163789783c7b.rna_seq.augmented_star_gene_counts.tsv,22efea641bb929646405bd8330896005,4223984,TCGA-49-6743,4da6a729-3cae-47f9-8739-d4b614b8561d,Solid Tissue Normal,TCGA-49-6743-11A-01R-1858-07,eecca6e2e475aab335bd7c365025ca0d0daa144b,,eligible,True,Normal
TCGA-49-6744-01A,1876b908-e911-464f-be23-2b4eae0a43b6,6efebff1-f165-415e-9001-45a782638785.rna_seq.augmented_star_gene_counts.tsv,69ab93a934179bda2077ed5915cc637a,4237227,TCGA-49-6744,a9d69d7e-298c-4ab6-b64f-1edc58832ccd,Primary Tumor,TCGA-49-6744-01A-11R-1858-07,eecca6e2e475aab335bd7c365025ca0d0daa144b,,eligible,True,Tumor
TCGA-49-6744-11A,9c7f6057-8225-4447-adb3-aed12aa974ad,b277d25a-5485-465a-bef3-db30dc75caa8.rna_seq.augmented_star_gene_counts.tsv,a12b713fdbbf346ace023d9ebfc97782,4227744,TCGA-49-6744,e3962e0e-eafa-4016-8fa4-1c4ba0d2a9ad,Solid Tissue Normal,TCGA-49-6744-11A-01R-1858-07,eecca6e2e475aab335bd7c365025ca0d0daa144b,,eligible,True,Normal
TCGA-49-6745-01A,9db8b103-5f3a-439b-993c-14879744c30a,7f9b4506-b00b-4b6f-8469-d0e4a73df1d4.rna_seq.augmented_star_gene_counts.tsv,ce4a992807ad6e324027faca1177ba8d,4231950,TCGA-49-6745,357f3efe-e2c9-432a-a2b6-75a5fdbae3be,Primary Tumor,TCGA-49-6745-01A-11R-1858-07,eecca6e2e475aab335bd7c365025ca0d0daa144b,Prior malignancy,eligible,True,Tumor
TCGA-49-6745-11A,24079217-3899-4843-81fc-638293771d93,c6bc9e5e-4116-4179-9a22-b75fc6bea73e.rna_seq.augmented_star_gene_counts.tsv,3194db55c64cfeb6c836ae2f85bf6e17,4226782,TCGA-49-6745,36be2a07-e71c-4b12-83d8-506376da8f5e,Solid Tissue Normal,TCGA-49-6745-11A-01R-1858-07,eecca6e2e475aab335bd7c365025ca0d0daa144b,Prior malignancy,eligible,True,Normal
TCGA-49-6761-01A,5b99d571-43d2-4d26-9a3b-0a299a0ce048,60cc41cd-a0af-4cad-a4be-253781e2f0b8.rna_seq.augmented_star_gene_counts.tsv,8b62fcc48ef1b4143da81fe3b74cf6dd,4222207,TCGA-49-6761,b675e2fa-e96b-48a1-aff0-7d311c053d5a,Primary Tumor,TCGA-49-6761-01A-31R-1949-07,eecca6e2e475aab335bd7c365025ca0d0daa144b,,eligible,True,Tumor
TCGA-49-6761-11A,ca8dc4e0-e8d2-4574-b3a0-74b058bd2b96,d3c4d6a0-ae8f-416d-93b5-2f7143f0f857.rna_seq.augmented_star_gene_counts.tsv,cc18e937da5c9ba2970c76897b9a8c2e,4215686,TCGA-49-6761,f4fb69c3-8ee2-465c-8025-8b7ae74ea828,Solid Tissue Normal,TCGA-49-6761-11A-01R-1949-07,eecca6e2e475aab335bd7c365025ca0d0daa144b,,eligible,True,Normal
TCGA-50-5930-01A,df504497-a30e-4a11-a62f-dcb46e741dfb,22c48da7-f220-43f4-a1b0-fd57358f7ae7.rna_seq.augmented_star_gene_counts.tsv,730d6953bb60933cf218ba881a93bfa6,4206146,TCGA-50-5930,3e30dbd1-10bf-4450-8d19-6f44d3284e02,Primary Tumor,TCGA-50-5930-01A-11R-1755-07,eecca6e2e475aab335bd7c365025ca0d0daa144b,,eligible,True,Tumor
TCGA-50-5930-11A,94913b2f-256e-4487-90ed-2c9b3869ca6b,bbb551fa-5173-4987-8de4-d596bf56897a.rna_seq.augmented_star_gene_counts.tsv,5a404d0de037becd9d1254a360b4942f,4217436,TCGA-50-5930,4cddb392-fc4b-4400-a44f-2e92a78b3e97,Solid Tissue Normal,TCGA-50-5930-11A-01R-1755-07,eecca6e2e475aab335bd7c365025ca0d0daa144b,,eligible,True,Normal
TCGA-50-5931-01A,69933ac8-e7a7-43b6-8231-2ecb35f88d52,c9d8385a-9f73-48f9-bca4-1c0647881bfd.rna_seq.augmented_star_gene_counts.tsv,8eafe6fede10733417326ed7b3e61f12,4235050,TCGA-50-5931,16a2d381-75a0-423b-aac2-d5710afb183b,Primary Tumor,TCGA-50-5931-01A-11R-1755-07,eecca6e2e475aab335bd7c365025ca0d0daa144b,,eligible,True,Tumor
TCGA-50-5931-11A,94613d97-0a68-4212-beef-3c97a0b363ef,b7837fd0-426f-49dd-9de0-4e648b78f896.rna_seq.augmented_star_gene_counts.tsv,5bb5322992c2424e54f32ed5fc5e67d9,4220201,TCGA-50-5931,0ebe60d2-3a5b-41a5-a3f2-8e50a72dc2d1,Solid Tissue Normal,TCGA-50-5931-11A-01R-1858-07,eecca6e2e475aab335bd7c365025ca0d0daa144b,,eligible,True,Normal
TCGA-50-5932-01A,b080156e-0711-42f5-83c7-a34de25cbba9,fe3a5a49-7744-4336-a4b6-0e88f23e21d8.rna_seq.augmented_star_gene_counts.tsv,15220c8a957b906fb33769b1b0e65227,4233140,TCGA-50-5932,7ecb9621-7a1f-4876-9dfb-9b77cc4cb7b4,Primary Tumor,TCGA-50-5932-01A-11R-1755-07,eecca6e2e475aab335bd7c365025ca0d0daa144b,Prior malignancy,eligible,True,Tumor
TCGA-50-5932-11A,75473987-65e2-43eb-a5bb-04cb7a40c902,06f0836c-ae3f-4c83-bb20-a5a74796bb11.rna_seq.augmented_star_gene_counts.tsv,02dd7eb9326dbd731ea318462dea4d65,4220778,TCGA-50-5932,0e7847d9-d1d0-4980-8f44-c428f36b83f0,Solid Tissue Normal,TCGA-50-5932-11A-01R-1755-07,eecca6e2e475aab335bd7c365025ca0d0daa144b,Prior malignancy,eligible,True,Normal
TCGA-50-5933-01A,a412b415-0692-4adf-8447-067ad69913d7,fcb42a31-a716-430f-a0a1-001766fc62b5.rna_seq.augmented_star_gene_counts.tsv,fd911ac5bbe78ead902c93f526838477,4228758,TCGA-50-5933,d2355f3a-e2ce-4791-b1fb-b570850681df,Primary Tumor,TCGA-50-5933-01A-11R-1755-07,eecca6e2e475aab335bd7c365025ca0d0daa144b,,eligible,True,Tumor
TCGA-50-5933-11A,a71c722c-3483-4910-926d-c79b6c9a4e7d,87bac569-d647-4a76-8e33-6ce085888138.rna_seq.augmented_star_gene_counts.tsv,ba3de50b89fa23720481bf19cbc29630,4230739,TCGA-50-5933,e535fb19-2411-4e71-a3cd-08aec4f0fd4c,Solid Tissue Normal,TCGA-50-5933-11A-01R-1755-07,eecca6e2e475aab335bd7c365025ca0d0daa144b,,eligible,True,Normal
TCGA-50-5935-01A,d3d249ab-0483-4e9c-99f3-07afb5b6dabc,73babed8-f934-42c7-9020-30f7c3e1766d.rna_seq.augmented_star_gene_counts.tsv,4239402935c3e36a01b087de299eccb3,4229288,TCGA-50-5935,98687adb-f8e9-4e6e-bc1b-396a3ddfac96,Primary Tumor,TCGA-50-5935-01A-11R-1755-07,eecca6e2e475aab335bd7c365025ca0d0daa144b,Prior malignancy,eligible,True,Tumor
TCGA-50-5935-11A,2ff24c33-39c6-4171-af42-f54e4ee8b021,2f93d52a-e8ab-454b-ae76-74b35cd561da.rna_seq.augmented_star_gene_counts.tsv,202684ca4587493c7e347a944af3346e,4224352,TCGA-50-5935,7d689c5f-365d-4e69-8ae6-971d96d56df1,Solid Tissue Normal,TCGA-50-5935-11A-01R-1858-07,eecca6e2e475aab335bd7c365025ca0d0daa144b,Prior malignancy,eligible,True,Normal
TCGA-50-5936-01A,055fcce9-7448-4a16-ad18-d235dac7ce97,b95a1889-2ef5-4da3-b5e9-14b678c4d71a.rna_seq.augmented_star_gene_counts.tsv,e377ff197e805d9c7486d7285f9e12af,4220504,TCGA-50-5936,5b90379e-83f2-459a-be36-bd7ebbb6bfff,Primary Tumor,TCGA-50-5936-01A-11R-1628-07,eecca6e2e475aab335bd7c365025ca0d0daa144b,,eligible,True,Tumor
TCGA-50-5936-11A,ad62355a-f287-49b2-84a9-64c0f5847c20,6a8d149a-963f-4e36-a031-aef7b057452b.rna_seq.augmented_star_gene_counts.tsv,6c2ac387fa4b1419c300853fecabbaa9,4224921,TCGA-50-5936,5af84779-8d50-4ba9-a61c-04bd7de3f812,Solid Tissue Normal,TCGA-50-5936-11A-01R-1628-07,eecca6e2e475aab335bd7c365025ca0d0daa144b,,eligible,True,Normal
TCGA-50-5939-01A,8148f34c-1ddd-454a-8761-8b76e97e8534,4a39a182-e583-4ff0-a8f0-f73b0f5c4f20.rna_seq.augmented_star_gene_counts.tsv,4b5d514b2aa04892b35a766af78e6ea7,4221589,TCGA-50-5939,6a27f5f8-f4ee-45c7-b953-ddd7d0291dbb,Primary Tumor,TCGA-50-5939-01A-11R-1628-07,eecca6e2e475aab335bd7c365025ca0d0daa144b,Prior malignancy,eligible,True,Tumor
TCGA-50-5939-11A,81152340-ffac-4122-8b21-bef3a474a18e,a84ef848-a790-4e90-96b4-45b24c3aaaf4.rna_seq.augmented_star_gene_counts.tsv,cb1f2a1796538d6edd31cb6321066fe6,4226172,TCGA-50-5939,1a762ac4-b6ef-4ea1-889a-0fda1df26765,Solid Tissue Normal,TCGA-50-5939-11A-01R-1628-07,eecca6e2e475aab335bd7c365025ca0d0daa144b,Prior malignancy,eligible,True,Normal
TCGA-50-6595-01A,0e9c2659-4131-4274-b0b4-3e191239f5f3,29000c50-6667-4281-a97a-5f02cb24a8f4.rna_seq.augmented_star_gene_counts.tsv,c212fbcd1096dfdda2d62f47fb9baec0,4223489,TCGA-50-6595,9ed482d9-2aea-4200-a994-107a1e88f17b,Primary Tumor,TCGA-50-6595-01A-12R-1858-07,eecca6e2e475aab335bd7c365025ca0d0daa144b,,eligible,True,Tumor
TCGA-50-6595-11A,f700b996-2ccf-4f59-9249-da7f087054ba,8885b4e5-f8e7-4198-b7ce-bc5c754f504d.rna_seq.augmented_star_gene_counts.tsv,da8693731d4ddbd18542f3fe834f75a9,4248467,TCGA-50-6595,572aec4a-6aa4-4528-b994-885415e7eea2,Solid Tissue Normal,TCGA-50-6595-11A-01R-1858-07,eecca6e2e475aab335bd7c365025ca0d0daa144b,,eligible,True,Normal
TCGA-55-6968-01A,883bbed6-0216-48c2-9694-5dba83ce65c7,af407c3f-2dad-4fb9-850e-4a79b361589b.rna_seq.augmented_star_gene_counts.tsv,d19a4ab3b293c1bedf7ad79fd796dad1,4233751,TCGA-55-6968,df25f146-a833-4bfd-adf7-b41b6a7f797e,Primary Tumor,TCGA-55-6968-01A-11R-1949-07,eecca6e2e475aab335bd7c365025ca0d0daa144b,,eligible,True,Tumor
TCGA-55-6968-11A,29dd3ad7-f2c6-4abf-8e81-6734e4bd8a6a,aa85d7ef-5884-4eb4-a78b-3023d2e01a8b.rna_seq.augmented_star_gene_counts.tsv,7164d3905ae90792fe49404e3f7825d5,4221503,TCGA-55-6968,affbf41b-ea28-406a-bdcb-146b9c053978,Solid Tissue Normal,TCGA-55-6968-11A-01R-1949-07,eecca6e2e475aab335bd7c365025ca0d0daa144b,,eligible,True,Normal
TCGA-55-6969-01A,45d4b468-9089-46fd-8b5e-ad80a5148abd,6e2e3178-73ad-4590-a56b-bb7fd9984acd.rna_seq.augmented_star_gene_counts.tsv,793334bac3ad933f56e75de2b5cccf81,4251058,TCGA-55-6969,64a45521-0494-45f6-b605-198e5c2c56ba,Primary Tumor,TCGA-55-6969-01A-11R-1949-07,eecca6e2e475aab335bd7c365025ca0d0daa144b,,eligible,True,Tumor
TCGA-55-6969-11A,9ad544f6-b684-4a97-8d05-f812267962bb,f8a748c2-91e5-49a2-9095-229476dc9ce5.rna_seq.augmented_star_gene_counts.tsv,57855060f7c89352ab88009f92c93092,4224341,TCGA-55-6969,cf83442c-cc01-41e6-bc00-c193237213ea,Solid Tissue Normal,TCGA-55-6969-11A-01R-1949-07,eecca6e2e475aab335bd7c365025ca0d0daa144b,,eligible,True,Normal
TCGA-55-6970-01A,9bf51961-c60a-43df-87eb-a64dae9e4e10,52beaa60-92f3-48cf-a695-78bb66ccd4f6.rna_seq.augmented_star_gene_counts.tsv,178a1bafa3baf212e8d0ac4e73c478ff,4245175,TCGA-55-6970,ce18c482-da4e-4166-a49c-29dc0bfb4472,Primary Tumor,TCGA-55-6970-01A-11R-1949-07,eecca6e2e475aab335bd7c365025ca0d0daa144b,,eligible,True,Tumor
TCGA-55-6970-11A,89bdfb20-8991-4bc4-b112-6e9be096b566,4f332295-b93c-48bf-8125-3a1539a03742.rna_seq.augmented_star_gene_counts.tsv,b0e63c739107c0d80a1045351c7b791a,4225793,TCGA-55-6970,49d32568-b016-4a49-b866-53486697fea7,Solid Tissue Normal,TCGA-55-6970-11A-01R-1949-07,eecca6e2e475aab335bd7c365025ca0d0daa144b,,eligible,True,Normal
TCGA-55-6971-01A,d72c21fe-ff33-4f1e-a138-420968f1daf4,89bcf4e2-f855-4035-bf0d-fe4917248223.rna_seq.augmented_star_gene_counts.tsv,172d4f3390be50f967ab76bd36e2f9bd,4226217,TCGA-55-6971,9ee35460-266a-485d-966d-b235fe620ccc,Primary Tumor,TCGA-55-6971-01A-11R-1949-07,eecca6e2e475aab335bd7c365025ca0d0daa144b,,eligible,True,Tumor
TCGA-55-6971-11A,c36f84e5-8c59-46fe-af32-7f70684383b2,07a66ae7-6b95-4d57-b308-dcb30672b6b9.rna_seq.augmented_star_gene_counts.tsv,cdde02700855e2ec0262c7951e97283b,4228907,TCGA-55-6971,32727a14-832e-4a74-9a6f-27cb1658d8b6,Solid Tissue Normal,TCGA-55-6971-11A-01R-1949-07,eecca6e2e475aab335bd7c365025ca0d0daa144b,,eligible,True,Normal
TCGA-55-6972-01A,68b00cb6-4335-4c64-a3e0-0c29ed574480,5418228b-cfd0-4580-87c6-3ebf6282ad73.rna_seq.augmented_star_gene_counts.tsv,fbabeebae2266a15dd0d21fc71796c93,4211769,TCGA-55-6972,38c83b40-fba4-48d4-ad6e-93768cb6139f,Primary Tumor,TCGA-55-6972-01A-11R-1949-07,eecca6e2e475aab335bd7c365025ca0d0daa144b,,eligible,True,Tumor
TCGA-55-6972-11A,a4b8b2f2-6a56-4999-bd95-c2c8e4aa3bd0,5c5dec6e-b6ee-44af-a42e-485bdf54bde4.rna_seq.augmented_star_gene_counts.tsv,0b69a90b362e7d9bdf2019a5b0ee9f09,4224243,TCGA-55-6972,650e21b6-138d-4b15-9551-a088695ef45f,Solid Tissue Normal,TCGA-55-6972-11A-01R-1949-07,eecca6e2e475aab335bd7c365025ca0d0daa144b,,eligible,True,Normal
TCGA-55-6975-01A,385d903b-bab4-4c2e-8334-3a304d1a56fa,f05d253b-7b64-4ecc-8249-55392326a91d.rna_seq.augmented_star_gene_counts.tsv,fc24531e9defdd925283193b80380612,4217558,TCGA-55-6975,f274b7e1-4f18-4f90-851f-5c2d8b984fd3,Primary Tumor,TCGA-55-6975-01A-11R-1949-07,eecca6e2e475aab335bd7c365025ca0d0daa144b,,eligible,True,Tumor
TCGA-55-6975-11A,8dbb93bd-bf45-4148-acdb-6609d5c4a1e3,ce9e3b71-b907-4c30-bbc9-fd929a6df15b.rna_seq.augmented_star_gene_counts.tsv,208c0166671cd6078ea6dccc6734c570,4217876,TCGA-55-6975,b42fbf86-25db-46ec-b71f-18b8d9b83bc1,Solid Tissue Normal,TCGA-55-6975-11A-01R-1949-07,eecca6e2e475aab335bd7c365025ca0d0daa144b,,eligible,True,Normal
TCGA-55-6978-01A,deddc259-f962-468a-bfcf-60da1e695833,d34f0d3c-a058-4569-a8c8-380ada182e76.rna_seq.augmented_star_gene_counts.tsv,6af5bf4748e870fd24ec95a64192037d,4248771,TCGA-55-6978,500910ea-f0c9-4ed9-a2c6-510f92c36e7d,Primary Tumor,TCGA-55-6978-01A-11R-1949-07,eecca6e2e475aab335bd7c365025ca0d0daa144b,Prior malignancy,eligible,True,Tumor
TCGA-55-6978-11A,bbb426a9-806b-4417-a3cd-4dd1b0c87792,ad73d464-c21b-4d07-9f89-a322f9366f1c.rna_seq.augmented_star_gene_counts.tsv,dd21298c62186596b101ad4c9364ccf6,4227111,TCGA-55-6978,bf086e79-d781-4620-b8f5-868e70f293c2,Solid Tissue Normal,TCGA-55-6978-11A-01R-1949-07,eecca6e2e475aab335bd7c365025ca0d0daa144b,Prior malignancy,eligible,True,Normal
TCGA-55-6979-01A,765f26d4-120a-459d-90c7-74a8532b407c,fa7777c7-e04a-41db-9ade-0c875c62411f.rna_seq.augmented_star_gene_counts.tsv,6f458d0bdc6812915432f06e1019dd20,4228472,TCGA-55-6979,11e65f8b-4e48-42e7-a87c-bcf2538168c6,Primary Tumor,TCGA-55-6979-01A-11R-1949-07,eecca6e2e475aab335bd7c365025ca0d0daa144b,Prior malignancy,eligible,True,Tumor
TCGA-55-6979-11A,3ce6800e-9df0-45a7-9e18-7e141911e4e9,0c73a12d-b6a0-4ee0-9364-6744964e3526.rna_seq.augmented_star_gene_counts.tsv,a0f2516641e60c6c2abb721ab1d8fef3,4214329,TCGA-55-6979,b431b2d3-66b6-4d0a-b90b-c526341e9170,Solid Tissue Normal,TCGA-55-6979-11A-01R-1949-07,eecca6e2e475aab335bd7c365025ca0d0daa144b,Prior malignancy,eligible,True,Normal
TCGA-55-6980-01A,4b11527c-fb98-4ad4-aaac-6f0c6c1d185c,78e95f3e-1067-48a8-9429-dfdd6f587066.rna_seq.augmented_star_gene_counts.tsv,6d0cc74da5bd27143b1a5fce6fbeeee5,4219964,TCGA-55-6980,c58243d7-77ea-4806-8298-2e322d5219a3,Primary Tumor,TCGA-55-6980-01A-11R-1949-07,eecca6e2e475aab335bd7c365025ca0d0daa144b,,eligible,True,Tumor
TCGA-55-6980-11A,a8252e2f-1dbd-4f3c-9e11-599a33d6fd24,a43440a1-25e9-4841-8cc0-b5c5ebc4a8b7.rna_seq.augmented_star_gene_counts.tsv,eedaea98c82a46a1b10d887366dba45c,4220412,TCGA-55-6980,2315f189-cce1-4ee2-8943-9bba2099a391,Solid Tissue Normal,TCGA-55-6980-11A-01R-1949-07,eecca6e2e475aab335bd7c365025ca0d0daa144b,,eligible,True,Normal
TCGA-55-6981-01A,a777fb14-4498-4f32-bccb-1e8521567302,96780e00-b519-4bec-a49b-c2cc2d19a744.rna_seq.augmented_star_gene_counts.tsv,6d7026d174217106f4ba9a89afc59647,4216161,TCGA-55-6981,2b87b12c-5ca7-4492-a2f6-26f9644e1d5a,Primary Tumor,TCGA-55-6981-01A-11R-1949-07,eecca6e2e475aab335bd7c365025ca0d0daa144b,,eligible,True,Tumor
TCGA-55-6981-11A,aab3583f-37ca-4f2f-8428-aa8eda2c2274,a7517dae-ab9e-42eb-a512-eb0ca6f89166.rna_seq.augmented_star_gene_counts.tsv,3c277dd201b74e1c55ad8711cd1fa2e5,4224070,TCGA-55-6981,7f21527c-8434-474e-b223-b24d5b4d57f7,Solid Tissue Normal,TCGA-55-6981-11A-01R-1949-07,eecca6e2e475aab335bd7c365025ca0d0daa144b,,eligible,True,Normal
TCGA-55-6982-01A,5c32fbb8-55ee-4bc9-a0db-d8ac0b04bdc4,4966ebc7-b3d5-49d1-885d-f6ae4a8781e6.rna_seq.augmented_star_gene_counts.tsv,c5144e55397649f3223f805b5d73d5d5,4220045,TCGA-55-6982,3b284fc6-7dc4-46c2-8ec9-1121ef0b4308,Primary Tumor,TCGA-55-6982-01A-11R-1949-07,eecca6e2e475aab335bd7c365025ca0d0daa144b,,eligible,True,Tumor
TCGA-55-6982-11A,1a06f92b-21c5-4666-b666-8b9135a4482a,602ac1fc-c8ad-4e47-988b-1e9e1aa3ce26.rna_seq.augmented_star_gene_counts.tsv,52e07da570d86bc245f1908679466015,4230154,TCGA-55-6982,ffb185aa-75ac-4696-936b-52f35a345a2d,Solid Tissue Normal,TCGA-55-6982-11A-01R-1949-07,eecca6e2e475aab335bd7c365025ca0d0daa144b,,eligible,True,Normal
TCGA-55-6983-01A,26c96b62-02b6-4108-9a2d-bec3d880db2a,b573a788-d117-48b0-9cab-c4ecbde82706.rna_seq.augmented_star_gene_counts.tsv,660142b9835fcffcba5185caba0fb9c0,4254025,TCGA-55-6983,168a4a36-b73d-4c17-aaa4-1e4824a155c2,Primary Tumor,TCGA-55-6983-01A-11R-1949-07,eecca6e2e475aab335bd7c365025ca0d0daa144b,,eligible,True,Tumor
TCGA-55-6983-11A,46ef57a2-e2ce-4ffe-9ce8-c043c6065863,31a238a8-4238-4d56-aac5-4769ce173664.rna_seq.augmented_star_gene_counts.tsv,7315d53e373d274c020c1a82b6439495,4218631,TCGA-55-6983,f6d0a76c-9baf-458c-b4c7-2784272a2f62,Solid Tissue Normal,TCGA-55-6983-11A-01R-1949-07,eecca6e2e475aab335bd7c365025ca0d0daa144b,,eligible,True,Normal
TCGA-55-6984-01A,09296d1f-9877-438d-96d8-7b4cc52940dd,49932944-ad54-4c6c-affc-08a4b76de933.rna_seq.augmented_star_gene_counts.tsv,d9a028d0e2e6a3aff7c833c7e73199be,4217774,TCGA-55-6984,76c0adae-eef5-459e-a4c9-397d94ebfdcc,Primary Tumor,TCGA-55-6984-01A-11R-1949-07,eecca6e2e475aab335bd7c365025ca0d0daa144b,,eligible,True,Tumor
TCGA-55-6984-11A,53b14fb6-9f29-412a-921b-49e270fa2039,5511e816-3ce5-4d0c-80a7-71ee42ba8fc9.rna_seq.augmented_star_gene_counts.tsv,52c7e9c85942f473d73e9cc6c6f9d108,4246905,TCGA-55-6984,0e0ff02a-dd07-487b-bd81-fa2a001977fb,Solid Tissue Normal,TCGA-55-6984-11A-01R-1949-07,eecca6e2e475aab335bd7c365025ca0d0daa144b,,eligible,True,Normal
TCGA-55-6985-01A,40dba5d9-ce2e-483b-b4a7-19fbca8158e5,dc3ac0d3-d862-4761-ac12-60bb4d6758c1.rna_seq.augmented_star_gene_counts.tsv,9a694d0d5914d8e5193fd1f5f60ca4d8,4228652,TCGA-55-6985,c52909f8-5d3f-4db2-952a-8c13814ddfb0,Primary Tumor,TCGA-55-6985-01A-11R-1949-07,eecca6e2e475aab335bd7c365025ca0d0daa144b,,eligible,True,Tumor
TCGA-55-6985-11A,6c20a899-c806-46d0-b744-a26e53a9cb45,80ef527d-5511-4944-a1b3-1426d98294b7.rna_seq.augmented_star_gene_counts.tsv,988dc2e0d83db9da378b80513d7391cb,4249184,TCGA-55-6985,78fc7ec1-6795-45d8-a9e1-c8ef88d202e5,Solid Tissue Normal,TCGA-55-6985-11A-01R-1949-07,eecca6e2e475aab335bd7c365025ca0d0daa144b,,eligible,True,Normal
TCGA-55-6986-01A,ad6ae9d2-c6f5-4686-9b3c-45ea130493f3,2fde57cd-97d2-492d-b37d-a4e2d43239cf.rna_seq.augmented_star_gene_counts.tsv,526f83fd0fa0a2130fd04c8103af23f5,4223654,TCGA-55-6986,9622c370-68d0-48da-a7e0-5eb4765b6f27,Primary Tumor,TCGA-55-6986-01A-11R-1949-07,eecca6e2e475aab335bd7c365025ca0d0daa144b,,eligible,True,Tumor
TCGA-55-6986-11A,3f474548-c7b2-4d5e-9f8d-03c800a094fe,3db0576d-969f-4cb6-9e5d-51407b953ef4.rna_seq.augmented_star_gene_counts.tsv,d80b1ad9d5dc15ab9a94d1d713c0e802,4266272,TCGA-55-6986,e8e0e53a-4009-4141-ba6f-eed35fcaad7b,Solid Tissue Normal,TCGA-55-6986-11A-01R-1949-07,eecca6e2e475aab335bd7c365025ca0d0daa144b,,eligible,True,Normal
TCGA-91-6828-01A,afdf58d1-5814-4e78-a92e-26fbcc97da32,0a5dab01-33ff-41d1-8842-7b7f18a6efe0.rna_seq.augmented_star_gene_counts.tsv,96f4226c5a485e5eee3a6156d4b4ba05,4219971,TCGA-91-6828,cfe0f0e4-d8bf-40ce-99f1-2bf99ceca18b,Primary Tumor,TCGA-91-6828-01A-11R-1858-07,eecca6e2e475aab335bd7c365025ca0d0daa144b,,eligible,True,Tumor
TCGA-91-6828-11A,2fe6f165-3396-4abd-a0cd-07968d826828,b3c9ca27-6b77-4abd-92d5-45d48d34ba42.rna_seq.augmented_star_gene_counts.tsv,354c20fba28229053fb91d12d6552094,4228926,TCGA-91-6828,a2ea00c0-232e-496b-bffb-20ce1b533099,Solid Tissue Normal,TCGA-91-6828-11A-01R-1858-07,eecca6e2e475aab335bd7c365025ca0d0daa144b,,eligible,True,Normal
TCGA-91-6829-01A,ffec28dd-cc44-4057-bcc3-ccc0cd2331c2,d21d91e9-6e19-4c5f-aa2e-cdd41d98e542.rna_seq.augmented_star_gene_counts.tsv,ea7b5b0033e14dc6c804d58059f6ac0c,4236967,TCGA-91-6829,9b416640-9aec-4b0d-aa88-b94287375950,Primary Tumor,TCGA-91-6829-01A-21R-1858-07,eecca6e2e475aab335bd7c365025ca0d0daa144b,,eligible,True,Tumor
TCGA-91-6829-11A,3f441cc8-98bd-4650-b5ad-19ae8542b666,a27393cf-e1e1-427f-9a96-40e2ab1af0d1.rna_seq.augmented_star_gene_counts.tsv,00edf1e747b19b85445caea8a1c2840e,4227666,TCGA-91-6829,eedf6790-10f7-4c33-a1a6-7857ad23f7e8,Solid Tissue Normal,TCGA-91-6829-11A-01R-1858-07,eecca6e2e475aab335bd7c365025ca0d0daa144b,,eligible,True,Normal
TCGA-91-6831-01A,14d76abd-84f2-4875-8d03-5a27b4505715,56d7d6b5-33c0-4551-967c-afce1f970395.rna_seq.augmented_star_gene_counts.tsv,bb0154dc392468a8e4ee8ab354eb3966,4230456,TCGA-91-6831,7b1d8b50-f3df-4aab-a654-c3810d8d576d,Primary Tumor,TCGA-91-6831-01A-11R-1858-07,eecca6e2e475aab335bd7c365025ca0d0daa144b,,eligible,True,Tumor
TCGA-91-6831-11A,7671d2c4-d6da-46d5-8ef0-baab496456d2,0c09f267-c052-4208-83f3-9acbad0867d5.rna_seq.augmented_star_gene_counts.tsv,2e2692c2ae972bad152b7041f46be450,4210042,TCGA-91-6831,41433a93-f941-40d7-bd47-cb6bef90d289,Solid Tissue Normal,TCGA-91-6831-11A-02R-1858-07,eecca6e2e475aab335bd7c365025ca0d0daa144b,,eligible,True,Normal
TCGA-91-6835-01A,8e14dba9-6132-483c-892b-b244704fdc38,9343d3bd-0f60-49c3-8625-31a8a7a846c4.rna_seq.augmented_star_gene_counts.tsv,ad64263c4428fbc208bb34e0a5d2e362,4245632,TCGA-91-6835,efd3f14f-f785-4aec-9efd-6dd8e9c41eba,Primary Tumor,TCGA-91-6835-01A-11R-1858-07,eecca6e2e475aab335bd7c365025ca0d0daa144b,,eligible,True,Tumor
TCGA-91-6835-11A,b6d704be-2e8f-40cc-9c09-ffde6be5c814,9ef1e12b-70d8-482c-b75f-6c69afd6e2ff.rna_seq.augmented_star_gene_counts.tsv,306b7c7f14d2ca02e179a2b05ae193e7,4235174,TCGA-91-6835,d6ef8f0b-39ad-42bd-b2bd-62b42bbb69e2,Solid Tissue Normal,TCGA-91-6835-11A-01R-1858-07,eecca6e2e475aab335bd7c365025ca0d0daa144b,,eligible,True,Normal
TCGA-91-6836-01A,e7ae9253-4c2d-41bd-9d3a-c37e9841f479,186b7ed8-cc25-45b6-bf7d-25d7a3a2154a.rna_seq.augmented_star_gene_counts.tsv,1a88bab62fc5a34f5481e2ae15839071,4233633,TCGA-91-6836,49a0ab8a-f379-4394-accf-0b4b08d2dcc6,Primary Tumor,TCGA-91-6836-01A-21R-1858-07,eecca6e2e475aab335bd7c365025ca0d0daa144b,Synchronous malignancy,eligible,True,Tumor
TCGA-91-6836-11A,e1a4e922-876b-45d1-8fb6-5d39dbf6ff60,3dbeacde-e4f1-443a-b34e-28c44acce88c.rna_seq.augmented_star_gene_counts.tsv,e069caf93d5dde80a1a6c3419e4c93fa,4221708,TCGA-91-6836,baa41644-5248-4838-acc4-56d35c7a88ae,Solid Tissue Normal,TCGA-91-6836-11A-01R-1858-07,eecca6e2e475aab335bd7c365025ca0d0daa144b,Synchronous malignancy,eligible,True,Normal
TCGA-91-6847-01A,32046abb-8476-4e4f-8090-1ce003107490,905e32cb-a5bd-46a4-ac0f-32585e042695.rna_seq.augmented_star_gene_counts.tsv,43f5599ac6d7d205ec1dab3485e9319b,4243351,TCGA-91-6847,96a05d4b-3731-4b98-b38f-a6b33cd6ed96,Primary Tumor,TCGA-91-6847-01A-11R-1949-07,eecca6e2e475aab335bd7c365025ca0d0daa144b,,eligible,True,Tumor
TCGA-91-6847-11A,9f01664c-19be-4841-afb4-297483d22ec8,e3955555-9663-49da-bb98-f6593eb74d7f.rna_seq.augmented_star_gene_counts.tsv,7184dc00dcd6180814d97f3c61b75ed5,4223044,TCGA-91-6847,599c32bd-7967-4ced-a571-8836135510a9,Solid Tissue Normal,TCGA-91-6847-11A-01R-1949-07,eecca6e2e475aab335bd7c365025ca0d0daa144b,,eligible,True,Normal
TCGA-91-6849-01A,ad8bf3fe-2831-4c1c-81f9-c65e09b2d45e,34d64c67-b35b-418e-a7b2-759804876762.rna_seq.augmented_star_gene_counts.tsv,6367a7f9e1c6082c9ed940caa1751941,4213808,TCGA-91-6849,4bee0576-d35f-477b-b974-79cb89c88950,Primary Tumor,TCGA-91-6849-01A-11R-1949-07,eecca6e2e475aab335bd7c365025ca0d0daa144b,,eligible,True,Tumor
TCGA-91-6849-11A,bb64143e-c48a-45c7-914b-4ec5bcea9e27,de6f3bfe-6e91-4894-a826-67ebf147a6f0.rna_seq.augmented_star_gene_counts.tsv,e31926497b25c82988750ae27ed5ac4b,4227951,TCGA-91-6849,7f82cda9-daa0-469f-9157-e6c30171150f,Solid Tissue Normal,TCGA-91-6849-11A-01R-1949-07,eecca6e2e475aab335bd7c365025ca0d0daa144b,,eligible,True,Normal
