subset,gene,pairs,median_log2_normalized_difference,p,direction_agrees,q
all_pairs,PYCR1,50,3.708442517126266,1.7763568394002505e-15,True,1.7763568394002505e-15
all_pairs,SLC6A4,50,-7.671282569292666,1.7763568394002505e-15,True,1.7763568394002505e-15
all_pairs,RTKN2,50,-4.487581027275937,1.7763568394002505e-15,True,1.7763568394002505e-15
all_pairs,FABP4,50,-5.7125289567015205,1.7763568394002505e-15,True,1.7763568394002505e-15
all_pairs,SERTM1,50,-6.856226076738398,1.7763568394002505e-15,True,1.7763568394002505e-15
all_pairs,FHL1,50,-3.5473362941936664,1.7763568394002505e-15,True,1.7763568394002505e-15
all_pairs,AGER,50,-6.00266853229294,1.7763568394002505e-15,True,1.7763568394002505e-15
all_pairs,RGCC,50,-2.8247621091012105,1.7763568394002505e-15,True,1.7763568394002505e-15
all_pairs,KANK3,50,-3.0013779935354554,1.7763568394002505e-15,True,1.7763568394002505e-15
all_pairs,RAMP2,50,-2.890411368454182,1.7763568394002505e-15,True,1.7763568394002505e-15
same_plate_pairs,PYCR1,39,3.902691701776396,3.637978807091713e-12,True,3.637978807091713e-12
same_plate_pairs,SLC6A4,39,-7.590285376497267,3.637978807091713e-12,True,3.637978807091713e-12
same_plate_pairs,RTKN2,39,-4.591406062509339,3.637978807091713e-12,True,3.637978807091713e-12
same_plate_pairs,FABP4,39,-5.679536741801175,3.637978807091713e-12,True,3.637978807091713e-12
same_plate_pairs,SERTM1,39,-6.918110335543789,3.637978807091713e-12,True,3.637978807091713e-12
same_plate_pairs,FHL1,39,-3.680047878057536,3.637978807091713e-12,True,3.637978807091713e-12
same_plate_pairs,AGER,39,-6.497337066725885,3.637978807091713e-12,True,3.637978807091713e-12
same_plate_pairs,RGCC,39,-2.8225984047884882,3.637978807091713e-12,True,3.637978807091713e-12
same_plate_pairs,KANK3,39,-3.0363319150147525,3.637978807091713e-12,True,3.637978807091713e-12
same_plate_pairs,RAMP2,39,-2.8483374257410254,3.637978807091713e-12,True,3.637978807091713e-12
