sample,patient,condition,library_size,detected_genes,tpm_sum,N_unmapped,N_multimapping,N_noFeature,N_ambiguous
TCGA-05-4244-01A,TCGA-05-4244,Primary Tumor,63602616,35561,999999.9874000001,2419725,5959948,6722374,6858141
TCGA-05-4249-01A,TCGA-05-4249,Primary Tumor,63798287,33940,1000000.0094999998,2389002,6317951,3275231,6711313
TCGA-05-4250-01A,TCGA-05-4250,Primary Tumor,63024011,31648,1000000.0100999998,2243833,5445629,1792081,6941632
TCGA-05-4382-01A,TCGA-05-4382,Primary Tumor,93661599,37174,1000000.005,4256633,11670707,5121264,10518778
TCGA-05-4384-01A,TCGA-05-4384,Primary Tumor,33032251,31988,1000000.0168000001,1052742,3754833,2385395,3478809
TCGA-05-4389-01A,TCGA-05-4389,Primary Tumor,62143459,32834,999999.9996999999,2453144,6780306,1937389,7467259
TCGA-05-4390-01A,TCGA-05-4390,Primary Tumor,32701163,28490,999999.9990999999,877920,3363771,1088671,3634410
TCGA-05-4395-01A,TCGA-05-4395,Primary Tumor,89071858,32213,1000000.0021,3268212,10758080,2278804,12399343
TCGA-05-4396-01A,TCGA-05-4396,Primary Tumor,27381440,29983,1000000.0055,884575,2589495,1907110,2783577
TCGA-05-4397-01A,TCGA-05-4397,Primary Tumor,95294578,36744,1000000.0055,3157567,8656526,4523939,11818909
TCGA-05-4398-01A,TCGA-05-4398,Primary Tumor,101235803,37340,999999.9968,3700046,12084046,6511418,12171785
TCGA-05-4402-01A,TCGA-05-4402,Primary Tumor,93295577,35810,1000000.0170999999,2764091,9489273,3211670,11002919
TCGA-05-4403-01A,TCGA-05-4403,Primary Tumor,93775090,31376,999999.9984,2936241,9492001,1526869,10676211
TCGA-05-4405-01A,TCGA-05-4405,Primary Tumor,30481855,31238,1000000.0051000001,966268,2953775,2059624,3233553
TCGA-05-4410-01A,TCGA-05-4410,Primary Tumor,27574347,29729,1000000.0046,997317,3321783,1456498,3229995
TCGA-05-4415-01A,TCGA-05-4415,Primary Tumor,46092883,30312,999999.9974,953504,4480441,1824211,4999074
TCGA-05-4417-01A,TCGA-05-4417,Primary Tumor,35443567,29996,999999.9972999999,3452827,4030001,1240632,3622811
TCGA-05-4418-01A,TCGA-05-4418,Primary Tumor,76213563,33723,999999.988,3517223,11779500,2479335,10450884
TCGA-05-4420-01A,TCGA-05-4420,Primary Tumor,86378847,34216,999999.9973000002,3144505,10075937,3286923,10580886
TCGA-05-4422-01A,TCGA-05-4422,Primary Tumor,80662806,36518,999999.9968000001,4193205,10397423,6159975,9681707
TCGA-05-4424-01A,TCGA-05-4424,Primary Tumor,41635571,31943,999999.996,3873182,3956545,1878229,4443048
TCGA-05-4425-01A,TCGA-05-4425,Primary Tumor,35836173,29495,999999.9966,665290,3261889,1100604,3842538
TCGA-05-4426-01A,TCGA-05-4426,Primary Tumor,84232730,34047,1000000.0009,2711975,9833159,3494549,9297775
TCGA-05-4427-01A,TCGA-05-4427,Primary Tumor,38049335,31170,1000000.0014000002,3820840,3390049,2539804,3816602
TCGA-05-4430-01A,TCGA-05-4430,Primary Tumor,68718971,33559,999999.9935999999,1936150,6865865,1958203,7981159
TCGA-05-4432-01A,TCGA-05-4432,Primary Tumor,75547030,35412,1000000.0032000002,2920447,8969423,2969573,8701589
TCGA-05-4433-01A,TCGA-05-4433,Primary Tumor,30314460,29976,999999.9990000001,1216063,2696405,1356021,3469922
TCGA-05-4434-01A,TCGA-05-4434,Primary Tumor,94449495,37498,1000000.0073,3010252,9257606,4839865,10827345
TCGA-05-5423-01A,TCGA-05-5423,Primary Tumor,32408533,29925,999999.9959,665264,3479028,1020360,3841036
TCGA-05-5425-01A,TCGA-05-5425,Primary Tumor,38273362,30136,1000000.001,1019094,4377097,1013318,4830266
TCGA-05-5428-01A,TCGA-05-5428,Primary Tumor,30471157,27981,999999.9897000002,592998,4650014,654200,3997947
TCGA-05-5429-01A,TCGA-05-5429,Primary Tumor,29369096,27529,999999.9904,563443,2972287,610856,3539230
TCGA-05-5715-01A,TCGA-05-5715,Primary Tumor,28413182,27809,999999.9979999999,535657,2642384,643880,3026485
TCGA-35-3615-01A,TCGA-35-3615,Primary Tumor,76253174,34649,1000000.0001,3639154,10618740,3359793,9488471
TCGA-35-4122-01A,TCGA-35-4122,Primary Tumor,54362050,30583,999999.9874,2648722,8482596,861410,7411528
TCGA-35-4123-01A,TCGA-35-4123,Primary Tumor,50701624,31133,999999.999,1875342,6169563,1449822,6358800
TCGA-35-5375-01A,TCGA-35-5375,Primary Tumor,23216388,27468,999999.9926,579900,3656223,636730,3124033
TCGA-38-4625-01A,TCGA-38-4625,Primary Tumor,94099370,35789,999999.9992,6234225,13504695,2716210,10629340
TCGA-38-4625-11A,TCGA-38-4625,Solid Tissue Normal,66679555,31420,999999.9987,1716345,6903838,1561479,7436915
TCGA-38-4626-01A,TCGA-38-4626,Primary Tumor,103673396,35448,999999.9968000001,2316693,9062057,5163300,10345759
TCGA-38-4626-11A,TCGA-38-4626,Solid Tissue Normal,66042949,32625,1000000.0037000001,4850100,8308196,2173748,7782266
TCGA-38-4627-01A,TCGA-38-4627,Primary Tumor,64670974,31272,1000000.0027000001,2120631,5985044,1064034,7183720
TCGA-38-4627-11A,TCGA-38-4627,Solid Tissue Normal,42847749,29041,1000000.0099,1103577,4822875,779226,5068948
TCGA-38-4628-01A,TCGA-38-4628,Primary Tumor,74931567,30088,999999.9984,4088251,8582514,1231235,9416287
TCGA-38-4631-01A,TCGA-38-4631,Primary Tumor,28990293,29239,999999.9986999999,664986,3871936,787319,3887854
TCGA-38-4632-01A,TCGA-38-4632,Primary Tumor,28328001,28063,1000000.0037,612172,3307164,648410,3401372
TCGA-38-4632-11A,TCGA-38-4632,Solid Tissue Normal,28215788,27988,1000000.0014000001,675095,2997437,647356,3040969
TCGA-38-6178-01A,TCGA-38-6178,Primary Tumor,24643339,30263,1000000.001,702752,2217150,1384645,2691321
TCGA-38-7271-01A,TCGA-38-7271,Primary Tumor,30028699,28390,999999.9917000001,882807,3848331,838077,3390118
TCGA-38-A44F-01A,TCGA-38-A44F,Primary Tumor,39303564,32906,999999.9833,1513153,4186998,2520705,4705494
TCGA-44-2655-01A,TCGA-44-2655,Primary Tumor,86382334,36113,1000000.0031,3824058,9114612,3284622,10378894
TCGA-44-2655-11A,TCGA-44-2655,Solid Tissue Normal,71766674,33060,1000000.0018000001,1784008,5508188,2434676,7393715
TCGA-44-2657-01A,TCGA-44-2657,Primary Tumor,36069891,32630,1000000.0061,2469641,7242949,1814192,5066527
TCGA-44-2657-11A,TCGA-44-2657,Solid Tissue Normal,42082628,32371,999999.9931,2471239,6016480,1651208,4577310
TCGA-44-2659-01A,TCGA-44-2659,Primary Tumor,72402484,36530,1000000.0047,3851882,8751939,4774756,8376097
TCGA-44-3396-01A,TCGA-44-3396,Primary Tumor,97959719,36097,999999.9996000001,5254490,14186297,4895700,11814373
TCGA-44-3396-11A,TCGA-44-3396,Solid Tissue Normal,76683724,34177,1000000.0010000002,1646086,6011343,2837251,7682626
TCGA-44-3398-01A,TCGA-44-3398,Primary Tumor,60032308,34264,1000000.0126,2543892,6862990,2424815,7054349
TCGA-44-3398-11B,TCGA-44-3398,Solid Tissue Normal,63055949,34774,999999.9898,2595390,5854803,2923682,6338258
TCGA-44-3919-01A,TCGA-44-3919,Primary Tumor,67900869,35274,999999.9848,2757828,6678187,3880690,7494782
TCGA-44-5643-01A,TCGA-44-5643,Primary Tumor,35622505,30494,999999.9964000001,865684,3876555,1521849,3934389
TCGA-44-5644-01A,TCGA-44-5644,Primary Tumor,31376189,32673,999999.9901,871300,3874345,3422701,3659288
TCGA-44-6145-01A,TCGA-44-6145,Primary Tumor,34209850,30655,1000000.0072999999,1299160,4205960,1605262,3912937
TCGA-44-6145-11A,TCGA-44-6145,Solid Tissue Normal,35112627,31285,999999.9903000001,1127140,3003951,1700752,3412808
TCGA-44-6148-01A,TCGA-44-6148,Primary Tumor,39178206,33692,1000000.0013,1203449,3681024,2763479,4293596
TCGA-44-6148-11A,TCGA-44-6148,Solid Tissue Normal,50447088,35032,999999.9862,1719730,4113674,3136361,5137437
TCGA-44-6774-01A,TCGA-44-6774,Primary Tumor,25388728,28641,1000000.0014999999,595403,2284731,971226,2570734
TCGA-44-6776-01A,TCGA-44-6776,Primary Tumor,31063729,28694,1000000.0059000001,802294,2897768,1380300,3410097
TCGA-44-6776-11A,TCGA-44-6776,Solid Tissue Normal,31304892,30726,1000000.0014000001,3130615,2510992,2049373,2990321
TCGA-44-6777-01A,TCGA-44-6777,Primary Tumor,45602151,29788,999999.9946,4106322,4623734,1099513,4722942
TCGA-44-6777-11A,TCGA-44-6777,Solid Tissue Normal,30997229,28800,1000000.0032,879605,2791570,843619,3085617
TCGA-44-6778-01A,TCGA-44-6778,Primary Tumor,33191983,34237,999999.9889,4181703,3903942,2773349,3536920
TCGA-44-6778-11A,TCGA-44-6778,Solid Tissue Normal,37593485,32830,1000000.0007,834833,3154375,2862457,3752106
TCGA-44-6779-01A,TCGA-44-6779,Primary Tumor,25598731,26312,1000000.0009,2931295,2452007,622969,2952985
TCGA-44-7659-01A,TCGA-44-7659,Primary Tumor,29037929,31848,1000000.0021999999,847182,2806431,3086025,3073503
TCGA-44-7660-01A,TCGA-44-7660,Primary Tumor,54677382,37035,999999.9942999999,1582422,6238924,6165501,6420796
TCGA-44-7661-01A,TCGA-44-7661,Primary Tumor,67080978,35135,1000000.0091,1374440,5341108,3877201,6855260
TCGA-44-7662-01A,TCGA-44-7662,Primary Tumor,73429389,34535,1000000.0101000002,2028719,7676578,4414960,7748731
TCGA-44-7667-01A,TCGA-44-7667,Primary Tumor,59791688,30552,999999.9969,1133572,6365885,1848899,6931510
TCGA-44-7669-01A,TCGA-44-7669,Primary Tumor,64293707,36687,999999.9985,1413138,5803749,5889019,6939509
TCGA-44-7670-01A,TCGA-44-7670,Primary Tumor,64582716,34758,1000000.0079,1880413,5740005,2885216,7805887
TCGA-44-7671-01A,TCGA-44-7671,Primary Tumor,70220747,31095,1000000.0046000001,1757381,6117533,1685817,7631304
TCGA-44-7672-01A,TCGA-44-7672,Primary Tumor,62570706,31732,999999.9972000001,3882164,10307915,1957621,7884733
TCGA-44-8117-01A,TCGA-44-8117,Primary Tumor,75900354,34329,1000000.0158999999,2874983,7883550,4703252,8624997
TCGA-44-8119-01A,TCGA-44-8119,Primary Tumor,90176346,36400,999999.9971,3960584,12130584,5359117,9415196
TCGA-44-8120-01A,TCGA-44-8120,Primary Tumor,69993994,33912,999999.9940000002,2699681,6712545,3513779,7475875
TCGA-44-A479-01A,TCGA-44-A479,Primary Tumor,40284106,34304,1000000.0131,2495732,6466758,3901472,4598474
TCGA-44-A47A-01A,TCGA-44-A47A,Primary Tumor,41051145,33803,1000000.0003,2260385,4406656,3685731,4926291
TCGA-44-A47B-01A,TCGA-44-A47B,Primary Tumor,48911043,33611,1000000.0024,1880190,4431279,5130291,4958489
TCGA-44-A47G-01A,TCGA-44-A47G,Primary Tumor,41196772,32922,1000000.0082999999,2074203,5064347,3101338,4731606
TCGA-44-A4SS-01A,TCGA-44-A4SS,Primary Tumor,38697317,32139,999999.9926,2149300,3557119,2501539,4506963
TCGA-44-A4SU-01A,TCGA-44-A4SU,Primary Tumor,48903542,35319,1000000.0017,3200931,6818140,4896689,5887304
TCGA-49-4486-01A,TCGA-49-4486,Primary Tumor,81750346,31459,999999.9934999999,2469488,10574986,1939150,10349923
TCGA-49-4487-01A,TCGA-49-4487,Primary Tumor,26993827,30365,1000000.0018000001,3739774,4149504,1238263,3280383
TCGA-49-4488-01A,TCGA-49-4488,Primary Tumor,28414968,27574,999999.9979,711132,3498511,693609,3620687
TCGA-49-4490-01A,TCGA-49-4490,Primary Tumor,26041204,31507,1000000.0026,1539782,3104451,1410327,3085876
TCGA-49-4490-11A,TCGA-49-4490,Solid Tissue Normal,35808047,28880,999999.9893,922271,4447590,804251,4026523
TCGA-49-4494-01A,TCGA-49-4494,Primary Tumor,78194142,30735,999999.9924999999,2863515,9484713,1456152,10397545
TCGA-49-4501-01A,TCGA-49-4501,Primary Tumor,84752869,34119,1000000.0188,2536013,9006151,2858861,9882727
TCGA-49-4505-01A,TCGA-49-4505,Primary Tumor,84865406,35881,1000000.0167,4520892,10984229,4030193,10237842
TCGA-49-4506-01A,TCGA-49-4506,Primary Tumor,77916704,31415,999999.9854,3260425,14171767,2680567,10561954
TCGA-49-4507-01A,TCGA-49-4507,Primary Tumor,72181589,31558,999999.9961,2452109,10577639,2688662,10641323
TCGA-49-4510-01A,TCGA-49-4510,Primary Tumor,83281464,34719,999999.9894,3249297,10872671,5198049,9591647
TCGA-49-4512-01A,TCGA-49-4512,Primary Tumor,32021139,31389,999999.9997999999,919626,3842693,2261063,3934586
TCGA-49-4512-11A,TCGA-49-4512,Solid Tissue Normal,31310106,28155,1000000.0078999999,775111,4185567,1156461,3462394
TCGA-49-4514-01A,TCGA-49-4514,Primary Tumor,34627613,28363,1000000.0141,868160,5334267,1181495,4389007
TCGA-49-6742-01A,TCGA-49-6742,Primary Tumor,30207363,32097,999999.9994999998,964432,3207781,1585087,3530728
TCGA-49-6742-11A,TCGA-49-6742,Solid Tissue Normal,40228117,30521,1000000.0084000002,3671785,3700087,1476844,4128683
TCGA-49-6743-01A,TCGA-49-6743,Primary Tumor,39234760,32404,1000000.0072999999,1817111,3723529,1599428,4118861
TCGA-49-6743-11A,TCGA-49-6743,Solid Tissue Normal,33890215,30549,1000000.0038,935910,3010460,1307780,3431454
TCGA-49-6744-01A,TCGA-49-6744,Primary Tumor,43017353,33417,1000000.0036000002,1966979,5139159,2337850,4723021
TCGA-49-6744-11A,TCGA-49-6744,Solid Tissue Normal,33432883,31709,1000000.0079000001,1362241,2645539,1674945,3199254
TCGA-49-6745-01A,TCGA-49-6745,Primary Tumor,41697605,30442,999999.9927000001,1203653,3865833,1057967,4512212
TCGA-49-6745-11A,TCGA-49-6745,Solid Tissue Normal,35834437,30361,999999.9913999999,785851,3720920,1060623,4011940
TCGA-49-6761-01A,TCGA-49-6761,Primary Tumor,31516262,29963,999999.9954999998,976563,3147385,1250975,3534035
TCGA-49-6761-11A,TCGA-49-6761,Solid Tissue Normal,25512684,28998,999999.9921,592291,2366848,1018293,2512995
TCGA-49-6767-01A,TCGA-49-6767,Primary Tumor,33542388,29784,999999.9966,987377,3657535,1331025,3909050
TCGA-49-AAQV-01A,TCGA-49-AAQV,Primary Tumor,64977563,35963,999999.9933,2661889,6754563,3961310,7625943
TCGA-49-AAR0-01A,TCGA-49-AAR0,Primary Tumor,45891853,34945,999999.9983999999,4557975,5202590,2882316,5814478
TCGA-49-AAR2-01A,TCGA-49-AAR2,Primary Tumor,45557913,33939,999999.9922999998,2655574,7316501,3184898,5782048
TCGA-49-AAR3-01A,TCGA-49-AAR3,Primary Tumor,25873349,29819,999999.9908,877118,3086041,1475311,3143492
TCGA-49-AAR4-01A,TCGA-49-AAR4,Primary Tumor,35873945,33521,999999.9924999999,2114035,4931530,2963424,4398020
TCGA-49-AAR9-01A,TCGA-49-AAR9,Primary Tumor,45358523,30130,999999.9938,979855,3846556,2175027,5470641
TCGA-49-AARE-01A,TCGA-49-AARE,Primary Tumor,54237931,34357,999999.9961000001,1342025,6084600,3563921,6119628
TCGA-49-AARN-01A,TCGA-49-AARN,Primary Tumor,27362148,31011,999999.9903,1296252,2649151,1883905,3080888
TCGA-49-AARO-01A,TCGA-49-AARO,Primary Tumor,38013989,33720,1000000.0033000001,1066343,3736359,3212217,4438410
TCGA-49-AARQ-01A,TCGA-49-AARQ,Primary Tumor,42464814,31832,1000000.0020000001,1758134,5752914,3431436,5605357
TCGA-49-AARR-01A,TCGA-49-AARR,Primary Tumor,41306958,34588,1000000.0014000001,1211216,4116841,3611608,4760194
TCGA-4B-A93V-01A,TCGA-4B-A93V,Primary Tumor,52538923,33545,1000000.0065,3276535,8079234,4208582,6617176
TCGA-50-5044-01A,TCGA-50-5044,Primary Tumor,27287609,28647,999999.9994,749502,3500406,720846,3438908
TCGA-50-5045-01A,TCGA-50-5045,Primary Tumor,56034840,32607,999999.9885,4383242,9425534,1544925,7818748
TCGA-50-5049-01A,TCGA-50-5049,Primary Tumor,41231451,28590,1000000.0014,1723980,6396155,837766,4972692
TCGA-50-5051-01A,TCGA-50-5051,Primary Tumor,32302107,32449,999999.9976000001,1359257,3987981,2622579,3650394
TCGA-50-5055-01A,TCGA-50-5055,Primary Tumor,26875141,28868,999999.9978,739995,3683873,620646,3446798
TCGA-50-5066-01A,TCGA-50-5066,Primary Tumor,30739060,29092,999999.9874999998,866641,5747271,640332,4426955
TCGA-50-5068-01A,TCGA-50-5068,Primary Tumor,27817858,27974,1000000.0025000001,503766,4012558,728028,3694397
TCGA-50-5930-01A,TCGA-50-5930,Primary Tumor,19143672,27971,999999.996,791998,2772758,733591,2135577
TCGA-50-5930-11A,TCGA-50-5930,Solid Tissue Normal,31898293,28481,1000000.0011,793485,2833676,1159624,2985165
TCGA-50-5931-01A,TCGA-50-5931,Primary Tumor,32259238,32628,1000000.0056,998185,3272809,2197062,3635496
TCGA-50-5931-11A,TCGA-50-5931,Solid Tissue Normal,32713531,29909,999999.9963,895849,2604744,1420756,3177883
TCGA-50-5932-01A,TCGA-50-5932,Primary Tumor,51244782,29742,1000000.0046999999,1302378,4564267,1723486,5575542
TCGA-50-5932-11A,TCGA-50-5932,Solid Tissue Normal,27734333,29626,1000000.0042,675988,1984683,1307359,2559579
TCGA-50-5933-01A,TCGA-50-5933,Primary Tumor,39065196,29940,999999.9898,1255411,3196409,1040398,4016451
TCGA-50-5933-11A,TCGA-50-5933,Solid Tissue Normal,41969818,31420,999999.9955999999,955793,3155437,2121581,4001190
TCGA-50-5935-01A,TCGA-50-5935,Primary Tumor,32997254,31194,999999.9932000001,777999,3155643,1856061,3471142
TCGA-50-5935-11A,TCGA-50-5935,Solid Tissue Normal,30197673,30365,1000000.0064000001,845999,2315551,1223727,2925576
TCGA-50-5936-01A,TCGA-50-5936,Primary Tumor,27097764,28104,999999.9979000001,484079,2589099,857830,2996191
TCGA-50-5936-11A,TCGA-50-5936,Solid Tissue Normal,34378680,29498,1000000.0060999999,501683,2545354,1411839,3224788
TCGA-50-5939-01A,TCGA-50-5939,Primary Tumor,30992597,27823,1000000.0053,916121,3860448,815196,3703302
TCGA-50-5939-11A,TCGA-50-5939,Solid Tissue Normal,35670032,29835,1000000.0048,589929,2676679,1426357,3340193
TCGA-50-5941-01A,TCGA-50-5941,Primary Tumor,33915616,29130,999999.9941000001,993722,3672451,883619,3947382
TCGA-50-5942-01A,TCGA-50-5942,Primary Tumor,37346222,30570,999999.993,943084,4131290,1633028,3665959
TCGA-50-5944-01A,TCGA-50-5944,Primary Tumor,36022531,30256,1000000.0078,886452,2943417,1416716,3867242
TCGA-50-5946-01A,TCGA-50-5946,Primary Tumor,63763109,38034,1000000.0005000001,3348278,6900370,7323983,7818037
TCGA-50-6590-01A,TCGA-50-6590,Primary Tumor,39691396,31177,999999.9995999999,2372021,6751211,1572339,5132345
TCGA-50-6591-01A,TCGA-50-6591,Primary Tumor,34069371,31545,1000000.0077,894323,3438365,2046806,3862945
TCGA-50-6592-01A,TCGA-50-6592,Primary Tumor,49921537,33592,999999.9931000001,1673920,4960696,2925138,5701691
TCGA-50-6593-01A,TCGA-50-6593,Primary Tumor,33275502,30964,1000000.0007,1046473,2966541,1715407,3682594
TCGA-50-6594-01A,TCGA-50-6594,Primary Tumor,28653940,29937,999999.9996999999,795748,2807371,1456344,3260767
TCGA-50-6595-01A,TCGA-50-6595,Primary Tumor,32848202,29328,999999.9969,1014562,2861534,729363,3480863
TCGA-50-6595-11A,TCGA-50-6595,Solid Tissue Normal,60547706,34657,999999.9990000001,2676739,5128400,3703365,5891871
TCGA-50-6597-01A,TCGA-50-6597,Primary Tumor,27187692,28673,999999.9961999998,1134384,3378201,1341515,3401712
TCGA-50-6673-01A,TCGA-50-6673,Primary Tumor,39206838,31034,1000000.0039999998,1268561,4162920,1255028,4077076
TCGA-50-7109-01A,TCGA-50-7109,Primary Tumor,41662734,33246,999999.9863999999,3217122,5462749,2068832,4660447
TCGA-50-8457-01A,TCGA-50-8457,Primary Tumor,51683939,33101,1000000.01,2663798,7941751,2574131,5984740
TCGA-50-8459-01A,TCGA-50-8459,Primary Tumor,45756037,31891,999999.9967999998,1374526,4505893,1656570,4928905
TCGA-50-8460-01A,TCGA-50-8460,Primary Tumor,42241041,31129,1000000.0101,2067236,6312833,1751746,4923511
TCGA-53-7624-01A,TCGA-53-7624,Primary Tumor,45381568,33683,999999.9922,1061673,4517411,2987940,5039400
TCGA-53-7626-01A,TCGA-53-7626,Primary Tumor,72954241,34741,1000000.0055,1845876,7021108,3774024,7444514
TCGA-53-7813-01A,TCGA-53-7813,Primary Tumor,24639792,29734,999999.9907,885551,3511243,2808660,2974804
TCGA-53-A4EZ-01A,TCGA-53-A4EZ,Primary Tumor,54392797,33290,999999.9989,2831759,6125575,4205290,6499439
TCGA-55-1592-01A,TCGA-55-1592,Primary Tumor,75839347,38080,999999.9885999999,2740378,7390897,5299933,8469278
TCGA-55-1594-01A,TCGA-55-1594,Primary Tumor,51283631,34426,999999.9925,1642465,5694556,2533264,5621124
TCGA-55-1595-01A,TCGA-55-1595,Primary Tumor,71415448,36592,1000000.0079999999,2798982,7587069,6011622,7664209
TCGA-55-1596-01A,TCGA-55-1596,Primary Tumor,35088261,31394,999999.9994999999,1063265,3334426,1311685,4260225
TCGA-55-5899-01A,TCGA-55-5899,Primary Tumor,34517429,30118,999999.9991000001,675794,3321371,1474931,3993226
TCGA-55-6543-01A,TCGA-55-6543,Primary Tumor,38111792,30476,999999.9896,968985,3591779,1674040,4188942
TCGA-55-6642-01A,TCGA-55-6642,Primary Tumor,37893045,30145,999999.9993,3387031,7471695,1625955,4485259
TCGA-55-6712-01A,TCGA-55-6712,Primary Tumor,29406686,29938,1000000.0005999999,928796,3109958,1141324,3455752
TCGA-55-6968-01A,TCGA-55-6968,Primary Tumor,34751414,31816,999999.998,1357665,4774898,1907133,4141431
TCGA-55-6968-11A,TCGA-55-6968,Solid Tissue Normal,29384142,30647,1000000.0011,1104759,2898316,1582659,3177284
TCGA-55-6969-01A,TCGA-55-6969,Primary Tumor,68110937,35135,1000000.0077,5137068,12564870,3636394,8509435
TCGA-55-6969-11A,TCGA-55-6969,Solid Tissue Normal,28635692,32607,1000000.004,976343,2688423,2569804,2919373
TCGA-55-6970-01A,TCGA-55-6970,Primary Tumor,65210322,31773,1000000.0022,1981702,7325812,2230498,6931167
TCGA-55-6970-11A,TCGA-55-6970,Solid Tissue Normal,28469759,31714,999999.9966999999,874548,2338083,2198641,2719578
TCGA-55-6971-01A,TCGA-55-6971,Primary Tumor,27303888,32499,1000000.0011999999,1287936,3869541,1915819,3134752
TCGA-55-6971-11A,TCGA-55-6971,Solid Tissue Normal,34803133,33060,1000000.0013,860286,3341741,3455291,3197672
TCGA-55-6972-01A,TCGA-55-6972,Primary Tumor,22393758,29716,1000000.0070000002,647606,2881409,1346622,2715204
TCGA-55-6972-11A,TCGA-55-6972,Solid Tissue Normal,26939956,31575,1000000.0075999998,1241630,2252430,2200813,2710226
TCGA-55-6975-01A,TCGA-55-6975,Primary Tumor,25576344,29166,1000000.0110999999,1008179,2666229,882922,2931589
TCGA-55-6975-11A,TCGA-55-6975,Solid Tissue Normal,25426335,30509,1000000.0124,724656,2713890,1713342,2345013
TCGA-55-6978-01A,TCGA-55-6978,Primary Tumor,60487568,33874,999999.9977000001,2224435,5258671,3022573,6268318
TCGA-55-6978-11A,TCGA-55-6978,Solid Tissue Normal,27903268,32262,1000000.0044000001,832217,2302750,1960706,2888283
TCGA-55-6979-01A,TCGA-55-6979,Primary Tumor,30631021,31715,1000000.0065,4982002,5721248,1884997,3446825
TCGA-55-6979-11A,TCGA-55-6979,Solid Tissue Normal,23463273,29929,999999.9839999998,539504,2041371,1362503,2466075
TCGA-55-6980-01A,TCGA-55-6980,Primary Tumor,24993096,30110,1000000.0107999999,676448,2209934,1308029,2771065
TCGA-55-6980-11A,TCGA-55-6980,Solid Tissue Normal,23530023,31099,1000000.0001999999,738018,2054527,2017197,2351532
TCGA-55-6981-01A,TCGA-55-6981,Primary Tumor,24458591,29214,1000000.0022999999,766038,2448699,1511169,2696366
TCGA-55-6981-11A,TCGA-55-6981,Solid Tissue Normal,23355999,32456,1000000.0041,716070,1794422,2332821,2392238
TCGA-55-6982-01A,TCGA-55-6982,Primary Tumor,27317311,30179,1000000.0009000001,813080,2813174,1158978,3127591
TCGA-55-6982-11A,TCGA-55-6982,Solid Tissue Normal,28727166,32635,1000000.0112999999,1264958,2433276,2654595,2845729
TCGA-55-6983-01A,TCGA-55-6983,Primary Tumor,67008370,34848,1000000.0008999999,3606856,7226859,2970446,7468400
TCGA-55-6983-11A,TCGA-55-6983,Solid Tissue Normal,26786070,30566,999999.993,677062,2475449,1814295,2657797
TCGA-55-6984-01A,TCGA-55-6984,Primary Tumor,29937644,29965,1000000.0047,810747,3151962,1533422,3411288
TCGA-55-6984-11A,TCGA-55-6984,Solid Tissue Normal,63080638,34295,999999.9933,2358855,5798019,4335919,6329565
TCGA-55-6985-01A,TCGA-55-6985,Primary Tumor,30509945,32019,999999.9987,1643397,3120481,1626453,3430362
TCGA-55-6985-11A,TCGA-55-6985,Solid Tissue Normal,57359736,34862,1000000.0045,1407925,5201950,4690468,5756172
TCGA-55-6986-01A,TCGA-55-6986,Primary Tumor,30498654,30532,1000000.0025,1118057,3641418,1385284,3490716
TCGA-55-6986-11A,TCGA-55-6986,Solid Tissue Normal,75290259,38433,1000000.0152,4452569,6642171,6950744,8094184
TCGA-55-6987-01A,TCGA-55-6987,Primary Tumor,81007263,36193,999999.9909000001,5600335,13749780,4999208,9639186
TCGA-55-7227-01A,TCGA-55-7227,Primary Tumor,36615449,33488,999999.9994000001,2311121,3768285,2681412,3901423
TCGA-55-7281-01A,TCGA-55-7281,Primary Tumor,42969058,30829,999999.998,1191253,4224345,1639379,4897257
TCGA-55-7283-01A,TCGA-55-7283,Primary Tumor,43518478,30691,999999.9984999999,1920296,4662478,1645979,4607910
TCGA-55-7284-01B,TCGA-55-7284,Primary Tumor,67381455,35344,1000000.0062000001,2700785,6669101,4354612,6745662
TCGA-55-7570-01A,TCGA-55-7570,Primary Tumor,46942620,34252,999999.9939,2319646,5259130,3384604,5599898
TCGA-55-7573-01A,TCGA-55-7573,Primary Tumor,32109610,33761,999999.9889,1465328,3079652,2675282,3399030
TCGA-55-7574-01A,TCGA-55-7574,Primary Tumor,27934941,32905,999999.9968,1028071,3255450,2978150,3119263
TCGA-55-7576-01A,TCGA-55-7576,Primary Tumor,84303819,34176,1000000.0091000001,1670636,7637532,3104622,9002057
TCGA-55-7724-01A,TCGA-55-7724,Primary Tumor,22772639,29514,999999.9999999999,916470,2616734,1679723,2337865
TCGA-55-7725-01A,TCGA-55-7725,Primary Tumor,23246089,29693,1000000.0009999999,1218765,2899491,2755592,2423395
TCGA-55-7726-01A,TCGA-55-7726,Primary Tumor,25979736,28433,1000000.0005,2284098,2559676,1390771,2544199
TCGA-55-7727-01A,TCGA-55-7727,Primary Tumor,22529958,29437,1000000.0127,694517,2410189,2287590,2321933
TCGA-55-7728-01A,TCGA-55-7728,Primary Tumor,67758455,35281,1000000.0035999999,1996798,7722339,8215815,7769612
TCGA-55-7815-01A,TCGA-55-7815,Primary Tumor,22747132,26003,1000000.0018,724876,2074205,1152560,2117436
TCGA-55-7816-01A,TCGA-55-7816,Primary Tumor,56246228,36175,1000000.0009000002,2593057,6059675,4532452,5756393
TCGA-55-7903-01A,TCGA-55-7903,Primary Tumor,45030762,34529,1000000.0015999998,1800524,4970225,4521480,5204681
TCGA-55-7907-01A,TCGA-55-7907,Primary Tumor,27965236,32194,999999.9957000001,993012,3083935,2030185,3189703
TCGA-55-7910-01A,TCGA-55-7910,Primary Tumor,26037210,33724,999999.9963000001,2305710,3775839,3674190,3077489
TCGA-55-7911-01A,TCGA-55-7911,Primary Tumor,42014481,34624,1000000.0113,2259582,4628844,4710610,4977968
TCGA-55-7913-01B,TCGA-55-7913,Primary Tumor,73882865,35429,1000000.0031000001,2803355,8121071,4580585,8159751
TCGA-55-7914-01A,TCGA-55-7914,Primary Tumor,42803533,32699,1000000.0051000001,2366374,5935614,2979989,5199444
TCGA-55-7994-01A,TCGA-55-7994,Primary Tumor,64164710,34189,999999.9983,1543513,5556349,5139512,6717913
TCGA-55-7995-01A,TCGA-55-7995,Primary Tumor,70270756,37042,999999.9987,1642846,6254275,6770507,7990353
TCGA-55-8085-01A,TCGA-55-8085,Primary Tumor,64875987,35097,1000000.0086,2832449,8528958,4528845,8399405
TCGA-55-8087-01A,TCGA-55-8087,Primary Tumor,71573567,37012,999999.9922999999,4449876,7252452,7109861,7485677
TCGA-55-8089-01A,TCGA-55-8089,Primary Tumor,66962229,35765,999999.9947,4554974,8145360,4162500,7563440
TCGA-55-8090-01A,TCGA-55-8090,Primary Tumor,76970371,35330,1000000.0052,2517089,8005048,4683604,8264799
TCGA-55-8091-01A,TCGA-55-8091,Primary Tumor,60579652,34570,1000000.0024000001,2182994,6693514,3373481,6475415
TCGA-55-8092-01A,TCGA-55-8092,Primary Tumor,67053369,37433,999999.9988999999,7830787,12254578,6426790,8607051
TCGA-55-8094-01A,TCGA-55-8094,Primary Tumor,41807600,32582,1000000.0035999999,1323732,5888066,2971323,4853430
TCGA-55-8096-01A,TCGA-55-8096,Primary Tumor,75716427,38710,999999.9874,3231610,8858899,6760117,8442458
TCGA-55-8097-01A,TCGA-55-8097,Primary Tumor,70835524,37739,999999.987,4160928,7312178,8062080,7461636
TCGA-55-8203-01A,TCGA-55-8203,Primary Tumor,72843319,35974,1000000.0026,5961095,10253996,4559436,8371851
TCGA-55-8204-01A,TCGA-55-8204,Primary Tumor,57046213,34387,1000000.0044,5394003,9033686,2133931,6818361
TCGA-55-8205-01A,TCGA-55-8205,Primary Tumor,62357847,33931,999999.9859,2153739,6191843,3466570,6839496
TCGA-55-8206-01A,TCGA-55-8206,Primary Tumor,69932649,35805,1000000.0011999999,2223966,6947697,5954162,7461507
TCGA-55-8207-01A,TCGA-55-8207,Primary Tumor,65681950,35046,1000000.0084,1939747,6871632,4749321,6647351
TCGA-55-8208-01A,TCGA-55-8208,Primary Tumor,57639141,35082,1000000.0012999999,3786477,8310693,3013545,6579402
TCGA-55-8299-01A,TCGA-55-8299,Primary Tumor,50871939,32830,1000000.0175000001,2124420,5207111,3014768,5301726
TCGA-55-8301-01A,TCGA-55-8301,Primary Tumor,54486120,33675,1000000.0065,5055627,9561820,2870301,6813450
TCGA-55-8302-01A,TCGA-55-8302,Primary Tumor,38908065,31740,999999.9972999999,1117250,3564255,2359462,4573161
TCGA-55-8505-01A,TCGA-55-8505,Primary Tumor,36435718,31530,999999.9938999999,1743830,3566385,1621908,4284413
TCGA-55-8506-01A,TCGA-55-8506,Primary Tumor,36823196,29443,1000000.0061,1114678,3344771,1814195,4224234
TCGA-55-8507-01A,TCGA-55-8507,Primary Tumor,37917233,32444,999999.9961,1958829,3760994,2345519,4250104
TCGA-55-8508-01A,TCGA-55-8508,Primary Tumor,29044643,30699,1000000.0096,2316401,6459448,1692765,3630357
TCGA-55-8510-01A,TCGA-55-8510,Primary Tumor,36378519,32002,999999.9936,1730097,4498693,2146295,4320709
TCGA-55-8511-01A,TCGA-55-8511,Primary Tumor,38162691,31188,1000000.0023000002,1561007,5074949,2196039,4553754
TCGA-55-8512-01A,TCGA-55-8512,Primary Tumor,41123856,33941,1000000.0061000001,2148586,3690718,3960907,4420542
TCGA-55-8513-01A,TCGA-55-8513,Primary Tumor,29313663,32113,999999.9912,1293627,3041222,2427566,3252611
TCGA-55-8514-01A,TCGA-55-8514,Primary Tumor,34525689,31453,999999.9996000001,2050054,3946107,2673040,4328778
TCGA-55-8614-01A,TCGA-55-8614,Primary Tumor,34586515,31923,1000000.009,1126316,3284947,2097385,3730333
TCGA-55-8615-01A,TCGA-55-8615,Primary Tumor,40830613,31282,1000000.0033999999,1778710,4131105,2295144,4475572
TCGA-55-8616-01A,TCGA-55-8616,Primary Tumor,40210323,31606,999999.9907000001,1817220,4171190,2167873,4764456
TCGA-55-8619-01A,TCGA-55-8619,Primary Tumor,40720935,32230,1000000.0072,2281858,4641387,2094820,4615646
TCGA-55-8620-01A,TCGA-55-8620,Primary Tumor,35436054,33234,999999.9912,1764581,4506820,2700300,4392972
TCGA-55-8621-01A,TCGA-55-8621,Primary Tumor,42974140,33997,999999.9959,2481544,4838638,2355169,4896272
TCGA-55-A48X-01A,TCGA-55-A48X,Primary Tumor,42140603,34295,1000000.0007999999,2335534,4643327,3639071,4888523
TCGA-55-A48Y-01A,TCGA-55-A48Y,Primary Tumor,43835538,29296,1000000.0032,1341572,5085738,1741925,5020545
TCGA-55-A48Z-01A,TCGA-55-A48Z,Primary Tumor,46181571,34040,999999.995,3300403,6136578,3539353,5546036
TCGA-55-A490-01A,TCGA-55-A490,Primary Tumor,46096822,28022,1000000.0013,1741890,4322955,2049824,5230799
TCGA-55-A491-01A,TCGA-55-A491,Primary Tumor,43535937,31448,1000000.0059000001,2020976,5419825,2266731,5235945
TCGA-55-A492-01A,TCGA-55-A492,Primary Tumor,46902050,30117,1000000.0059999999,1363482,4993868,2028944,6181232
TCGA-55-A493-01A,TCGA-55-A493,Primary Tumor,44084175,34175,1000000.0039,1553414,4002113,3803526,5028130
TCGA-55-A494-01A,TCGA-55-A494,Primary Tumor,46552384,33448,999999.9944999999,2908042,4663577,6432591,5128401
TCGA-55-A4DF-01A,TCGA-55-A4DF,Primary Tumor,43811456,35838,999999.9805999999,1648852,4317133,6053227,5034393
TCGA-55-A4DG-01A,TCGA-55-A4DG,Primary Tumor,40410099,34645,1000000.0126,1629428,4518096,5821201,4490480
TCGA-55-A57B-01A,TCGA-55-A57B,Primary Tumor,58525313,36619,999999.9954,1819538,5134616,6025682,6377440
TCGA-62-8394-01A,TCGA-62-8394,Primary Tumor,47702642,33079,1000000.0059,1445366,4293053,2448195,5480104
TCGA-62-8395-01A,TCGA-62-8395,Primary Tumor,44092313,32789,1000000.0149,1190925,3265672,2733386,4745120
TCGA-62-8397-01A,TCGA-62-8397,Primary Tumor,18571641,26327,1000000.0046999999,876446,3765860,781276,2206879
TCGA-62-8398-01A,TCGA-62-8398,Primary Tumor,55609197,32793,999999.9836,2063258,5421621,2886797,6516695
TCGA-62-8399-01A,TCGA-62-8399,Primary Tumor,51254577,33556,1000000.0143999999,1648570,5672102,3859085,5557736
TCGA-62-8402-01A,TCGA-62-8402,Primary Tumor,41192711,32160,999999.9908000001,1499038,4914216,2492687,5256456
TCGA-62-A46O-01A,TCGA-62-A46O,Primary Tumor,37535998,32612,999999.9999999998,1221785,3629161,3792365,4125797
TCGA-62-A46P-01A,TCGA-62-A46P,Primary Tumor,30434138,28801,1000000.0032,1190726,2890317,1869422,3646659
TCGA-62-A46R-01A,TCGA-62-A46R,Primary Tumor,41869214,31547,999999.9931999999,1628861,4637508,3366479,4670821
TCGA-62-A46S-01A,TCGA-62-A46S,Primary Tumor,50907416,32692,1000000.0002,1811751,4769351,4598880,5313020
TCGA-62-A46U-01A,TCGA-62-A46U,Primary Tumor,48528961,33579,999999.9978,1515435,4694292,3621181,5746366
TCGA-62-A46V-01A,TCGA-62-A46V,Primary Tumor,42599033,33610,1000000.0181,1356374,4054914,3993605,5068207
TCGA-62-A46Y-01A,TCGA-62-A46Y,Primary Tumor,45434403,33659,999999.9996,2369573,4738852,3156411,5320806
TCGA-62-A470-01A,TCGA-62-A470,Primary Tumor,18001906,29631,1000000.0066999999,963190,1829247,1790284,2017617
TCGA-62-A471-01A,TCGA-62-A471,Primary Tumor,43156475,32102,1000000.0151000002,1632795,4280962,3029614,5233557
TCGA-62-A472-01A,TCGA-62-A472,Primary Tumor,21164625,30390,1000000.0066,1019815,2173591,2196220,2310939
TCGA-64-1676-01A,TCGA-64-1676,Primary Tumor,36435686,29265,1000000.0095999999,1017544,4993782,1178835,4926164
TCGA-64-1677-01A,TCGA-64-1677,Primary Tumor,23048855,30559,1000000.0151,870452,3914486,1190757,3259722
TCGA-64-1678-01A,TCGA-64-1678,Primary Tumor,31782400,30218,999999.9761,801626,5786452,1341460,4536605
TCGA-64-1679-01A,TCGA-64-1679,Primary Tumor,77767889,34056,999999.9892999999,1520686,6079814,2429464,8091448
TCGA-64-1680-01A,TCGA-64-1680,Primary Tumor,32812081,29348,999999.9997,794858,4363114,998685,3806166
TCGA-64-1681-01A,TCGA-64-1681,Primary Tumor,60327122,33377,1000000.0014,1314876,5951697,3243709,7097998
TCGA-64-5774-01A,TCGA-64-5774,Primary Tumor,43217538,31068,1000000.0033000001,1111989,5165515,1932714,4675126
TCGA-64-5778-01A,TCGA-64-5778,Primary Tumor,41930525,30674,999999.9957999999,830709,5004373,1550908,5139920
TCGA-64-5779-01A,TCGA-64-5779,Primary Tumor,32195953,34285,999999.9990999999,1720922,5969900,3626557,3908620
TCGA-64-5781-01A,TCGA-64-5781,Primary Tumor,35218872,28064,999999.994,735207,5226840,886049,4422629
TCGA-64-5815-01A,TCGA-64-5815,Primary Tumor,29860492,27546,999999.9942999999,682481,3070901,573901,3302184
TCGA-67-3770-01A,TCGA-67-3770,Primary Tumor,26245140,30415,1000000.0101999999,843931,3348818,956524,3245287
TCGA-67-3771-01A,TCGA-67-3771,Primary Tumor,32381649,34090,999999.9981999999,1299414,3994255,2342734,3828502
TCGA-67-3772-01A,TCGA-67-3772,Primary Tumor,50950480,31840,1000000.0016,1796379,6997038,1049854,6546225
TCGA-67-3773-01A,TCGA-67-3773,Primary Tumor,28439456,29049,1000000.0069,648389,3620926,1044946,3321149
TCGA-67-3774-01A,TCGA-67-3774,Primary Tumor,37965407,31267,1000000.0014,896666,3826616,1587507,4047215
TCGA-67-4679-01B,TCGA-67-4679,Primary Tumor,39532072,32307,999999.982,875843,4048631,3839630,4103710
TCGA-67-6215-01A,TCGA-67-6215,Primary Tumor,77072339,34827,1000000.0049999999,5266544,7880912,4370229,8327890
TCGA-67-6216-01A,TCGA-67-6216,Primary Tumor,38802258,31457,999999.9951000001,1042875,3992330,1983801,4295156
TCGA-67-6217-01A,TCGA-67-6217,Primary Tumor,38494301,33051,999999.9988000001,1233498,3809231,3190836,4280706
TCGA-69-7760-01A,TCGA-69-7760,Primary Tumor,40762980,33346,1000000.0086,1756137,5365048,2849124,4580035
TCGA-69-7761-01A,TCGA-69-7761,Primary Tumor,43059029,33077,1000000.0013,3051623,5869164,3112526,4911106
TCGA-69-7763-01A,TCGA-69-7763,Primary Tumor,39743981,31559,999999.9990000002,1622834,4578659,1754788,4151365
TCGA-69-7764-01A,TCGA-69-7764,Primary Tumor,33447747,31809,999999.9996999999,1359682,3726523,4028361,3601988
TCGA-69-7765-01A,TCGA-69-7765,Primary Tumor,38262444,32846,1000000.0047,1964689,4467945,2618544,4073887
TCGA-69-7973-01A,TCGA-69-7973,Primary Tumor,75839309,34588,999999.995,1644552,7029851,4238433,7738372
TCGA-69-7974-01A,TCGA-69-7974,Primary Tumor,71687890,34685,1000000.0088,1591204,6050735,4228599,7660228
TCGA-69-7978-01A,TCGA-69-7978,Primary Tumor,63809086,34747,999999.9975,3501676,6777318,4102946,6888186
TCGA-69-7979-01A,TCGA-69-7979,Primary Tumor,68302018,33951,1000000.0000000001,1467563,6475740,4528304,7871094
TCGA-69-7980-01A,TCGA-69-7980,Primary Tumor,66788589,35731,999999.9950000001,1573311,5815717,5440062,7440354
TCGA-69-8253-01A,TCGA-69-8253,Primary Tumor,83417587,33649,999999.9961,3845326,8958486,3324911,9207484
TCGA-69-8254-01A,TCGA-69-8254,Primary Tumor,91437231,36262,1000000.0036,4609839,10863509,4717233,9476695
TCGA-69-8255-01A,TCGA-69-8255,Primary Tumor,94625118,36432,1000000.0041000001,4514447,12530427,5348683,11315689
TCGA-69-8453-01A,TCGA-69-8453,Primary Tumor,46795203,32858,1000000.0014999999,2527066,5835844,2050075,5240583
TCGA-69-A59K-01A,TCGA-69-A59K,Primary Tumor,51691596,37527,1000000.0061,14655588,7841997,4921412,5776860
TCGA-71-6725-01A,TCGA-71-6725,Primary Tumor,71287647,32224,1000000.0102000001,3641471,7189628,2988791,7866402
TCGA-71-8520-01A,TCGA-71-8520,Primary Tumor,32479553,30912,999999.9953999999,1105169,2714707,2261839,3421061
TCGA-73-4658-01A,TCGA-73-4658,Primary Tumor,37936612,28919,1000000.0062,938979,3709374,962452,4110254
TCGA-73-4659-01A,TCGA-73-4659,Primary Tumor,103639275,35033,999999.9943,3317207,9833088,4348096,11405918
TCGA-73-4662-01A,TCGA-73-4662,Primary Tumor,91931113,36066,999999.9981999998,2941698,9197161,5824867,10299906
TCGA-73-4666-01A,TCGA-73-4666,Primary Tumor,77821130,32632,1000000.0044999999,3208322,8392970,2655565,9979052
TCGA-73-4668-01A,TCGA-73-4668,Primary Tumor,91375192,34509,999999.9933999998,2788611,10386018,4358955,10730538
TCGA-73-4675-01A,TCGA-73-4675,Primary Tumor,78086024,36226,999999.9998000001,4263495,7807551,4323612,8964459
TCGA-73-4677-01A,TCGA-73-4677,Primary Tumor,84453627,33360,999999.9913999999,3762502,8942206,2264588,9481705
TCGA-73-7498-01A,TCGA-73-7498,Primary Tumor,77498327,35846,999999.9983000001,2230120,7141977,7558228,8215320
TCGA-73-7499-01A,TCGA-73-7499,Primary Tumor,59381799,33448,999999.9974,2518279,7381130,2567765,7595415
TCGA-73-A9RS-01A,TCGA-73-A9RS,Primary Tumor,22385182,28477,999999.9958,562571,2345893,1593405,2650748
TCGA-75-5122-01A,TCGA-75-5122,Primary Tumor,37517214,30842,999999.9981,1193770,4270411,1625909,4415245
TCGA-75-5125-01A,TCGA-75-5125,Primary Tumor,38216584,31736,999999.9896999998,781201,3459600,2029613,4071291
TCGA-75-5126-01A,TCGA-75-5126,Primary Tumor,29078060,29219,1000000.0057,637355,2729647,788276,3398929
TCGA-75-5146-01A,TCGA-75-5146,Primary Tumor,31199974,29119,1000000.0033000001,688304,3272384,1001868,3630716
TCGA-75-5147-01A,TCGA-75-5147,Primary Tumor,69504415,36544,999999.9954,2594381,8650839,3111424,8959269
TCGA-75-6203-01A,TCGA-75-6203,Primary Tumor,34595062,29942,999999.9986,639597,3340978,1253649,3692444
TCGA-75-6205-01A,TCGA-75-6205,Primary Tumor,23897778,28035,999999.9962,601763,2230615,1018510,2535810
TCGA-75-6206-01A,TCGA-75-6206,Primary Tumor,31976628,28433,999999.9918000001,768814,2812457,1421513,3200788
TCGA-75-6207-01A,TCGA-75-6207,Primary Tumor,39903199,30701,999999.9994000001,903345,3871184,1873502,4419275
TCGA-75-6211-01A,TCGA-75-6211,Primary Tumor,31030856,29932,1000000.0014000002,1334727,3863898,1568590,3576479
TCGA-75-6212-01A,TCGA-75-6212,Primary Tumor,30908501,28886,1000000.0068000001,703231,3670438,1051204,3476010
TCGA-75-6214-01A,TCGA-75-6214,Primary Tumor,71589012,34129,1000000.0027999999,1610144,7622711,3464848,7792296
TCGA-75-7025-01A,TCGA-75-7025,Primary Tumor,61259781,37311,999999.9916,2466914,6914531,7256021,6805381
TCGA-75-7027-01A,TCGA-75-7027,Primary Tumor,78045949,35423,999999.9969,2612806,8231765,5191927,8557013
TCGA-75-7030-01A,TCGA-75-7030,Primary Tumor,24875971,30196,999999.9960000002,1032076,2639148,1015942,2563371
TCGA-75-7031-01A,TCGA-75-7031,Primary Tumor,24664083,30578,999999.9829000001,751916,2756066,1506232,2939571
TCGA-78-7143-01A,TCGA-78-7143,Primary Tumor,45762738,35151,999999.9989,2358726,4243856,3918134,4827238
TCGA-78-7145-01A,TCGA-78-7145,Primary Tumor,39503840,30502,1000000.0035999999,1657258,3478828,1377057,4195889
TCGA-78-7146-01A,TCGA-78-7146,Primary Tumor,47572140,32880,999999.9918,2204886,4592126,2184693,5391020
TCGA-78-7147-01A,TCGA-78-7147,Primary Tumor,53557048,33803,1000000.0022999999,2338945,6055149,3129244,6289139
TCGA-78-7148-01A,TCGA-78-7148,Primary Tumor,44447893,31308,999999.9999000002,2217246,5127226,1445232,4894075
TCGA-78-7149-01A,TCGA-78-7149,Primary Tumor,45379241,32053,999999.9967000001,2108319,5866688,2065067,5585587
TCGA-78-7150-01A,TCGA-78-7150,Primary Tumor,44307265,32702,1000000.0094000001,1767299,4134992,1573167,4892318
TCGA-78-7152-01A,TCGA-78-7152,Primary Tumor,23192896,27277,999999.9983000001,594128,2609750,794072,2654809
TCGA-78-7153-01A,TCGA-78-7153,Primary Tumor,42825228,31253,999999.9892,2639361,5673008,1655907,4908142
TCGA-78-7154-01A,TCGA-78-7154,Primary Tumor,41339647,32126,999999.9963,2394708,4836817,1531356,4764125
TCGA-78-7155-01A,TCGA-78-7155,Primary Tumor,34533346,30178,999999.9971000002,1484363,3378154,1624402,3451864
TCGA-78-7156-01A,TCGA-78-7156,Primary Tumor,36754736,31482,999999.9956,1383452,3887115,2544183,4275630
TCGA-78-7158-01A,TCGA-78-7158,Primary Tumor,52277626,33495,1000000.0087,2160148,6504888,3736475,5901570
TCGA-78-7159-01A,TCGA-78-7159,Primary Tumor,43537351,34192,1000000.0038,2403819,5955295,3056271,4939103
TCGA-78-7160-01A,TCGA-78-7160,Primary Tumor,35772892,32009,1000000.0090000001,1335277,3311004,1556076,3705451
TCGA-78-7161-01A,TCGA-78-7161,Primary Tumor,65866294,35624,999999.9842000001,2918291,7310271,6358926,6711933
TCGA-78-7162-01A,TCGA-78-7162,Primary Tumor,60861964,30735,999999.9985,1333469,5908372,1846234,6442130
TCGA-78-7163-01A,TCGA-78-7163,Primary Tumor,59479879,30906,1000000.0055,1765140,6148481,2465552,7689151
TCGA-78-7166-01A,TCGA-78-7166,Primary Tumor,66140964,31977,1000000.0037,2245919,10579084,3504200,8312525
TCGA-78-7167-01A,TCGA-78-7167,Primary Tumor,76702684,34765,1000000.005,2410171,7769558,7598500,8306303
TCGA-78-7220-01A,TCGA-78-7220,Primary Tumor,43185631,33710,1000000.0014,2013831,3737199,2699396,4710776
TCGA-78-7535-01A,TCGA-78-7535,Primary Tumor,70717473,31911,1000000.012,2433616,8675172,4217215,8117602
TCGA-78-7536-01A,TCGA-78-7536,Primary Tumor,76126859,33793,999999.9995,2037639,9009832,4336404,8260170
TCGA-78-7537-01A,TCGA-78-7537,Primary Tumor,69858327,32415,999999.9972999999,2141435,7940831,3512424,7896988
TCGA-78-7539-01A,TCGA-78-7539,Primary Tumor,68605988,32964,999999.9999,1767820,6770063,3458797,8138570
TCGA-78-7540-01A,TCGA-78-7540,Primary Tumor,71375451,31921,1000000.0048999999,1954711,6547000,3212002,7614136
TCGA-78-7542-01A,TCGA-78-7542,Primary Tumor,74692302,32832,999999.9899999999,1853346,6605265,3252013,8736050
TCGA-78-7633-01A,TCGA-78-7633,Primary Tumor,80355766,30925,1000000.0003000001,1629640,6594565,2667639,8175189
TCGA-78-8640-01A,TCGA-78-8640,Primary Tumor,36379387,31365,999999.9956,1853917,4515687,1975499,4822890
TCGA-78-8648-01A,TCGA-78-8648,Primary Tumor,33825283,29921,999999.9998999999,2696182,5765103,1230423,4403884
TCGA-78-8655-01A,TCGA-78-8655,Primary Tumor,31285261,28855,999999.9914999999,1831093,3497492,1495679,3711890
TCGA-78-8660-01A,TCGA-78-8660,Primary Tumor,37138562,31852,999999.9959999999,2657667,4573647,2101369,4663087
TCGA-78-8662-01A,TCGA-78-8662,Primary Tumor,31026854,28794,999999.9925,1431983,3619846,1518184,4116038
TCGA-80-5607-01A,TCGA-80-5607,Primary Tumor,26523703,30313,999999.9979000001,825085,2762867,1197330,2994035
TCGA-80-5608-01A,TCGA-80-5608,Primary Tumor,65831072,32793,1000000.0093,2107122,7554458,3176998,7095796
TCGA-80-5611-01A,TCGA-80-5611,Primary Tumor,34794452,30461,1000000.0033000001,837999,3568243,1443681,4245857
TCGA-83-5908-01A,TCGA-83-5908,Primary Tumor,54429065,35067,999999.9953,2281373,4963504,4590294,5613447
TCGA-86-6562-01A,TCGA-86-6562,Primary Tumor,36779372,30045,999999.9956999999,890421,3160960,1365491,4043764
TCGA-86-6851-01A,TCGA-86-6851,Primary Tumor,78564862,36190,999999.9925,6959366,14188496,6737522,10086203
TCGA-86-7701-01A,TCGA-86-7701,Primary Tumor,21517374,31900,999999.9848999998,1507099,3806186,1980114,2681096
TCGA-86-7711-01A,TCGA-86-7711,Primary Tumor,73683419,32112,1000000.0022,2944622,7007524,2545651,8829156
TCGA-86-7713-01A,TCGA-86-7713,Primary Tumor,78300251,33648,999999.9887999999,1782581,7232693,4696946,7878440
TCGA-86-7714-01A,TCGA-86-7714,Primary Tumor,22613184,28838,1000000.0059,838220,2267234,1350768,2318829
TCGA-86-7953-01A,TCGA-86-7953,Primary Tumor,64783349,34199,1000000.0023000002,1322961,5226902,4060307,6614348
TCGA-86-7954-01A,TCGA-86-7954,Primary Tumor,74361785,36112,1000000.0037000001,1660493,6611828,5260038,8189026
TCGA-86-7955-01A,TCGA-86-7955,Primary Tumor,67673307,33954,1000000.007,1655070,6726869,4846796,7963730
TCGA-86-8054-01A,TCGA-86-8054,Primary Tumor,61774793,34057,1000000.0047999999,2063309,8565205,3724124,6975649
TCGA-86-8055-01A,TCGA-86-8055,Primary Tumor,67078723,35506,1000000.0099,3536400,6727643,2534316,6872648
TCGA-86-8056-01A,TCGA-86-8056,Primary Tumor,71340640,36896,999999.9965000001,3861747,6516062,6222816,7062341
TCGA-86-8073-01A,TCGA-86-8073,Primary Tumor,75919997,38490,999999.9939000001,4267061,6731890,6121375,7814157
TCGA-86-8074-01A,TCGA-86-8074,Primary Tumor,80196986,36595,999999.9906,5137688,7234628,4048714,8491954
TCGA-86-8075-01A,TCGA-86-8075,Primary Tumor,72559699,36081,999999.9919999999,6047082,7926393,4601239,7431480
TCGA-86-8076-01A,TCGA-86-8076,Primary Tumor,61687077,34132,999999.9878,3326236,9036789,2851177,6910995
TCGA-86-8278-01A,TCGA-86-8278,Primary Tumor,84585719,36566,999999.9851,4465998,8932481,4968756,9094004
TCGA-86-8279-01A,TCGA-86-8279,Primary Tumor,70000639,35315,999999.9919999999,3322080,6594860,5062980,7768934
TCGA-86-8280-01A,TCGA-86-8280,Primary Tumor,58854103,35740,999999.9956999999,3208424,6650105,3487298,6717075
TCGA-86-8281-01A,TCGA-86-8281,Primary Tumor,60982746,33751,999999.9866,3233182,6100418,3669624,6614124
TCGA-86-8358-01A,TCGA-86-8358,Primary Tumor,28226833,32927,1000000.0099000001,1071322,2741576,2568859,3080206
TCGA-86-8359-01A,TCGA-86-8359,Primary Tumor,34596836,30373,999999.9998,1291439,3473583,1605753,3692527
TCGA-86-8585-01A,TCGA-86-8585,Primary Tumor,32154495,32102,1000000.0090999999,2200777,4004078,2397916,4092355
TCGA-86-8668-01A,TCGA-86-8668,Primary Tumor,28921504,30727,1000000.0069,1107811,2881397,1680459,3070209
TCGA-86-8669-01A,TCGA-86-8669,Primary Tumor,33645680,30455,999999.9953999999,973226,3227544,1739947,3791900
TCGA-86-8671-01A,TCGA-86-8671,Primary Tumor,39813396,33366,1000000.0105999999,1902795,4195782,2452785,4715837
TCGA-86-8672-01A,TCGA-86-8672,Primary Tumor,30195578,29000,1000000.0035,1862792,3881252,1282280,3944085
TCGA-86-8673-01A,TCGA-86-8673,Primary Tumor,35518792,29753,999999.9965,1368490,3904740,1587760,4404363
TCGA-86-8674-01A,TCGA-86-8674,Primary Tumor,37256926,28348,1000000.0098,2049935,3592459,1466817,4522119
TCGA-86-A456-01A,TCGA-86-A456,Primary Tumor,36233662,33441,1000000.0015000001,1452923,3282953,3517817,4057852
TCGA-86-A4D0-01A,TCGA-86-A4D0,Primary Tumor,46659058,33764,999999.9992000001,2241071,5832623,3223578,5470368
TCGA-86-A4JF-01A,TCGA-86-A4JF,Primary Tumor,49411204,31084,1000000.0137000001,2637319,5126485,2207070,5711611
TCGA-86-A4P7-01A,TCGA-86-A4P7,Primary Tumor,45020230,35046,1000000.0028,3224679,5798610,4477209,5212439
TCGA-86-A4P8-01A,TCGA-86-A4P8,Primary Tumor,47777321,35386,999999.9882,2818389,4744236,5739804,5221552
TCGA-91-6828-01A,TCGA-91-6828,Primary Tumor,24166057,30420,999999.996,902408,2232326,1770758,2454389
TCGA-91-6828-11A,TCGA-91-6828,Solid Tissue Normal,34567856,32219,1000000.0055,885119,2689784,2003176,3404038
TCGA-91-6829-01A,TCGA-91-6829,Primary Tumor,39010072,33887,1000000.0028,1621848,3592887,2232317,3791452
TCGA-91-6829-11A,TCGA-91-6829,Solid Tissue Normal,36038479,33288,1000000.0031,1319086,3586188,2635381,4034643
TCGA-91-6830-01A,TCGA-91-6830,Primary Tumor,26938848,32870,999999.9892000001,859735,2560828,1926681,3024411
TCGA-91-6831-01A,TCGA-91-6831,Primary Tumor,31948860,32304,1000000.0110000002,1101584,4380361,2074846,3627689
TCGA-91-6831-11A,TCGA-91-6831,Solid Tissue Normal,20038343,28866,999999.9921000001,545700,1710535,1343587,1973307
TCGA-91-6835-01A,TCGA-91-6835,Primary Tumor,42841858,35331,999999.9927000001,1125058,3252367,3253317,4290769
TCGA-91-6835-11A,TCGA-91-6835,Solid Tissue Normal,33297272,34173,1000000.0071,924873,2886664,2613810,3520262
TCGA-91-6836-01A,TCGA-91-6836,Primary Tumor,43955797,32267,1000000.0054000001,1341770,4054001,2128748,4782081
TCGA-91-6836-11A,TCGA-91-6836,Solid Tissue Normal,28699721,31433,999999.9937000001,582273,2515906,2105922,2931049
TCGA-91-6840-01A,TCGA-91-6840,Primary Tumor,26467925,32594,999999.9937000001,929228,2416071,2069376,4488650
TCGA-91-6847-01A,TCGA-91-6847,Primary Tumor,58003569,32896,999999.9936999999,1621849,6499094,4154020,6466474
TCGA-91-6847-11A,TCGA-91-6847,Solid Tissue Normal,28858424,30777,999999.9941,625465,2366971,1745966,2850657
TCGA-91-6848-01A,TCGA-91-6848,Primary Tumor,26844382,31386,1000000.0051,761350,2762057,1411164,2990956
TCGA-91-6849-01A,TCGA-91-6849,Primary Tumor,24263021,29351,999999.9828000001,875012,2860290,1387497,2881856
TCGA-91-6849-11A,TCGA-91-6849,Solid Tissue Normal,29029211,31788,1000000.0024000001,1011430,2173728,1907924,2948745
TCGA-91-7771-01A,TCGA-91-7771,Primary Tumor,39929652,33947,999999.9858,1463729,4731407,3252144,4425248
TCGA-91-8496-01A,TCGA-91-8496,Primary Tumor,32280609,27759,1000000.0064,883265,4519837,938301,3753776
TCGA-91-8497-01A,TCGA-91-8497,Primary Tumor,32921817,32200,1000000.0121,1977052,3985839,2195761,3795041
TCGA-91-8499-01A,TCGA-91-8499,Primary Tumor,31675012,31188,999999.999,1017757,4049165,1512130,4207235
TCGA-91-A4BC-01A,TCGA-91-A4BC,Primary Tumor,37712946,33645,999999.9954,3911246,7345156,3421915,4845183
TCGA-91-A4BD-01A,TCGA-91-A4BD,Primary Tumor,29993739,28819,999999.9940999999,1045074,3057465,1318789,3405838
TCGA-93-7347-01A,TCGA-93-7347,Primary Tumor,57875149,34311,999999.9857000001,1794314,5929738,3366633,6270159
TCGA-93-7348-01A,TCGA-93-7348,Primary Tumor,37777874,33371,999999.9990999999,2743232,4702845,2110918,4219427
TCGA-93-8067-01A,TCGA-93-8067,Primary Tumor,79537180,34655,1000000.0003,3280680,8205290,3577720,8439599
TCGA-93-A4JN-01A,TCGA-93-A4JN,Primary Tumor,49627796,35668,999999.9985,3459440,6012470,5309595,5877573
TCGA-93-A4JO-01A,TCGA-93-A4JO,Primary Tumor,42276050,35081,999999.9997,2979612,4714233,5228394,5106595
TCGA-93-A4JP-01A,TCGA-93-A4JP,Primary Tumor,52086423,35826,999999.9908999999,2636572,4168470,4524143,5548500
TCGA-93-A4JQ-01A,TCGA-93-A4JQ,Primary Tumor,51203481,37286,1000000.0077999999,3234207,5323395,5593799,5582488
TCGA-95-7039-01A,TCGA-95-7039,Primary Tumor,29946067,29982,1000000.0086000001,1114601,3026904,1331787,3575763
TCGA-95-7043-01A,TCGA-95-7043,Primary Tumor,27592011,29055,1000000.0015,736499,3039520,1630829,3315440
TCGA-95-7562-01A,TCGA-95-7562,Primary Tumor,65072140,31895,999999.9987,3884454,7093791,1540893,7768196
TCGA-95-7567-01A,TCGA-95-7567,Primary Tumor,74083839,31600,999999.9896999999,2826385,9605235,2252798,8782587
TCGA-95-7944-01A,TCGA-95-7944,Primary Tumor,63699161,33067,999999.9900999998,1503957,6862944,3789695,7131167
TCGA-95-7947-01A,TCGA-95-7947,Primary Tumor,59775286,33863,999999.985,1293101,5084422,3618052,6223962
TCGA-95-7948-01A,TCGA-95-7948,Primary Tumor,62265135,33578,1000000.0082,1955774,7963008,3809491,8040817
TCGA-95-8039-01A,TCGA-95-8039,Primary Tumor,72156359,37206,1000000.0019000001,4552357,7040620,4912124,7597962
TCGA-95-8494-01A,TCGA-95-8494,Primary Tumor,31514651,30453,1000000.0095999999,999814,3178639,2183195,3959948
TCGA-95-A4VK-01A,TCGA-95-A4VK,Primary Tumor,43382554,34115,1000000.0127000001,1533317,4222308,4649298,5010493
TCGA-95-A4VN-01A,TCGA-95-A4VN,Primary Tumor,45943852,32645,999999.9874999999,1492805,4798857,3115541,5075446
TCGA-95-A4VP-01A,TCGA-95-A4VP,Primary Tumor,46188196,31407,1000000.0010999999,1713493,6289650,3037760,5588131
TCGA-97-7546-01A,TCGA-97-7546,Primary Tumor,45168893,34496,1000000.0104,2121789,4057289,2807272,4609392
TCGA-97-7547-01A,TCGA-97-7547,Primary Tumor,55638147,33031,999999.9861,5197577,6657574,2720743,5172740
TCGA-97-7552-01A,TCGA-97-7552,Primary Tumor,50186786,33477,1000000.0010999999,3308181,6437366,2060125,5445356
TCGA-97-7553-01A,TCGA-97-7553,Primary Tumor,50929009,34151,1000000.0048,1859555,5171063,2428234,5290832
TCGA-97-7554-01A,TCGA-97-7554,Primary Tumor,51049591,32419,1000000.0025000001,3045718,7265410,1671501,5659883
TCGA-97-7937-01A,TCGA-97-7937,Primary Tumor,53125800,34435,999999.9944000001,2060435,5957799,5330191,5878969
TCGA-97-7938-01A,TCGA-97-7938,Primary Tumor,35511816,32921,1000000.0123,1151294,3191009,3370021,3580348
TCGA-97-7941-01A,TCGA-97-7941,Primary Tumor,64454214,35400,1000000.0131999999,2911317,6238820,4280286,6962411
TCGA-97-8171-01A,TCGA-97-8171,Primary Tumor,82509837,35049,999999.9898999999,4425416,11007202,8059619,9519522
TCGA-97-8172-01A,TCGA-97-8172,Primary Tumor,80510100,37683,999999.9982,3735390,9139671,8468860,8287869
TCGA-97-8174-01A,TCGA-97-8174,Primary Tumor,86576281,36472,999999.9982,3846982,7966521,6368974,8211845
TCGA-97-8175-01A,TCGA-97-8175,Primary Tumor,63381042,33972,1000000.0176,3097442,6651751,3608038,7233538
TCGA-97-8176-01A,TCGA-97-8176,Primary Tumor,35338090,32568,1000000.002,1540248,3751620,2208178,4303026
TCGA-97-8177-01A,TCGA-97-8177,Primary Tumor,67880303,36238,1000000.0004,3609675,7623734,3872878,8274884
TCGA-97-8179-01A,TCGA-97-8179,Primary Tumor,52537420,32817,999999.9905000001,1697112,5195772,4914981,5668620
TCGA-97-8547-01A,TCGA-97-8547,Primary Tumor,29538070,31473,1000000.0007,1109578,2674676,2248741,3209402
TCGA-97-8552-01A,TCGA-97-8552,Primary Tumor,37392357,33637,999999.9969,1933805,3666842,3423045,4275833
TCGA-97-A4LX-01A,TCGA-97-A4LX,Primary Tumor,48262941,33622,1000000.0142000001,3307196,6281459,3424226,5911656
TCGA-97-A4M0-01A,TCGA-97-A4M0,Primary Tumor,47707697,33166,1000000.0137,2508241,4726465,4625178,5339548
TCGA-97-A4M1-01A,TCGA-97-A4M1,Primary Tumor,45286269,33326,999999.9826999999,2415604,4493996,3611514,5457526
TCGA-97-A4M2-01A,TCGA-97-A4M2,Primary Tumor,47575719,35576,999999.9935999999,3106014,5131569,4915633,5533550
TCGA-97-A4M3-01A,TCGA-97-A4M3,Primary Tumor,45455295,31298,1000000.0037000001,2488726,4711965,3112227,5019421
TCGA-97-A4M5-01A,TCGA-97-A4M5,Primary Tumor,52078673,34817,999999.998,2713823,5215184,3371483,5860374
TCGA-97-A4M6-01A,TCGA-97-A4M6,Primary Tumor,43762765,33325,999999.9982,2116431,4347424,3269692,5296691
TCGA-97-A4M7-01A,TCGA-97-A4M7,Primary Tumor,52845308,35543,1000000.0042999999,3074933,5901598,5235905,6278661
TCGA-99-7458-01A,TCGA-99-7458,Primary Tumor,63839307,35491,999999.9955,1386644,5445888,4544924,6605943
TCGA-99-8025-01A,TCGA-99-8025,Primary Tumor,64644360,34366,1000000.0070999999,3114867,8415559,4395888,7406275
TCGA-99-8028-01A,TCGA-99-8028,Primary Tumor,58697024,33755,999999.9874,3968835,10012957,3210742,7320336
TCGA-99-8032-01A,TCGA-99-8032,Primary Tumor,62508319,36732,1000000.0045,3010116,8926029,5240658,7293399
TCGA-99-8033-01A,TCGA-99-8033,Primary Tumor,72954783,37186,1000000.0048999999,5209315,8299689,5991207,8467834
TCGA-99-AA5R-01A,TCGA-99-AA5R,Primary Tumor,42357256,34322,1000000.0103,4110378,5874953,3776880,4568191
TCGA-J2-8192-01A,TCGA-J2-8192,Primary Tumor,78580814,38022,1000000.0066000001,8313096,7888451,5203305,7486386
TCGA-J2-8194-01A,TCGA-J2-8194,Primary Tumor,64594010,34313,1000000.0011999999,3429878,6233328,3432303,6548098
TCGA-J2-A4AD-01A,TCGA-J2-A4AD,Primary Tumor,52572872,36139,1000000.0003000001,2010286,5236397,5099509,5906488
TCGA-J2-A4AE-01A,TCGA-J2-A4AE,Primary Tumor,38837889,34862,1000000.0015,1634356,4210734,5165175,4091545
TCGA-J2-A4AG-01A,TCGA-J2-A4AG,Primary Tumor,36167306,31199,1000000.0044999999,1243394,3106097,2803801,3811016
TCGA-L4-A4E5-01A,TCGA-L4-A4E5,Primary Tumor,46690615,33394,1000000.0005,1796690,6126538,4456230,5632252
TCGA-L4-A4E6-01A,TCGA-L4-A4E6,Primary Tumor,43504837,33028,999999.9887000001,1160089,4160258,3514542,4908462
TCGA-L9-A443-01A,TCGA-L9-A443,Primary Tumor,38894898,30982,999999.9941,1144057,3629465,3706710,4405547
TCGA-L9-A444-01A,TCGA-L9-A444,Primary Tumor,34132414,33139,1000000.0006,4103251,5364577,2876830,4294852
TCGA-L9-A50W-01A,TCGA-L9-A50W,Primary Tumor,56052934,34411,1000000.0035,2229664,5368338,3895116,6658937
TCGA-L9-A5IP-01A,TCGA-L9-A5IP,Primary Tumor,51958729,32991,999999.9919999999,2275929,5498028,3625479,5919957
TCGA-L9-A743-01A,TCGA-L9-A743,Primary Tumor,46964759,34308,999999.9939,3485913,6112198,3489107,5256165
TCGA-L9-A7SV-01A,TCGA-L9-A7SV,Primary Tumor,55979883,35726,1000000.0015,3553960,6719355,7259444,6298965
TCGA-L9-A8F4-01A,TCGA-L9-A8F4,Primary Tumor,53225666,35420,1000000.0032,3093583,7601312,5246486,6448695
TCGA-MN-A4N1-01A,TCGA-MN-A4N1,Primary Tumor,50957760,32456,999999.9959000001,1335775,5266417,2969641,6237537
TCGA-MN-A4N4-01A,TCGA-MN-A4N4,Primary Tumor,46062187,33485,999999.9942000001,1801600,5107355,3453717,5574211
TCGA-MN-A4N5-01A,TCGA-MN-A4N5,Primary Tumor,54194584,35029,1000000.004,2023754,5304252,4981473,6256629
TCGA-MP-A4SV-01A,TCGA-MP-A4SV,Primary Tumor,46448795,35592,1000000.0074,2197986,5489870,4889367,5430614
TCGA-MP-A4SW-01A,TCGA-MP-A4SW,Primary Tumor,49242565,34660,999999.9955000001,2090911,5396890,4093877,5888416
TCGA-MP-A4SY-01A,TCGA-MP-A4SY,Primary Tumor,49375338,34388,1000000.0015,1412387,4140071,4467190,5567978
TCGA-MP-A4T4-01A,TCGA-MP-A4T4,Primary Tumor,46093224,33398,999999.9853,1827927,6699606,3725226,5558889
TCGA-MP-A4T6-01A,TCGA-MP-A4T6,Primary Tumor,55079022,36380,999999.9928,1942832,5929473,8866581,6890920
TCGA-MP-A4T7-01A,TCGA-MP-A4T7,Primary Tumor,50331820,32682,1000000.0089,1539517,5152008,3340547,5965258
TCGA-MP-A4T8-01A,TCGA-MP-A4T8,Primary Tumor,49314219,31842,1000000.0065,1354052,4806791,3007201,5468834
TCGA-MP-A4T9-01A,TCGA-MP-A4T9,Primary Tumor,48486987,31950,999999.9937999999,1440451,3575812,3070923,5241395
TCGA-MP-A4TA-01A,TCGA-MP-A4TA,Primary Tumor,49678437,34902,1000000.0005,2132394,5146550,3709547,6413133
TCGA-MP-A4TC-01A,TCGA-MP-A4TC,Primary Tumor,46586925,31235,1000000.0090999999,1773031,4023364,2225363,5279492
TCGA-MP-A4TD-01A,TCGA-MP-A4TD,Primary Tumor,46438482,33545,1000000.0022,1606016,5436774,3579729,5411647
TCGA-MP-A4TE-01A,TCGA-MP-A4TE,Primary Tumor,52832107,31433,1000000.0016000001,1568364,6373189,2641058,5882270
TCGA-MP-A4TF-01A,TCGA-MP-A4TF,Primary Tumor,29691458,33494,999999.9976,4125532,3471758,2805868,3383870
TCGA-MP-A4TH-01A,TCGA-MP-A4TH,Primary Tumor,49160338,33519,1000000.0049000002,1568611,4957036,4312829,5252916
TCGA-MP-A4TI-01A,TCGA-MP-A4TI,Primary Tumor,41491257,32435,999999.9981000001,1340900,3957478,2488404,4954964
TCGA-MP-A4TJ-01A,TCGA-MP-A4TJ,Primary Tumor,29894087,34393,1000000.0148,4962636,4177691,2507051,3416350
TCGA-MP-A4TK-01A,TCGA-MP-A4TK,Primary Tumor,46625891,33604,1000000.0085,1640480,5470825,3067653,5562770
TCGA-MP-A5C7-01A,TCGA-MP-A5C7,Primary Tumor,58249143,35964,999999.998,8238017,6054162,5482524,6290204
TCGA-NJ-A4YF-01A,TCGA-NJ-A4YF,Primary Tumor,37940247,31000,999999.9981999999,1040125,5737134,2287232,4782233
TCGA-NJ-A4YG-01A,TCGA-NJ-A4YG,Primary Tumor,40071257,31843,999999.988,1162188,4067533,2703448,4565645
TCGA-NJ-A4YI-01A,TCGA-NJ-A4YI,Primary Tumor,31352331,32103,1000000.0048999999,1705926,2783202,2751018,3657607
TCGA-NJ-A4YP-01A,TCGA-NJ-A4YP,Primary Tumor,101532163,37121,999999.9953,13185575,11107523,6263251,11264938
TCGA-NJ-A4YQ-01A,TCGA-NJ-A4YQ,Primary Tumor,36671821,32965,1000000.0097999999,1459403,5341997,2721220,4930825
TCGA-NJ-A55A-01A,TCGA-NJ-A55A,Primary Tumor,22240434,32495,1000000.0049000002,859618,2155894,2194588,2644375
TCGA-NJ-A55O-01A,TCGA-NJ-A55O,Primary Tumor,39619737,32123,1000000.0118999999,1530606,4190328,2527743,4204769
TCGA-NJ-A55R-01A,TCGA-NJ-A55R,Primary Tumor,99398911,39997,999999.9945,4641293,12182448,10202569,12051518
TCGA-NJ-A7XG-01A,TCGA-NJ-A7XG,Primary Tumor,49290082,32448,999999.9937999999,2229179,4675330,4524423,5278767
TCGA-O1-A52J-01A,TCGA-O1-A52J,Primary Tumor,45840816,33857,999999.9911,1277720,3845368,4187025,5301832
TCGA-S2-AA1A-01A,TCGA-S2-AA1A,Primary Tumor,37582696,33407,1000000.009,4966346,6419244,3407295,4626876
