cohort_TCGA,gene,p_TCGA,status_TCGA,n_TCGA,events_TCGA,model_TCGA,adjusted_TCGA,expression_mean_TCGA,expression_sd_TCGA,warning_TCGA,HR_TCGA,CI_low_TCGA,CI_high_TCGA,PH_expression_p_TCGA,PH_any_min_p_TCGA,nonlinearity_p_TCGA,q_TCGA,PH_expression_q_TCGA,nonlinearity_q_TCGA,cohort_GEO,p_GEO,status_GEO,n_GEO,events_GEO,model_GEO,adjusted_GEO,expression_mean_GEO,expression_sd_GEO,warning_GEO,HR_GEO,CI_low_GEO,CI_high_GEO,PH_expression_p_GEO,PH_any_min_p_GEO,nonlinearity_p_GEO,q_GEO,PH_expression_q_GEO,nonlinearity_q_GEO,direction_agrees,statistical_replication,diagnostic_flag
TCGA,PYCR1,0.6471048464713691,ok,465,169,z + age10 + C(stage),True,6.365163225315674,1.0184470875634362,,1.037857689723469,0.8852087883747152,1.2168299708092956,0.2816245671566719,0.015661159886208056,0.012422463943130433,0.6471048464713691,0.5026027167852151,0.12422463943130432,GSE31210,0.25324506879065145,ok,204,30,z + age10 + C(stage),True,8.985897151602266,0.6335871603621834,,1.2159687465009144,0.8694367354324248,1.700618264917936,0.5387022261673141,0.004321683627382918,0.000316862897524261,0.49464013200767526,0.9435962785201315,0.0031686289752426103,True,False,True
TCGA,SLC6A4,0.06287770303115807,ok,465,169,z + age10 + C(stage),True,0.6631994764004202,1.010059236594727,,0.8350749139200001,0.6906317384204492,1.0097278666245664,0.11418218526233107,0.008855272680250747,0.38272168160594944,0.23987947126203654,0.5026027167852151,0.5467452594370706,GSE31210,0.29678407920460514,ok,204,30,z + age10 + C(stage),True,4.834357974635679,2.303926074562561,,0.8008302564639875,0.527641794155814,1.2154630409712956,0.9524205607576076,0.004323235883158255,0.0012689655722685823,0.49464013200767526,0.9524205607576077,0.006344827861342911,True,False,True
TCGA,RTKN2,0.32936026070705154,ok,465,169,z + age10 + C(stage),True,2.298178884751211,1.069814499507703,,0.9253171572385759,0.7916903821015322,1.0814983494017898,0.9698207048861563,0.00964563505886714,0.36397376903187006,0.4705146581529308,0.9698207048861563,0.5467452594370706,GSE31210,0.7646066732805326,ok,204,30,z + age10 + C(stage),True,5.248686899538,1.2825205244402647,,0.9445052997875317,0.6499872547021689,1.372473467553607,0.37333617822108944,0.004693538575138727,0.14259664923468546,0.8495629703117028,0.9435962785201315,0.17824581154335684,True,False,False
TCGA,FABP4,0.6420426614636919,ok,465,169,z + age10 + C(stage),True,2.5823086069503836,1.60078873118207,,0.9633730434393325,0.8231250741476165,1.1275171295038473,0.4585246851424788,0.010446994302323551,0.7778798510556091,0.6471048464713691,0.6550352644892554,0.7778798510556091,GSE31210,0.0058612880158787775,ok,204,30,z + age10 + C(stage),True,6.594205353032969,1.6547185897396628,,0.5788788022201147,0.39238706830112524,0.8540053807344946,0.6192692992011729,0.004566010682467864,0.7715196963512512,0.058612880158787774,0.9435962785201315,0.7715196963512512,True,False,False
TCGA,SERTM1,0.2212109936962397,ok,465,169,z + age10 + C(stage),True,0.3842314515094601,0.7017025019126885,,0.8965473810323148,0.7526399624580741,1.067970406209567,0.2893703843249107,0.00798089244175685,0.10797689201017055,0.3686849894937328,0.5026027167852151,0.491876393575444,GSE31210,0.7204981256007363,ok,204,30,z + age10 + C(stage),True,5.132090799858106,1.4890022434018575,,0.9394618173235881,0.6672876111767256,1.3226508201651486,0.7548770228161052,0.003971944330907127,0.010644315374215283,0.8495629703117028,0.9435962785201315,0.01774052562369214,True,False,True
TCGA,FHL1,0.07196384137861096,ok,465,169,z + age10 + C(stage),True,3.7192286405584185,1.2938867661080602,,0.8593009554716657,0.7284707590283748,1.0136276891324834,0.5276724156761305,0.011356289820502623,0.1884841658450476,0.23987947126203654,0.6595905195951632,0.491876393575444,GSE31210,0.08136531609750677,ok,204,30,z + age10 + C(stage),True,8.707839641232495,1.1726040585125352,,0.7083023039519685,0.4805907318173426,1.0439072594815335,0.3269873554162805,0.0020735087260567893,0.004987058675918488,0.2730961933747853,0.9435962785201315,0.011107250361853357,True,False,True
TCGA,AGER,0.026390635913708417,ok,465,169,z + age10 + C(stage),True,5.28019019738346,2.132669804387663,,0.8357580539055058,0.7133471811252464,0.9791747176544604,0.16864458995574047,0.0139629909167859,0.5405052252917681,0.23987947126203654,0.5026027167852151,0.653146919063923,GSE31210,0.4616658682436353,ok,204,30,z + age10 + C(stage),True,7.063351358872767,2.2591763138416305,,0.8694192498513867,0.5989912817419493,1.261937953109962,0.6327452889133518,0.003126686656440934,0.546527881532406,0.659522668919479,0.9435962785201315,0.6072532017026733,True,False,False
TCGA,RGCC,0.38325532301870746,ok,465,169,z + age10 + C(stage),True,6.866839403154342,0.9249353383445594,,0.9347023105795806,0.8030641647610498,1.0879185596119398,0.24048920202530633,0.01156242542365821,0.1967505574301776,0.4790691537733843,0.5026027167852151,0.491876393575444,GSE31210,0.2838010379343521,ok,204,30,z + age10 + C(stage),True,8.65355910698407,0.8700072722161631,,0.8285499442079598,0.5874266168788295,1.1686481176058439,0.4138243270643325,0.0025846862628308986,0.0055536251809266786,0.49464013200767526,0.9435962785201315,0.011107250361853357,True,False,True
TCGA,KANK3,0.13883261135654879,ok,465,169,z + age10 + C(stage),True,1.9607816998149632,0.7500225172028419,,0.8804225744534157,0.7437949436623384,1.0421473232803709,0.8741228420388278,0.013656967654600127,0.25196542070110206,0.2990109967162991,0.9698207048861563,0.5039308414022041,GSE31210,0.08192885801243559,ok,204,30,z + age10 + C(stage),True,7.63416340744027,1.027559355110361,,0.7312207681094189,0.5138964060347375,1.0404505760999345,0.9391824424431474,0.005554632193465079,0.015225172015342271,0.2730961933747853,0.9524205607576077,0.021750245736203242,True,False,True
TCGA,RAMP2,0.14950549835814955,ok,465,169,z + age10 + C(stage),True,4.9840135309478475,0.8705771113474914,,0.8894367454250627,0.7584340429205252,1.0430672666881138,0.301561630071129,0.008673016975962037,0.5878322271575307,0.2990109967162991,0.5026027167852151,0.653146919063923,GSE31210,0.9617729653086745,ok,204,30,z + age10 + C(stage),True,6.0407767894286195,0.675128675431574,,1.0081163841864311,0.7243491455976497,1.403050794277656,0.6748960649579767,0.004522785133411314,0.004804829868341403,0.9617729653086744,0.9435962785201315,0.011107250361853357,False,False,True
