patient,PYCR1,SLC6A4,RTKN2,FABP4,SERTM1,FHL1,AGER,RGCC,KANK3,RAMP2
TCGA-38-4631,5.772149590784542,0.07121348960526455,1.6329661249096672,0.6605635855451842,0.15574923267794485,2.0838941256243064,2.538538163629804,7.014418900499138,0.9697491282886593,4.779149386234058
TCGA-50-6597,4.07618280980422,0.0578314745605733,0.6179566680959305,1.1257833316273236,0.0,3.651189494272941,5.448590447646887,6.037887340416869,0.7099963689114015,6.573898595903291
TCGA-55-8511,8.499507491573752,0.09545188108566052,1.7715475722956064,1.2949588696325576,0.03660882860510138,2.925923485240019,4.626918008602947,5.944642962274664,2.1554901977475622,4.230871626890055
TCGA-95-7947,6.022085905071638,1.9247840056444987,3.2077835524223035,3.405692901326258,0.3446012830366772,3.634732652537541,6.765040061147612,6.65440260091851,2.0614306004977476,5.754224778915107
TCGA-55-8090,5.590377460314669,1.61461562421961,3.37300779934775,4.5264820245032045,0.9398283588687507,3.613401993125531,7.480081703263717,6.833201298983516,2.707215545716416,4.9865838662486714
TCGA-44-7661,6.122716197784146,0.7466567361572877,3.968256675479465,5.4652398739324575,1.1268407352776932,5.646030135153234,8.10345252855103,7.469588910668497,3.301192534023397,5.910950872209432
TCGA-J2-8194,6.90238476257107,0.15523111629927883,1.652279971105086,1.0801118598615984,0.23535944739094555,3.5624866693718467,4.841459935286706,7.9401215186996,2.4591430507713707,5.846182378418698
TCGA-55-8203,6.831767059255637,0.05227676545235779,2.2043285554681917,1.246590502905181,0.08338358771008252,2.564573278960721,4.82159287650797,5.880734495748422,1.3378252474567947,4.416718161365187
TCGA-55-8621,5.421677752332595,4.232952335895261,4.823204171258745,7.291481081400887,2.7348071512416756,6.795525404956108,10.664448173454069,8.553972121223133,3.9020735793107426,7.020796639728659
TCGA-49-4501,6.823339213910087,0.7146631517757496,1.2363395391683736,4.223592450481138,0.6331056662868707,4.553299058456131,4.832014007061736,7.9192179058860575,1.9993506411148905,5.295800152304796
TCGA-62-A471,7.178619042533318,0.07121348960526455,1.5950261840658537,2.975850260271166,0.0,2.0604970746217908,4.619025579114984,5.273381609871334,1.8930515027368504,4.0961353249095005
TCGA-78-7540,6.1555812700166745,0.7006172696816385,3.527871054301573,1.5759899477218167,0.4676968363726027,3.256029372685603,7.690330486530296,6.662815040574754,1.8219142593092366,5.523781479904235
TCGA-NJ-A7XG,6.252135558616377,0.23106369991227277,0.7588148316026461,0.3341105678447527,0.1271049651394007,2.9930040275552825,5.776277732852792,6.290898023766006,1.87180423007352,4.708479719137107
TCGA-91-6848,6.425675813625885,0.2063931685116039,2.816374427833494,3.2071432049417488,1.4036494814768499,6.105164713617308,3.0989079646715463,6.472898751033574,2.276913483245923,6.265928162880955
TCGA-91-A4BD,3.7596671860176607,0.6537937929692679,2.5664255128645053,4.142070287261251,0.35704521296680747,3.764452319121337,7.7012010937163184,7.767511792742816,1.7643886216324909,5.217885985295575
TCGA-MP-A4SW,6.841566863599843,0.7424374453762657,1.7731946051456182,1.8422547892053482,0.1094274266861541,2.871784520451731,5.571676809970931,6.366893932801647,2.4505118536014066,4.180505943794759
TCGA-97-7552,4.055308468861026,0.43199728984072255,2.9808844444597287,1.4043581948333117,0.0,5.580217858613385,7.409004751370314,6.961766849858575,2.4397295074635936,5.55850030804074
TCGA-55-8089,5.489530091078165,0.300416627836874,2.120484656895456,3.509759172195722,0.0,4.698612998036001,6.581863391336013,6.7713692949315005,1.8565873753012403,4.581773026163416
TCGA-78-8662,8.656647239277353,0.49661573802968845,2.755122588867291,4.060021435684059,0.18548600412807803,4.70836383669307,6.5419731977339,7.197501763112143,1.8127857088674362,4.937334975050041
TCGA-55-8512,4.9541776948468925,1.457068911282177,3.264236151043547,5.721216787490917,0.6861643260613592,5.615033678083159,8.45306399070699,7.191150043455985,3.103061156333551,5.478489747911086
TCGA-MN-A4N5,6.472903623606832,0.6667565918848034,2.6294731967869485,2.777156666004501,0.13986236801564095,3.376915452807318,6.759003991213639,6.57259261239064,2.1568819639667134,5.016086202465223
TCGA-78-8640,7.639364587544946,2.4210751502376633,2.9377963406865515,4.511404783985232,0.6020767484238289,2.89687244300084,7.766713747235819,6.197372014095621,2.120816394817056,3.9171548383046515
TCGA-64-5779,5.876025732722702,0.3371972813408009,2.6967060792516886,0.976143640046633,0.06695024392462703,2.7965769897215487,2.7759354883017875,6.867457906982955,1.475396222382618,4.586404474895063
TCGA-83-5908,6.389386119413203,0.07189993156563308,3.0745568134773222,0.6543438800530379,0.06502076994841134,3.0904131042117307,3.80134493180597,6.419466417863136,1.327859787542293,4.692270957184088
TCGA-L4-A4E6,2.7742494073047683,3.689567543950467,5.9429273150980535,5.89460679919749,2.3256454547579866,6.188669940938525,10.775096069569893,8.87878970228924,4.002954497507508,7.041584688036027
TCGA-75-6211,6.4598807514932,0.020057652341253476,2.7564042060797393,1.280956313831056,0.0,2.117528823988669,2.040296297398379,6.3768720539546075,1.592301546729318,4.469638561506554
TCGA-73-A9RS,7.517667026284609,0.0822938359514309,2.3230241266790927,0.4846021943722032,0.0,1.97691347822467,3.9404392860173116,7.41819669580202,1.5363513579954835,4.081365194835987
TCGA-86-8585,6.950457915845942,0.13802804476676123,2.0406119280375714,3.210684979319882,0.0,3.3560170052838827,5.740258391744473,6.2094943063937915,2.506348049393272,3.9284840284919866
TCGA-86-8055,6.7942078953189124,0.8093321197735012,2.235941457182307,2.7900213075760303,0.2561652772630562,4.421970546277214,5.464282712738182,7.513018507824739,1.7154980574773444,4.715745140839693
TCGA-44-6774,6.961213518768176,2.1013811423550246,2.2805406627967066,2.6912214726669204,1.9678326109894895,5.039748163477165,2.3439762600675356,6.33151354657445,2.3994992525233885,6.245292189528783
TCGA-05-4398,8.032561532537544,0.16979675618324852,1.7009279323079631,1.3741213766797846,0.028710585954140094,2.67610940735382,4.139657760023704,6.556709895187586,2.107520493591593,4.717012836367981
TCGA-55-8096,6.352092876162801,0.07107616201095888,0.9387750770858144,4.795979887484005,0.03604610015685955,3.7931571833854942,2.618215158742208,7.073980856962679,2.1062478031117653,4.298174403762275
TCGA-MP-A4TD,6.960622910487068,0.12379860846262164,1.3930317234629601,1.7696871212230363,0.0,3.8586375207068673,4.097450675557758,7.443044646782552,2.4745398772153444,5.516935454261893
TCGA-97-A4M2,5.6105081388061295,3.975941947859989,5.794810928733609,6.425924171372018,1.3388522391451838,6.019877570993007,9.6927767607075,8.213907626869588,3.8897363577686663,6.412093880045419
TCGA-L9-A443,6.6090708552474755,0.17951105027151046,1.4055023045535386,2.4716296976614727,0.0,4.380618638177376,3.482177106019426,7.2409086506909075,2.048271066639319,5.939014954395479
TCGA-95-7567,7.552646044945955,0.058939854556232955,1.8231379192985318,1.5739076821339184,0.0,2.4714996419463877,6.029384415781519,5.602388582636777,1.9053123861186596,4.720152579673216
TCGA-55-A492,6.213938237896818,0.18421680809224125,0.7431271525919301,3.669582413658198,0.10661632898778424,3.766160485697069,6.3720013606143935,8.60055187403454,3.30247991015553,6.675966909548808
TCGA-44-3396,5.947902223351574,0.07477942649661334,1.9276310189236558,1.5841447418110723,0.03660882860510138,3.0732889769823397,2.993330174987482,7.1328626390618135,1.8216285892437736,4.943705702994856
TCGA-44-7672,5.889675525166584,0.10608026022513196,1.2216296523509824,0.8301741804324109,0.0,2.960974988450898,4.225429187559199,6.181124421653963,1.6399267127487973,4.86666569578166
TCGA-69-7974,7.420571666691635,0.9508416375491487,4.0022254431470685,2.2990687801469667,0.18205660901025042,4.351812046201095,7.029134804053023,7.212417591100731,3.2738589924985453,5.250540978749386
TCGA-64-5781,6.363966513223666,0.031959741397545,1.1983684231025193,2.7601570618768374,0.03604610015685955,3.2159891541467207,1.8491185665532757,5.913490234234606,1.4438718283977634,4.499635445497703
TCGA-55-A4DG,6.342177809227257,0.08787013294105718,2.101448380489909,2.4969480237295505,0.35952117042759535,4.86004903336145,7.1400781979956545,7.4132538798297345,1.5418617185832462,3.3191265481281698
TCGA-67-4679,5.937247863959099,1.882056070968626,1.850279367231445,1.889395662154244,0.2723815780930465,5.3498641611094815,7.26282493685562,8.544581981005441,2.5890683335510896,6.248140105469531
TCGA-MP-A4T7,5.963282214274849,0.3475522769900639,4.093281277741991,4.668073727652463,0.5215533305450947,4.246400486093374,8.468395963006387,7.9734993498169455,2.9010116738494514,5.288173968112302
TCGA-69-8253,6.3650380815104945,3.6668701854473906,2.6264157730256916,4.0725431744079685,0.734221866220779,4.489703483048175,7.714106050404477,7.883943944763118,2.3830545014497924,5.828618889002672
TCGA-80-5611,7.51457046777402,0.04012091720087747,2.117129821001713,0.2819059238971919,0.0,1.2080177548958924,1.5816404803375266,7.38421044277381,1.5449304411803388,3.058316495590823
TCGA-86-8358,7.067673131900016,0.21921499579542364,4.682393511062731,1.6924718352407728,2.655351828612554,3.9830574396224407,4.421768625778127,5.917882825441112,1.452015499178249,5.072911837660109
TCGA-75-7031,7.630899769633226,0.7570232465074596,2.3538878362849074,2.3284056589585673,0.10299399332332565,2.5347837655028638,6.895338979117129,8.56492456357461,1.0154262036096078,3.8352369129930444
TCGA-73-4666,6.966064717320864,0.4140272591249018,1.977902666935008,1.3938005750446303,0.10420244938244294,2.6069869854653573,5.811221825569446,6.513653387021278,1.3866454270302826,3.98391478059586
TCGA-49-6761,7.40786256740339,0.3847129624220463,1.6182856481539152,2.160855665493157,0.04446406651324603,4.000703142455382,5.39377655463382,6.179435410303622,1.489645688040287,4.545789256291186
TCGA-91-8499,7.136145234732282,0.882682172764669,2.1978339460450282,2.590122917715788,0.14482952083880904,4.5060814138586,4.681629169301336,7.089357255771762,1.7648981228147094,6.634485817349978
TCGA-78-7158,6.893148606183737,0.12313642685605963,1.8325660041600922,0.6371928869588478,1.3567072529353814,2.174150712212013,5.236580631574403,5.5136644396572025,1.3438625904298396,4.24126054904726
TCGA-49-4507,6.383901245777739,0.0897693086335084,1.144372734291979,0.8723953935531242,0.0,2.097745621638519,3.392276202331583,5.002193932492973,1.3738987299659835,5.0995855658916955
TCGA-86-7953,7.343582818410059,0.28688114778816154,3.707756681293628,0.7938542757473095,0.8177051102271712,2.655672391893706,5.069233850515054,7.122609568477129,1.7445055786286106,4.832925448344626
TCGA-49-AARO,6.034930985825033,0.2467121005318611,1.7054029201297283,1.882251756969725,0.03520159571856608,4.167205363985408,5.497094971842298,7.425211706362251,2.0549526389422295,5.564280603471303
TCGA-86-A4D0,7.946439040410705,0.19105723992631402,3.3880379566483745,0.6663021281730949,0.05644480101966811,1.529920869997421,4.041085244559378,5.320199432332493,0.9217409860795005,3.634744267270687
TCGA-62-A46Y,6.279105375243157,0.9839694871935531,2.4611618147761796,4.69415587836022,0.3008851494098441,4.180283147267106,6.3737195439858825,6.869287845322901,1.9106942918437104,5.057315960988334
TCGA-91-6830,6.356066319641038,4.425325019379594,4.624685810525398,6.45437826435881,2.157722846143117,7.3317428309716135,8.760462817171579,8.281612946841921,3.587328983123361,6.683808721925801
TCGA-49-AAR3,5.83857113157387,0.20363969401398507,1.9411814493564319,1.348572370159641,0.0,4.156113421877494,3.6007098225694363,5.864889364469749,2.155263504024833,5.3532562367529195
TCGA-35-5375,5.6988518801250105,0.06997707041155635,1.6168752051286284,1.2338267197953958,0.0,2.3738708967106383,2.309758271424635,6.717243206834081,0.8771945471262383,7.028735998362926
TCGA-44-6145,6.532602165790146,0.19080446812700091,2.3700526557159143,2.3403913572200783,0.12021921162499426,3.709191364300617,6.120899317379938,6.700264919499084,2.2236078949932256,4.76333189470853
TCGA-05-4397,5.326300043255645,0.056722242374540224,2.242480561416439,0.32883646422954,0.0,2.108256801567014,3.200143352036398,5.627781911856081,1.7690523277772823,6.715024362718959
TCGA-49-AAR4,5.466653220122748,0.12247394117564454,2.19503256501146,1.5645245038355107,0.0,2.829463978002672,4.244217298388562,6.672686983521939,1.3280321903038625,4.4154882710497
TCGA-73-7499,6.5379063806491,0.05741561242724302,2.450406275742936,2.689455723595201,0.06446901736844254,4.062674362763392,2.6456324960849513,6.975102789074845,1.1347466553684875,5.432538559845946
TCGA-05-4425,6.99267100931581,0.2318010227771577,2.019595175965795,1.9593250392391321,0.0,4.330199832850905,5.3805736190511055,5.678350836757904,2.688292277833008,4.711048813650051
TCGA-50-5942,4.9920976754115305,0.17427857103612218,1.2302645080081003,2.160887927197842,0.12008647067252551,5.538600240394121,5.3197660398205615,7.63718346599868,2.0422941262061696,4.885208275545383
TCGA-53-A4EZ,6.538024375876518,0.08963373610689557,2.1465248914774424,0.6275134567877689,0.0,1.879980165872454,3.8185540582337154,4.657445651263761,0.9043492152652591,4.197645259798239
TCGA-55-6970,6.23423305121834,2.705270199529746,3.850639425893325,2.9166677172200486,0.6527847549087559,4.307406666010876,7.533992324245649,7.722129219698002,2.15966147496394,5.011871291760376
TCGA-05-4395,7.638549587364714,0.03815520102596883,0.62246186738273,2.9303778015430706,0.0,2.411588946518798,1.4602183286672739,5.777051432769042,1.6965725561331535,3.895099000809621
TCGA-MP-A4T9,6.746082959699501,2.500827542143666,5.907686262921349,8.604221843722202,1.669344304941674,5.721883910753308,10.419513505082422,8.539697394277132,3.25451845979588,6.001088373274456
TCGA-64-1679,7.100274414746313,0.10030490579568548,2.4289195535264643,0.2873540850292068,0.0,3.9831121787393116,2.498940132337914,6.908877741113149,1.7322691995014496,4.254276566823155
TCGA-50-5933,8.136064209542559,0.10043947928031165,0.8905634265982915,2.1566554888468596,0.0,4.557575513310535,1.7566390457871053,6.67576513115674,1.6971510670843672,4.991476495420565
TCGA-MP-A4T8,7.744379098311872,0.37795663381011363,2.0179931504377544,1.819831652426537,0.14469902515413874,2.9197977055721394,3.7854250035609334,6.132759841124085,1.9193400824420126,4.850224350355234
TCGA-55-8302,6.801298365132659,0.19383481065383806,3.284484520973164,1.9074291012423188,0.1826922975161903,2.7124857308614936,6.198659158341384,6.083209112505121,2.098891125806269,4.1243529517906055
TCGA-95-8039,7.008685202875809,1.4647728063347383,3.0919028971531284,4.669775139554366,0.44424299422248475,4.107244281188765,7.522036911620143,7.279985656215555,2.2020728754659165,5.370847794198249
TCGA-55-6971,6.0540018822783175,1.290011472114838,2.958916895586959,3.6476483747931567,0.717999879468506,4.221900275344619,7.034238829621024,6.89330638534675,2.438505779782749,4.900040794648962
TCGA-L9-A8F4,5.606326736837057,0.5286713289252771,1.848477724769995,1.8038056519230299,0.0,2.8679359893427456,3.906640506793108,7.10048468474363,1.892818427795033,3.684089352758036
TCGA-MP-A4TF,6.436554981453429,0.2414741257014415,1.6606548520352282,0.9482270438791673,0.05283319976294459,2.790772037862,4.377859488703362,6.139933973957818,1.2918392732571145,3.3405195429729875
TCGA-MP-A5C7,7.540740254713213,0.11609855223657987,1.8287940381986223,0.42449217088920543,0.07956584981027477,2.67633511764573,4.513168566678515,7.100407939746102,1.7137837813712902,5.114870880663465
TCGA-97-8174,4.74638264191482,0.34777902670226174,1.80421880666708,2.0211598827128574,0.019630756335508422,5.973356416680164,8.537937821110065,8.802060382049397,3.087038456766947,6.049123208729103
TCGA-62-8397,3.9949869520366073,0.0,0.5277709887533527,1.561497221019815,0.0,1.9093506964555342,3.9399317647276124,5.287043737452336,1.3547906492310708,3.899252984709152
TCGA-55-8205,6.140551683352469,0.14038603228305635,2.259543673148691,2.8413492246827543,0.05436228844968911,4.145212783663543,5.851309295915163,6.9367121328397054,2.454991785542153,4.922545157307048
TCGA-55-8510,6.6965113539069465,1.5827968335030416,3.982719835833033,4.170117347958281,1.039138393906958,4.682247418207305,7.948787129069931,7.2190242437441166,2.8599298040085444,5.765821135333424
TCGA-49-AARN,5.323503378877251,0.13172117115592868,1.9151384259244562,1.9425332719819401,0.0,3.3374542096085342,4.711230571893635,6.2074243681038865,2.2369517585880807,5.332922710958951
TCGA-49-4512,5.402705125224402,0.16800012451782012,0.5657921214718298,2.1673900443676914,0.03604610015685955,3.3634094035524433,3.0512676809307786,5.933327132614905,1.6593765954759112,4.964569601305192
TCGA-55-7574,5.504734786593869,0.6689360271190296,3.02094661351356,3.4598512507056687,0.2382977275122874,4.615492808923323,6.795053890351664,7.841738561310185,2.8283878626164216,6.165837592010978
TCGA-97-7554,6.689410993026231,0.08283881472489178,2.829037688669135,2.6549624774168534,0.02715405150372665,3.8798625724387263,5.790951842332188,6.094442998965676,1.7355221772965375,4.5532191762006216
TCGA-05-4417,6.5640320875675515,0.2251515118412731,1.709467101388172,2.2299570085843627,0.0,4.884969047330319,3.2077991671034325,6.716605484272788,1.790980504742052,5.75757002247341
TCGA-50-6673,6.115405774502363,0.4323180669495235,2.014069582501656,3.2380072268592515,0.07382023329167137,4.26827717976031,3.9097827028791086,7.3127123623889245,1.9367038892684452,5.573004836957095
TCGA-05-4433,6.503785993783269,1.8467139406714768,4.360631157463493,1.6878669385001537,0.7801420898384704,4.802296632234575,8.16384437010767,7.078294936579782,2.440128324778838,5.249346730799268
TCGA-69-7979,7.313061693220036,0.049491370165103715,1.832120371553323,1.1892869065836122,0.04460395064976797,2.813606774873827,2.6879788820619694,7.200867225773616,2.074128614947253,4.108114589536276
TCGA-95-7944,7.055016651407529,0.10742005883636484,1.0304773390232687,0.9656180766196096,0.0,2.892002368841848,3.148852777823711,4.844636726782096,1.777451278234363,3.8188505608954335
TCGA-55-7727,5.1202358033853335,1.4473147002531763,3.5278210223950333,3.4975868196632662,0.2479275134435855,3.493301476061748,6.567251853181324,6.420170774890945,0.6470842126289534,4.08983709011962
TCGA-93-8067,6.0873185645322945,0.40795091723857274,2.1340237470080807,4.036424207526683,0.2895984221401878,3.2630193776821796,6.4989289663194985,6.659102535945395,1.5560614904998449,4.865290343423931
TCGA-05-4418,5.802565477307944,0.0675010485665715,1.111298453402541,2.7832261400056644,0.0,2.3948433615308606,3.3038391852737123,5.394016740746876,1.650305028920028,3.9633353966281866
TCGA-67-6217,7.3440792654413425,0.7209788451443522,1.6291467582651602,2.9977982107713204,1.0908534304511135,4.499724727495099,6.509483665296356,7.089261905438345,2.1291840858930593,4.433400163426506
TCGA-55-1595,6.234100814402021,0.8047144362308056,2.7698140464015713,2.7895832011014265,0.17989317053354809,4.049648191472536,5.956753662671981,6.940946628830428,1.8769196171509634,5.037224061624241
TCGA-55-8091,4.646168418708053,0.09518178934268523,0.9025752990309406,2.731096329614531,0.048375704538976265,3.2680001422984137,2.968993882174636,6.586209291908783,2.052659337093759,5.12164954990509
TCGA-05-4384,5.125084855067137,3.8287128122300236,4.138216497935928,5.084349202944799,0.9675375360708582,5.51285263514117,8.189156416621692,8.40002466374264,3.2956054885880612,6.404417806284055
TCGA-49-6742,6.375357484469444,0.20626812452098273,2.498965654341203,5.3494077424826125,0.3599708883367509,3.7655241382722053,7.083458052409395,7.132834884340475,1.7375569779075863,5.300687510425901
TCGA-55-7725,3.317694793598185,2.90554345147192,3.4595889949668415,4.706801274194687,0.6549853833373076,4.9102241757803,6.96779572992498,7.396060135927203,0.34118877247874047,5.194851389702986
TCGA-55-7573,5.696728331903382,0.41175162896452183,2.697640395225277,4.150795232547887,0.6398804198501142,5.469827381874443,6.517078805452075,6.868862054761576,2.3157690859900617,5.4014393323252605
TCGA-73-4677,6.322461793324368,1.4381331348004658,1.5698799061480764,3.1358139257898117,0.10406822646371666,4.239947884058464,7.452674498760737,7.604381985747789,1.822607794060249,5.365689038223944
TCGA-J2-A4AD,6.522972212345333,0.8257856274647913,2.9358934340640914,2.413052428548527,0.48264180030857534,4.03425093695486,5.860736893646776,6.924358844215572,2.4079509172385727,4.343422035972041
TCGA-97-8176,7.593634632897782,0.2561652772630562,2.010815637193484,2.105745116069354,0.1211480564753105,3.020519980510853,5.772682748245974,6.198926268806159,2.5932103310370938,5.3228979812146235
TCGA-55-7284,4.854404652103582,2.868686765322135,5.311168850458837,3.2268013548517684,1.9083133529372789,5.837423576319016,9.752688555903596,8.317247531063273,3.2300185137126256,6.4865197054597825
TCGA-78-7162,6.117599469268122,4.383441646237005,4.575735878629591,2.794207895318913,2.204172024926642,6.011538128300455,10.283271746579391,8.288129200489076,3.0075363965211297,7.100024153509098
TCGA-86-8054,6.952148324736509,0.26363540356832926,4.2460051709400295,2.4859677363964328,2.8150425169400637,3.6633901654518928,6.271931710931854,7.623292589351071,1.6761319799721386,4.0163269376981034
TCGA-50-5066,5.192537435351457,0.10205338272918787,1.7392000402308923,4.567661043576735,0.0,3.850989396795199,4.3121133126729365,7.586651418601029,1.2658569208107826,5.10159125112254
TCGA-05-4426,5.35291738785997,0.2453739626181625,1.6053046802383422,0.5745375213020635,0.15743182700418823,3.5182455637974814,5.473920007402519,6.530167526431562,2.3782341552192388,4.739210843657874
TCGA-93-A4JO,7.367972063383065,2.8507594254809088,3.296442723377525,4.969422210513824,0.47995483169067105,4.877410526786399,7.994289504250293,7.313789118658334,3.1124332511797363,6.113027412273854
TCGA-62-8402,6.415194158437491,0.4309275174048685,2.136847604192881,0.8447873500790599,2.442492375841096,1.558071668958873,3.916275990776982,5.914681713788834,1.0994972011701902,5.23880214229262
TCGA-55-8506,8.564676539605,0.03759307554023308,1.8779797727706646,1.3118518311870575,0.0,1.7953513651665591,2.87933328334048,5.628152414514094,2.0645724870519078,5.070440851794222
TCGA-35-4122,5.888390141080048,0.009490502947452436,2.320426911293992,5.1464515753169175,0.0211954245144897,3.204532019785388,4.453761190396843,6.956320394229814,0.8729469276679336,4.97960010882183
TCGA-55-6978,5.366038893583575,0.31521841136579,3.8781073315801886,2.0960256582036147,0.08556062487262552,4.582423529106987,3.7623169207807163,7.2204605577597585,1.9761803083240532,5.37494208960248
TCGA-78-7535,6.285646346597404,0.021053252054075176,1.2402532615845048,0.9275172461984765,0.0,2.233826719795396,3.3231971082393277,5.193696847447788,1.7956838408356894,4.98502218507586
TCGA-86-8281,6.947940785009569,0.4472088881558103,1.7890614722492515,0.6301258523243805,0.02658762234808418,3.205580188775248,7.793498618652126,7.357558162449629,1.9769867747262806,5.806963280249856
TCGA-62-8395,7.337210664150977,0.2526578641941174,1.9123816098053539,1.0694272104560145,0.07573798239407814,4.188385098550622,6.1044855349062015,7.941889788711533,2.515813357361978,5.43004101125749
TCGA-05-4424,7.017115732787224,1.9015330705650593,3.698040631202383,5.43924745606738,1.4888234638727644,5.609675191032568,8.144098388932742,7.921290525736654,2.032383005311653,5.083919647778096
TCGA-05-5429,6.085700829091765,0.043764442310170244,1.780268098576382,2.1545184023221142,0.0,3.413621159764698,1.5177796034630069,6.64030712624709,1.5274707504585805,4.306305992452213
TCGA-44-3919,5.664295095750319,0.5289713174983675,1.8063653061224552,2.1670688458979144,0.12525433903146602,4.575100510077611,5.971764252166997,7.081851954002199,1.8971629633588345,4.977687484525401
TCGA-97-A4M5,7.130400672566021,5.1717632659746755,4.5523770710948686,6.3864126331814095,1.9892843597476708,6.175414817959932,9.290665149363642,8.177041746614393,3.5737865276867247,6.5171292112769095
TCGA-78-7537,6.057435108642821,0.1432627930386199,1.0115671993170428,1.783959466961265,0.0,1.9920070088721442,4.346765462595481,5.629715063406231,1.9048886701625047,5.651803706293936
TCGA-55-7281,5.803128855423083,0.08719124956262302,1.0260209707143702,1.1143670249520001,0.4087118610294291,2.6929181308085495,3.9670579105717523,7.337053631360591,1.5240135116561015,5.118712714429212
TCGA-93-A4JQ,6.481688047273436,0.3230817895037326,2.322908794115206,2.3169566681818305,0.3234277180609325,4.106172411220584,5.960722520205573,6.689538191946135,2.4868173270763383,5.067905411845681
TCGA-55-8514,7.556076822579581,0.5100504556011388,1.1437852247086016,3.2621474769327947,0.07272323102162045,3.48177683262937,6.092336425643161,6.250590243937794,2.210981033428903,4.23829008350763
TCGA-MP-A4TH,5.075566858401695,0.4420145655598879,1.7790495528374586,3.6316747269343406,0.16902704513481687,5.288262576219007,5.798755613914619,6.5351851567515045,2.50131174924366,4.918767849325147
TCGA-78-7156,6.056700569189908,0.19421315631120697,1.3022898018932745,1.001514035063554,0.0,4.320990038209326,7.02976979332078,7.321364432039446,2.1407459412386185,5.5575601971497814
TCGA-55-8208,5.761279953679832,0.15743182700418823,2.5820260343844885,2.8561291776553435,0.21263158972095403,3.4639232049252957,6.459144690524573,6.541545814202038,2.434534824703083,5.595097815606342
TCGA-99-8032,6.645129527399965,0.161307263720935,2.2415351417957172,2.8336592464095127,0.9243279616891006,3.1486901106636687,3.5099111534838037,6.498172666230311,2.047154456562815,4.8283167701309795
TCGA-50-6594,8.040023900870656,0.0,1.6950138726325819,1.4125105712498047,0.20739313045833557,2.403267722339301,2.7093568128771452,5.580582689868897,1.485066108318284,4.5446955681798
TCGA-44-A479,6.353100940889439,0.16027483140859297,2.4594578492177632,0.8351156152582178,0.5544415050854222,1.7104372769069145,3.27831191938371,6.264658401880477,1.317998617861435,4.2047980452184675
TCGA-86-8075,6.637158101569366,0.17887395816979543,2.1391092674676684,2.0375227944518794,0.20012765427360202,3.9891753468360225,4.318880792315104,7.719089640346073,1.7691369830431727,4.515157346034227
TCGA-86-A456,6.9014908347898185,1.158854029516618,3.231463129906232,5.114650205191513,1.5872209542914948,4.55356325287136,8.788819130247179,8.01480327575169,2.7973035633978975,5.148372856938297
TCGA-NJ-A55O,6.653150326070058,1.1183597259530575,4.015363755651064,2.431649700800788,0.8251343346188389,4.680746300314991,8.948994988578217,8.333570876106126,2.732247488351766,5.61103955626041
TCGA-99-7458,4.928412963621552,1.723558561472103,4.489864012589671,4.768480774765823,1.4974335344327323,5.320358310305235,7.995915793091176,7.800498088983767,2.378012142362895,5.701707068307576
TCGA-91-6849,5.317546475182086,0.18142064028014165,0.9500204185847106,2.7497702282298873,0.0,3.5580226735252403,3.1251385960408165,7.521766879836029,1.9624749892061613,4.821847948085372
TCGA-99-8033,6.295914000041172,0.09153059312061654,1.7191834404817896,2.002162421150621,0.0,2.324609015179735,3.805209895582326,6.440551947411216,1.8913802996632063,4.111073056432985
TCGA-50-8459,4.811625156382329,0.09545188108566052,1.7557421793453896,2.0326298519271733,0.0,4.553047107087546,4.125072453019686,7.885543860517128,2.0931882996192583,5.270181308172318
TCGA-78-7150,6.3955666948048,0.06612364246529363,2.415947913204232,1.0947090070868108,0.3379964635150159,3.4328658962337135,1.6090930236240617,6.220447981700539,1.0497004614537941,3.8583291898397705
TCGA-MP-A4TA,7.316922285489853,0.14639454906050522,1.8764481866947176,1.561692721398309,0.056722242374540224,2.299420514006707,2.847936793009205,5.135473306017037,2.027826397406252,4.489202516043822
TCGA-50-5045,6.576293864464641,0.3320490837489743,1.8096202348418946,3.4322779737112064,0.40294041979903333,4.427223995691478,5.912036637093108,8.139592279337164,2.0755326311673574,6.055373550205443
TCGA-75-6203,4.9140669566530395,4.712848862640625,4.738784046765764,6.055388735430043,3.2320006495546783,6.507046147100954,11.122747318080386,8.677286239576073,3.5737744116824004,7.159397086341903
TCGA-44-6776,6.653462780142041,0.3337671916582242,1.7001289503560915,2.639996149311747,0.22958792274065168,4.5015920054091625,7.508881800582071,8.04193288184217,2.105175192265479,5.470780872711074
TCGA-97-8172,5.660015865325664,0.18167506141489687,1.4240083607172562,3.60897478834581,0.8009102510583519,7.046554357879788,5.084391726201685,8.685903716293021,2.9727845424817896,4.9853729137442695
TCGA-05-4396,6.868462067429301,0.3677065371163563,1.5586105089376263,1.4212098317639972,0.0615688492680028,3.3371401799558655,3.1820089210788383,7.230514303039092,1.5632557714329889,5.309710985868742
TCGA-55-6979,6.673065926061656,0.42158687316270566,2.7374488160697537,1.764346155077454,0.19799116573513395,3.1812456997197107,5.997981069150199,6.883745433950612,2.1119327151302763,5.39375596539195
TCGA-91-7771,6.048807255671398,1.5721620757141168,2.1459708548592347,3.644363929072243,0.0,5.737386619340893,4.625247106769633,8.279461080851966,2.0766275001026178,5.137880542504635
TCGA-50-5939,5.985302319372782,0.7071713624213855,2.9268913357802586,5.630865560046995,0.22613856056934262,4.2838625228346885,7.076375240699075,7.293859687362308,2.1452535503131895,4.849263717725728
TCGA-78-7633,6.8243872755885375,1.58467393285523,2.557655154725421,1.4853237738439444,0.4047941531476932,4.019435053442147,7.694373210877379,8.167317279104626,2.5884927807420244,5.919842983302338
TCGA-64-1677,5.968761241994406,0.11423374442708778,2.8152475063606746,1.1767057381891144,1.6736920942603783,2.488540716053097,4.887968733823292,6.163965600440944,0.5657921214718298,4.1384950357973205
TCGA-86-7955,8.2533743074037,0.06529656712778095,1.603691617115573,0.856308489717443,0.021337582965694914,1.4555968270050108,3.619952893066274,4.76841196144738,2.5193406076559826,3.4637270719885107
TCGA-50-6590,4.753989545855973,0.02772025835592744,1.3827779058391962,1.3429529107680065,0.0,3.3111543154405667,2.0608774728993344,5.333913851903286,0.9868841708272749,3.9471518186729533
TCGA-86-8674,7.3364762104538235,0.06873959067230509,1.634918477047975,1.1666511809498015,0.039138393906958314,1.622321292651058,3.5707664965276114,5.115665865206274,1.4493236569907797,4.882931559519965
TCGA-67-3771,7.067455873290124,0.4819188778347907,3.002378485106428,2.3917952100721527,2.0864101385410714,3.1998764668365807,3.8692101016419125,7.573379071219031,1.7050047216953057,4.064400033456559
TCGA-50-5931,6.549402721868026,0.20814264733772161,1.875032970322697,2.147371830269025,0.3022898018932747,4.225406049957204,4.770115448954491,6.190034030897258,1.7275719880198213,5.976945545902334
TCGA-69-7763,5.609695872862739,3.0666058842044364,3.2037962823202712,5.258971109338381,0.8110599477400795,5.105468563518286,7.929596921355962,8.448730017327899,2.4219907367728593,6.688321655196476
TCGA-91-6829,7.124322964784218,0.2792929906975841,2.084540547731288,2.7058452339698085,0.694835630101976,5.011424074808901,5.692611317437034,7.23103489058908,1.8978986865386223,5.213794409014334
TCGA-75-5146,6.85252077050025,0.2727398781174608,2.4910064668700884,1.7444194655751402,0.0475383887633606,5.241596155309541,6.044081501564777,8.74865007790483,2.54188649247228,6.444897272816139
TCGA-78-7149,6.842924792547377,0.1348780543431117,1.2996549556145176,1.2130672706184267,0.0,3.827473549232065,6.084999671702843,7.768031443945508,2.7546737537312103,6.813332282926072
TCGA-75-6212,5.678866295742972,0.35535462056106637,2.2771813738430184,2.626275583049788,0.3008851494098441,3.591057018746929,6.203195282139176,6.868124954958159,1.3462477740827754,5.1804701395303505
TCGA-55-6987,5.969979307627803,0.2184712107432615,1.8987114179894948,1.9159797367392526,0.34164424053016007,3.30363464507901,5.637810188094133,6.956338982142584,1.660289751428221,4.8146785889699
TCGA-MP-A4T4,7.035384173716344,0.09504672450704019,1.6438100227947405,1.1759397054060432,0.0,3.2103732777682827,3.8023069733561456,6.405245299396552,1.5777792621726827,4.316833610555095
TCGA-55-6980,5.96139181179108,0.05297227481398869,1.3779011231215252,2.3228799595335574,0.1715911532316011,4.460303529838132,3.7564042060797393,7.732630777802899,1.9243279616891005,4.77865540616919
TCGA-05-5423,6.1883574025408405,1.3414165244787224,2.460323190932249,4.814514535079093,0.2470768319308177,4.155797796549996,7.539210778219242,7.471806879705788,1.4569638122043362,4.617151525486624
TCGA-50-5930,6.810434106253605,0.20501708816016756,1.2141248053528475,0.5721135564842313,0.0,3.341843462595048,3.9792571212158134,7.3056203806119315,2.3232547641506502,4.567356823866757
TCGA-NJ-A4YP,7.087638924163724,0.10151561549124423,1.4515935814151573,1.1465900582701851,0.0,3.6965280456806737,6.853129870194168,5.702413749437696,2.31408742029116,5.515523235295465
TCGA-44-7671,7.156810183290532,0.0824300999459491,1.1375690993069056,3.3641942005244383,0.023752135898994976,4.708446610817177,4.19484351199952,7.660022998435684,2.025099686854913,5.505195449150739
TCGA-05-4249,6.669321625871336,0.2168583597749604,1.8762124136853862,0.7326599443350276,0.17363916357057899,3.7893954004493104,6.535496235936377,6.585616073847578,1.5852990902967734,5.117599469268122
TCGA-71-6725,7.301159603090084,0.14208662961752688,1.6525553296198974,1.6372856438972465,0.061707084791597165,2.5299208699974214,5.924841001004146,6.600564138892966,1.5282712471032764,4.969468259753229
TCGA-NJ-A4YQ,7.406112295728544,1.4048486386752366,2.891127507421783,2.597650351048111,0.25483588278576313,2.9628636238426815,6.881091929956952,5.880827535095059,1.7680360769360082,4.207791359783993
TCGA-86-7714,3.909427507052698,0.18510536254259158,0.6945682250088334,1.32964029003823,0.20701822594562194,3.3869626559469994,2.8522386002973685,6.824429284060438,1.5612528082859238,3.8227199521838218
TCGA-78-7143,6.459648006664734,0.15536066283920233,2.275841423140611,2.4194040539006307,0.03646816706929173,4.212491521485654,3.7479244162384413,6.429180746925956,1.902729639233376,4.275811632318435
TCGA-78-7159,7.047097730643205,0.11822681379294767,2.6646648724185344,2.327399946097422,0.0,2.3293532608028786,2.3107472754634113,6.503294664895689,0.9701910401894667,5.158680369704613
TCGA-55-8620,6.162967284673803,0.4307134676951452,2.509923817868476,3.4529643632411,1.2289110200239843,2.7470650937257215,5.966052024016233,5.240829485575888,1.4276061727818994,3.814929760342321
TCGA-69-8255,8.319049753933522,0.5338623213874581,1.8322419213707837,2.675635300767515,0.16040392586001362,2.5324915186126455,6.300088938355502,5.760377984058553,1.097880434051913,3.292074949977542
TCGA-50-5068,5.647993671348503,0.20776793757217057,2.79612009890614,3.1189244660663076,0.13119435170845012,3.7566710664219776,4.9141387316925265,7.358414724565128,2.1708544387932287,4.806973587975431
TCGA-NJ-A4YF,7.822788134963217,0.11249997620071796,0.7101727482796619,1.6172984828408463,0.0,1.9705591967334017,2.322562741093425,6.108185697303944,1.2632748349720706,3.6836178617745112
TCGA-97-A4M3,6.739462000531693,0.6865229378059073,3.2680300948591605,2.6034542497610356,0.474150461314303,4.460552550567855,7.28523574444536,7.633971683797843,2.5927560104410268,5.8563209411164365
TCGA-78-7163,5.887966297585346,0.02318436924826338,0.2229281800026127,0.0,0.0,0.9295637837578334,1.785383151740125,5.219629334671235,1.1837088168754122,2.9969129388768923
TCGA-80-5608,7.325219992836599,0.3103401206121505,2.3238888271470435,1.5210507369009632,0.20188474283985725,3.1227058457696617,6.613341579469927,7.171127747689077,1.285461405137036,4.801386323142679
TCGA-67-3772,7.001568078368812,0.011209361420303354,1.1823109180256963,7.444725035835273,0.19080446812700091,4.2914488489806635,2.523737577806971,7.193958966260055,1.5383891684966127,5.112516656973779
TCGA-MP-A4SV,6.884077695108048,0.18180225515894124,2.442518916217319,1.5348584514007184,0.0,2.9851725078029867,5.360961178743477,6.2190097184428925,1.8838162901753939,4.323881623450856
TCGA-62-8394,7.002551763021435,0.801903614678655,3.6174042828675224,2.768523119791975,0.8332544384602563,3.6397762553966286,7.799275792439274,6.6132148499243,2.3726735584687613,5.6838255613152
TCGA-95-8494,8.28562785351819,0.17325538302097232,1.9377963406865517,1.2525973167157372,0.0,2.3132168234262913,3.783613802123685,5.745425591011077,1.5310195716186328,4.417663517893334
TCGA-62-A46U,5.120841272086373,0.05935527761642124,2.028604511936013,0.8935175396874592,0.19168897573396904,2.279768421593595,3.5062591763570423,6.568488196784421,2.0583511337113967,3.755507193590185
TCGA-99-8025,7.133085685396682,0.1194225826478845,1.3387381650531744,1.9429460763717084,0.0,3.340220425163929,2.509037042352887,6.306444533992873,2.0878022589770873,5.595843766081425
TCGA-NJ-A55R,6.284987846937843,0.24659050290518097,0.9344787589068828,2.8726908844788226,0.02446153014099581,3.564683016963639,3.6709196275568754,6.197254050317391,2.0027025203798234,4.489330985706537
TCGA-MP-A4SY,6.907813625096748,0.2734562113203052,1.273694910037079,3.6552144225416003,0.45554422477574164,3.7390920015113385,3.1314742484927063,6.6764578327976745,1.525166845373195,4.15828046879321
TCGA-69-7760,5.881669513121546,0.1753010339002435,1.1052757834156866,0.848077054053145,0.05880135361618622,1.3504406696986522,2.5316185109280713,5.988586989154401,0.2810750492774744,3.1751572938385957
TCGA-44-A47B,5.778219091629744,0.19383481065383806,1.6854916886845515,2.5902187507889343,0.0,2.3721999179617193,5.096223895778889,7.301446808696879,2.1148667172877316,4.525511412950229
TCGA-49-AARQ,3.886891515496917,0.08283881472489178,1.4078421782115087,0.3799535974276362,0.32146635859253,0.8832297890327317,4.0230956355216225,4.226678067340855,0.5019231470664378,4.368398200752883
TCGA-91-6847,6.4215397483763095,0.08651204657428184,3.2854022188622483,0.5801454844233804,0.41997028720837626,1.4002100070818309,2.9521658013784053,5.319578195958948,0.7236022457476173,3.9874845925195728
TCGA-55-6975,7.254816990514886,0.05004887960722227,1.7844621043815183,3.4122666690529826,0.0,4.313630422443987,1.5078200060423534,6.981108286318887,2.5716525423986063,6.132994209734697
TCGA-97-8552,5.670078347300993,2.256950253133905,3.349237875428925,5.474633970289732,0.6658475212555507,5.705228721838201,8.709524654856915,7.600732863028081,2.865621933176355,5.361575379034115
TCGA-93-A4JN,5.142911677975926,0.2893623404769398,2.8501193123106443,1.8276158138217322,0.6635723354175227,5.132609742979946,7.399148872042603,7.532733840456656,2.5805073190716565,5.62481738392727
TCGA-44-7662,6.665959765656191,0.03632749181776505,2.8233213788127,2.142250042999464,0.0,3.772666914724703,3.1106639127074063,6.290575536833678,1.8779797727706646,5.367580744457254
TCGA-69-8453,4.786580680337745,1.5391836314543668,4.46925433342302,5.3682619901985245,0.23646200383810365,5.595697590174906,9.177274264490658,8.208681609835402,2.7808350017382284,5.596458139558986
TCGA-49-6743,7.934133721460515,0.1253866053658139,3.2947236635931714,2.1288872520263666,0.041523362184350425,3.667960228817458,4.308237082155979,6.170814389184483,1.762944057034527,4.775977615089664
TCGA-55-8301,6.4499360305087485,0.0769694763151108,2.128755306257033,0.6076735603490564,0.4706149520207435,3.0796682424367425,4.473786911614368,6.305085887970912,1.1786827756652565,3.9414725737379186
TCGA-38-7271,5.839936919267857,0.28912622017512163,2.008917094736053,3.8595124236597242,0.0,5.3473467542754305,5.9098642895691995,7.846135355819361,2.495950936942776,5.838964369054842
TCGA-55-7914,6.252097703037443,0.7573646723854911,2.950524403815565,1.1085579101883545,0.0972062459743658,2.869713510255383,7.535115154690028,5.812187576054376,1.214995134614923,4.167687089298627
TCGA-55-1594,6.744753125029756,2.321091089008471,2.634918477047975,2.5722105933123083,3.3543816321133213,3.433373454765351,5.190140731364493,5.844388163956667,1.0990258312256844,5.795587742460293
TCGA-55-7726,4.17348726264374,0.1696684995230859,2.966430467306298,2.770152458962194,0.16427139768074095,3.446216522140164,2.042924445173841,6.574498164408781,0.6038814828842078,4.558328867690044
TCGA-50-5932,6.602989786914944,0.5911049050647789,2.0975433793951246,2.4362951198393623,0.06695024392462703,4.267520816734035,6.750197808404853,7.53770763002833,1.5186861986169853,4.627548475499294
TCGA-95-7043,7.002443748062987,0.09774562163851885,2.0738545011754486,2.686321229668158,0.08841300972672499,2.530570203902528,4.242953038997902,6.933418021786943,1.6689813970277045,4.89766639343364
TCGA-95-7948,8.059546721414282,0.13395801010054917,0.6687545332150426,1.5576796588916857,0.026162654489675658,2.671316020577602,4.027454876562252,6.399905928999243,1.4586969686897142,4.8869549035508335
TCGA-05-4410,6.024454881189479,0.17772648293206822,1.2138138461877488,1.5881809270726237,0.0,3.5323668355679567,2.9481709649825416,5.7874324645168675,1.1488039796014842,3.858518174639719
TCGA-44-8119,6.7043629485059215,0.22687840419626906,2.5163177785554973,3.697395751900893,0.39154778016734165,3.044953601663546,2.540572889777661,6.233134542914897,2.6729909938277476,5.177909821482991
TCGA-49-4505,6.665280482517612,0.11649784050174836,1.2741125377837754,3.112082894180106,0.05949372539167156,3.480704585861674,4.486733677473905,7.517301680386199,1.7865127249714008,5.243356808487485
TCGA-50-6592,5.213813846187749,0.314638526699882,1.7170786602548813,2.0562713730750826,0.0,2.7037873228297706,3.911001223747299,6.38303548719903,1.431088033848473,4.073194701394112
TCGA-55-A48Y,7.30134162856543,0.038576651452323155,1.9320233643742302,1.6628890794062252,0.0,3.2037806242544358,3.8461121574391215,7.805440793762733,1.4988125155485723,4.905784105201629
TCGA-55-6981,7.17693506992554,0.27679440478925943,2.18786274139705,2.4580144586046933,0.05616730630042659,3.0246210957851782,5.728263394130775,6.482432061002524,1.9418575190034402,5.453639389948145
TCGA-38-4625,7.209975760594163,0.3578334786294903,1.7286171352471937,2.4707190613508185,0.06502076994841134,6.2414626848964705,5.949745018939412,6.262895389457864,1.5506544499458608,4.266111876196467
TCGA-38-4626,5.33926568213341,1.1174290835868945,2.9174699466791933,4.199483898891429,0.36131920155721625,5.894817763307944,8.75039547113551,8.691695719293424,3.23112515787905,5.738435492361995
TCGA-55-8299,6.342056884283481,0.3368546391254651,2.4527799107648676,2.9464501528642244,0.14509047680241982,4.159911691320032,7.599006039089586,7.655036204549719,2.7031671612968946,6.270332707559662
TCGA-97-A4M6,5.733720391597142,2.22002033044637,3.049142817328036,4.617927291228111,0.5330649218696376,4.862719175107877,7.520931345176164,7.212089722556898,2.592684262529789,5.260827348736341
TCGA-L9-A5IP,6.448038643571821,0.05004887960722227,0.6414535456719408,2.785634244455423,0.08351974882017292,2.5077692739090423,2.20861089772565,5.244335290171193,2.243973671919306,4.7443710247236766
TCGA-93-A4JP,6.003986694258638,3.466614069823808,6.89037372918414,7.3708521523024295,3.8169477953505138,7.640390283137684,11.252742354426104,9.216146590986577,4.353605591338122,7.0168094017363485
TCGA-67-3774,6.333395108539606,0.39703624087217626,1.7085404157503439,4.190662264525122,0.0,5.325066148022124,6.65783861931967,8.402304354097431,2.079224488561045,5.746946896842267
TCGA-55-6982,6.710740323008534,0.048375704538976265,1.3394224743466348,3.339650505333143,0.2990101494989229,3.081953119647061,3.6198238091154162,5.977694352544945,1.3536620447450634,3.8942454211726707
TCGA-55-A4DF,4.717709320250449,0.35049724708413316,3.584661907941469,1.5399280433528024,2.8866086733193974,2.5577531688933606,5.446610242344801,7.168134548283693,1.380175311742025,3.8651566961551613
TCGA-49-AAR0,6.245898721427109,1.7069062342315575,3.656496370553495,5.318316841334983,1.1572377816263857,4.08786164887019,9.204255673047664,7.951636747894275,3.2030131707744998,6.000211880274554
TCGA-05-4420,7.76004725362839,0.08188496672922738,2.207674244922089,0.7612852733616191,0.0,2.5186358471628005,2.998737089235151,7.7595839704657825,1.4187836385117385,5.155939431840141
TCGA-73-4662,6.212516812589731,0.4225559559597512,1.3116774838637306,3.169925001442312,1.0216929178215317,4.301660803726039,4.32972638767445,7.153083808161576,1.6782071514331487,4.762221231959501
TCGA-05-5428,6.366344947443108,0.1740228420554138,2.2409859040247384,2.6726516293283846,0.0,3.1101627623112655,4.677412397675495,6.827664078977494,1.0171380088720572,4.977540958985769
TCGA-49-AAR9,7.333752882543376,0.08188496672922738,3.886550147324343,0.7267440424930007,0.0,2.0160683686276535,2.7174954751441063,5.103967551079052,1.2391535998443697,3.6325823165147884
TCGA-05-4422,6.888822381898984,0.09342495941910291,1.7411001986101422,0.47923056120633617,0.0,2.0306185858454775,3.2598599925312253,5.64545092876176,0.9712952280951593,3.7971375216723926
TCGA-86-8074,6.953670328905004,0.08488065359129648,1.2348691517053807,1.5130358838594546,0.08501667348871386,3.42313440342458,3.187435217551375,6.493182968631588,1.411968510360133,4.4451837368651494
TCGA-44-7669,7.011670061287685,1.3601394964174536,3.915119299521114,4.111824242759936,2.039594648652263,4.3044161245402135,7.606833793254935,7.242833029111319,2.0679828301843024,4.95544765453056
TCGA-J2-8192,5.638514110648858,0.09612688930500614,1.5749734027820566,4.401343755698833,0.0,4.228641709049114,2.974767906436981,7.960065664176216,1.5691507935632503,4.753224773416427
TCGA-50-8460,4.042013896022044,1.730835562322201,1.5747796939380356,2.6880908169383817,0.12101540096136584,4.425136998838359,7.017908549648003,7.518037002185577,2.431088033848473,5.593374688113844
TCGA-53-7813,4.73159057159445,0.07340895518534003,2.307137042204916,0.41478500555284276,0.0,1.4555442247757415,3.705303380824411,5.103669678592078,0.20451636970277173,3.638328748722527
TCGA-78-7145,7.03584491544163,0.3264222961010625,2.2817575885202954,2.7408412334252987,0.17274351676018718,3.3517696520240774,4.442704685181222,6.7410610870572,1.6623878192596837,4.680864422375986
TCGA-55-8092,5.8810111477786995,0.07983888066667044,1.5079721917392428,1.5747312626628445,0.0,2.0969364825029575,2.9805920272675515,6.338388757026024,1.479696205398655,2.915253179019917
TCGA-78-8648,5.34358193015852,0.10969486482592981,1.8569060356831955,3.2060649049178584,0.2972501211717069,4.511575566905301,6.655414802021675,7.949445637235275,3.1486901106636687,6.050482107308641
TCGA-49-4486,4.958847314126589,0.5091384157177105,0.6969730884213128,1.1074200588363652,0.10782175591285359,2.944895917919355,6.827948556561106,7.9466706296397,1.413377445267708,4.899470521243356
TCGA-97-7547,6.348012825022537,0.22564512061895256,0.5748281235874431,2.5471536588125687,0.0,4.690059450576121,2.629986022419654,5.897054025080299,1.6328730898260668,4.611213700504992
TCGA-69-A59K,6.129433461583325,0.1526377396511124,1.4950299370981903,3.0015680783688112,0.05477903151961949,3.33987850028299,4.960845285513078,7.55733120115799,2.614120868789253,3.6634584818846623
TCGA-75-7025,4.693704390800781,0.32192809488736235,0.9447834986639139,2.498761465671852,0.02176397429165667,5.921069707146857,4.542443792535781,7.036767056441649,2.7292482116517234,5.105363794919089
TCGA-55-8204,5.573768353642081,0.06805164299778978,2.7888944791604415,2.722028777902844,0.0,5.625849088119931,2.0642965514035874,6.113265008212441,1.5248159283575058,4.776740949995014
TCGA-49-4490,6.151471227042483,0.11609855223657987,1.3589025793152012,1.135075130368401,0.0,3.1956783092777465,3.6761545522372883,7.327104384674599,1.8881490040158464,5.6943342048876
TCGA-86-8359,7.7587015903904595,0.10567807789453719,1.0277202583559275,1.4222330006830475,0.0,3.145188323120806,3.5058147290358606,6.6638853863118594,1.4964112164754912,4.041821206190717
TCGA-75-5122,5.996763834551982,0.10245657665073399,1.5900510387331086,0.24804899843720607,0.0,4.476595548338725,3.2477604548721155,8.155676889712206,1.4660789092330577,5.007742688651332
TCGA-86-8669,6.640265184431705,0.1715911532316011,1.5015155773085496,1.0522767654523582,0.04488367823976479,3.2519462707878146,4.192707067413139,6.47286626679129,1.6321285930943628,4.282306353249859
TCGA-50-6595,5.945242488821461,0.06873959067230509,1.664755879833224,2.6774180357687714,0.0,4.292487291620764,2.1363226537492146,6.770201363587606,2.371530984177564,6.301719326753454
TCGA-50-7109,7.509303924105636,0.2865263430872163,2.3570733727294764,1.7846296112803033,0.39517250599577874,3.2721874617522193,3.3132893932343506,6.877690270553294,1.5272205041411695,4.637679794366076
TCGA-78-7539,6.9667638305177295,0.18573970940278245,1.1487389127375252,1.913454331026004,0.40708077545050075,3.043746947357362,3.9684317961822844,6.993444535619643,0.9572460136016844,4.412388625305661
TCGA-78-7161,6.329272523540347,0.17351124806392174,1.7412296637729596,0.8739706462519521,0.022900402110078828,3.4574629646485517,4.694222753391099,7.359029130895129,1.8615187191072184,5.318081796681308
TCGA-44-7667,7.795142879422675,0.09098888841477233,3.876330305006464,2.5395310714741504,0.0,1.5017193765800978,1.227494650859301,5.860200539780912,2.0461417816447205,5.542369498297871
TCGA-38-4632,7.988688662697903,0.06571016406526571,1.3443740332857326,0.9639179618620627,0.0,2.5792767108286276,4.6492188070995,6.716005905155191,1.3442035724784345,4.7479888447978835
TCGA-NJ-A4YG,6.176382617708987,0.8007446239367776,2.8806855252611245,4.684560689702685,0.437866900870151,3.4511319675335366,7.361087549882063,6.9850802661681,1.4921095526526127,4.992700463007067
TCGA-75-5126,5.807406445960429,0.7032779239813731,2.7829117428808163,5.219586744573316,0.6744606515602588,4.743030182436158,7.799732332592257,7.691183777505633,1.8992916602681893,5.182144032790681
TCGA-50-5049,6.006206000902286,0.12987646083313048,2.244278198578144,2.8748756383297507,0.10728613495222236,4.075250225495976,5.405808608511698,7.2334145214833665,1.8330924834712123,4.99304480001673
TCGA-49-AAQV,6.16717324324465,0.16169423543613154,1.5882768892278332,1.47643353551394,0.6695710760389657,2.726831217032493,3.5445719354507546,5.630166633493829,1.781191826515377,4.403738089688212
TCGA-MP-A4TC,6.710756850965255,0.12021921162499426,1.8555512426932235,1.6351507240326342,0.0,3.394212291334314,3.1770886021059677,6.443664663092382,1.9048116175259127,4.637268252425559
TCGA-86-7711,7.414806142325106,0.0647449200353551,1.1676790618613513,1.0167102479356687,0.09031147137603657,2.3970910201724274,1.5215533305450948,4.4936281218217085,1.1319845087565303,4.6570683012015754
TCGA-75-6205,5.865156696155161,0.08963373610689557,1.7557421793453896,4.070818637533277,0.0,4.362848572795839,2.467436003076365,6.576797227469004,2.5906738709729704,5.584192858109738
TCGA-05-4389,8.409317102208078,0.12974460550781922,1.5123280359945346,1.4515935814151573,0.0,2.470823163168585,3.5802057965005147,5.830065136350848,1.077858235283228,4.473345335209578
TCGA-95-A4VP,5.602747850873231,0.540919995427696,4.169163378057989,4.384270892542415,0.953600493934903,5.193653484858077,9.089677163068668,7.587756517885001,3.527333120355665,6.284869433096032
TCGA-86-7701,5.678260682932599,0.14808808264533596,2.670998914874494,2.307632528248658,0.0,2.8652853937458618,3.4356019266144817,5.632317661861213,0.8236678498112942,4.625808184720367
TCGA-55-8206,4.637731953271538,2.0630196620735513,2.9207696730206476,3.103430497010492,0.6140030448649044,6.172949484786756,8.004611500271375,7.733599062765454,2.5959093912629223,5.065417211816634
TCGA-49-AARR,4.050989188534887,4.192320435034499,4.069135012092045,6.852157434930501,1.4818155736178629,6.611330276854613,9.22066828872259,8.900924756073819,4.374490059733497,7.136121645589647
TCGA-73-4675,6.57519583320069,0.14795788138710142,0.8618759839670793,2.850959402615655,0.0,3.1091599389611106,3.0304067104260457,6.58577829440875,2.1506246613748736,4.751485145049268
TCGA-78-7152,7.2661952893161015,0.1147667926655143,1.4393039807736705,1.863621339742205,0.06571016406526571,3.0484105821524117,3.5169606598988223,6.241216685642335,2.1950010578964894,5.240753177738997
TCGA-4B-A93V,7.192570968852321,0.02856915219677092,1.0324535372259593,0.5944530036686088,0.0,1.039770092833006,2.12575027527206,7.3798418612867644,1.0797023716973781,3.8096922546195233
TCGA-49-4514,5.843951192154577,0.06997707041155635,1.2372577709003718,0.3735090155180074,0.026729250487489024,1.7887692216575726,3.746710474020544,5.969765242037843,0.8383467365212307,5.1486494410077
TCGA-55-A490,7.75707259821189,0.6975959177064015,0.6812243537795597,2.1055775147911664,0.0,1.9752266300867651,2.333337856464481,7.494978753196641,1.2279258669553494,5.038076165362794
TCGA-05-4250,6.935588217378793,0.3245802145600629,1.9139521091619636,1.8206895605592148,0.05199846779700237,3.405801802463551,4.818968122665552,6.6907551002796755,1.677260160827648,4.762853723702901
TCGA-MP-A4TK,7.08222995777329,0.4186757129428916,2.516595135054797,4.345084069936885,0.22478119439558927,5.071981424857179,6.089858271180966,7.431853585295894,3.181007110218295,5.023122256212669
TCGA-64-5774,7.51076812321073,0.029558897449116415,2.643717684402435,1.0379444296348777,0.18852752677440168,2.048375704538976,2.216765255645285,5.400206590830152,1.2041407167802254,5.14045147695366
TCGA-44-3398,5.645563330275273,1.343635224282899,4.234746551744323,7.1890318470105905,1.8526780626728583,5.29468690918538,8.846535625873889,8.49946523638355,2.3422133734583226,6.330454424723034
TCGA-64-1676,6.956637517678087,0.030124161455128837,0.666483930837426,2.910041844653247,0.0,2.4401814920919414,3.645240512645265,6.277796961626425,0.927972283275546,4.206049271454949
TCGA-78-7167,6.202478452977867,0.13369503251307496,1.2479882572191312,1.354395738082404,0.0,3.4818414003655813,3.340234670275489,6.691187965905525,2.1005067613155757,5.1406641516325005
TCGA-49-4506,7.413307200460647,0.033511102361323694,0.5586594844121585,1.9195689121518433,0.0,1.490467443870772,2.4665227149944426,5.837638024117821,1.0491428173280364,4.041356893159483
TCGA-55-8505,7.221215887646304,0.14221736180382347,1.2762584300718194,1.6386762828002388,0.0,3.5164942843152796,3.0185807663745545,5.510990393240616,2.8358028342828017,4.807751608651942
TCGA-NJ-A55A,4.351154796422766,0.6977738195551858,1.3387952032266608,4.52294083624534,0.0,6.689647210666398,5.754353071692127,7.55345957769119,3.136339061342212,5.182998122803335
TCGA-44-2657,5.810124297801388,0.13422093976063337,1.5730351429387175,2.7700044132344517,0.09207209450292904,5.141113937096151,5.9167871248595905,7.138121250226082,2.2077991671034325,4.74300863262749
TCGA-78-7155,7.3397743039366565,6.193886050770316,4.347538103949674,0.8879930959764782,0.3791773288908076,2.7228594331107754,3.865988078083528,4.667880774319799,0.8299307218396427,5.014841763423566
TCGA-64-1678,6.149633324985558,0.13435238662336282,4.042959454820903,1.7509923152159392,0.6065369833147811,1.093627779781801,3.338994819077196,6.456247620917813,0.4390379628427104,2.8916524879339742
TCGA-86-8673,7.23512485403417,0.09707137054390325,1.1803388496247256,1.046630747940162,0.0,2.7132779005727166,3.417758019484506,5.962939950488844,2.6344306366501336,5.402169601774543
TCGA-97-7937,6.805376300783755,0.06983962506863442,3.080265387963289,0.2760797275747325,0.0,2.3356833305001206,4.666824749095633,6.259543673148691,0.5517866898122242,2.8610223710964293
TCGA-69-7765,6.130718814303705,0.32883646422954,1.6511780111844998,3.0429419501035686,0.14391580307144475,3.729911632235919,4.41978156746438,6.763048996008855,1.4427577576347712,5.215239820150051
TCGA-49-4487,6.065365508185347,0.09841955776554452,3.1355677026839133,2.3512890975988747,0.045163351603224475,3.52854631527383,6.348621939643433,8.13357431385734,1.3882997675229536,4.6612707498729495
TCGA-78-7220,5.355178403202042,0.5537536886047473,2.6885608486051127,2.4968457901269505,0.5133896775968414,3.0827366468848334,5.148653508024889,6.704801432203983,1.9991702117645023,5.283106878684074
TCGA-55-8616,7.643037227936613,0.06281249240502118,1.4056112200783444,2.4089020342816787,0.0,4.872533296850119,4.963437131320084,7.813155887873807,2.001117655621055,3.959306489759657
TCGA-55-8097,6.126413323608876,1.1944022919385746,2.27500704749987,3.342597411300706,0.19156265070075562,5.910365706426616,9.536430431181634,7.431516826134888,2.4781175802356437,5.648577609931956
TCGA-73-4668,7.15374252074208,0.04110277181912811,1.6338496591046943,3.3567213361841053,0.0,3.4091193444499854,6.1821619142749755,6.939636803435736,1.1610492249005568,4.285698125958125
TCGA-97-7941,5.28743535550644,1.2228045610452611,3.739329676015583,1.9323635914348556,1.1133671207598042,5.2008181943059215,8.588681659318741,7.499057370313868,3.445395650538488,6.239539340546131
TCGA-55-7910,6.564303470882146,0.08406426478847456,3.0815782387508444,1.5797594274125435,0.0,2.436508343071791,3.3769571144777273,7.14294638501467,0.7650254700003706,4.052563703693902
TCGA-55-6984,5.834976615731527,0.11063050809643417,1.4846537477335653,0.6865229378059073,0.04250426312896344,2.4777291289707053,4.105753495622181,6.228431996405599,1.334453862323681,4.400510605555263
TCGA-05-4390,7.691772826342384,0.07833657112117902,2.649868339615559,0.9978343327818855,0.17095055331836756,2.2505068710949674,2.0686020273786716,6.24000705600307,1.5219050419469173,4.895588611155186
TCGA-86-8668,6.256703107281997,0.12181115114198661,1.5216035802809418,1.483673918710651,0.11022959242318889,4.609506770806595,5.627005589927204,7.3275822835815045,2.790667793124725,4.974547667265861
TCGA-62-A46V,6.3089578454363435,0.1272370619248145,0.966208951574222,2.3046570561859583,0.037030730944967026,3.5262190845744357,6.009073908684065,6.529533627998711,2.1095611519530513,4.372520338849408
TCGA-55-8614,6.062080686411627,0.28060004884816453,1.828631581688019,2.0748479159001674,0.045862297908687955,6.555532433943838,5.497570853211624,6.670184596619754,1.8538360040379223,5.515356073266787
TCGA-38-4627,6.328978242827355,0.1276332797258737,1.4782988217051118,5.704587048308201,0.3732862742730244,5.851344280578335,3.732811872082943,8.034949688141486,2.461449979171603,6.4440839348473515
TCGA-49-4488,7.008558598836564,0.023326331860027503,1.0577621725290536,0.5018212654209103,0.0,2.730139952356512,4.003719158597586,6.930568224872197,1.0982847957234225,4.730091029658171
TCGA-67-6215,6.6289135426617865,0.5355553333993098,2.058801353616186,3.0523115488849273,0.38614875473435667,3.428705205669684,6.162230181044095,6.012023313949099,1.4715516656393377,4.444441793783808
TCGA-69-7973,8.18986853076423,0.2727398781174608,3.20412506245223,1.8472753786374905,0.38647988859623394,3.342640075862343,5.530492174412654,7.265600982776193,2.086749803994655,5.063524513542033
TCGA-55-7815,3.477793878111964,0.11955538469528244,2.604925298199238,1.991063738933016,0.0,2.967131709489405,1.418027989926524,6.188127900860786,0.05935527761642124,4.64865525883456
TCGA-75-7030,5.080192890617889,0.6457938700799937,2.812621439577092,2.716705618513138,0.45343856134876015,5.090120890509385,7.52698664100414,7.836400095179974,2.624381683854553,5.521638125959099
TCGA-62-A46S,5.532899780168044,0.27584142314061144,1.5565029891812006,1.9563169089695076,0.0,3.597602681499927,4.64213547153405,8.015648652496536,2.0166032878811855,5.2779215350497575
TCGA-86-A4JF,6.606239371895381,0.08705543454337573,2.013283586818423,1.8957679317843292,0.056722242374540224,2.5250164628181113,5.595972030697044,5.812952525722822,2.2889786253597157,5.42021625981526
TCGA-05-5715,6.777167188905883,0.22453426327972947,1.5045695476295111,2.256980435985688,0.3398215049233425,3.2849878469378426,6.405461459111774,6.956520201742442,1.8551126547851438,5.651252649625655
TCGA-97-A4LX,6.358761953427742,1.0663992289113826,2.485581393358725,3.845570337825645,0.27798474729976524,4.0798815370708,6.531158410419728,6.86331407228588,2.6032880693725677,5.127963378123582
TCGA-50-6593,7.296710682740396,0.38294386956899057,2.3144935191070237,2.8035163731868313,0.17696099208944205,4.115316292459778,5.853164810737664,7.2437376195381615,1.9308508566408216,5.385420682885735
TCGA-62-A472,5.426466046943555,0.678252230722633,2.7954968326998118,4.532210966607423,0.5020250215176955,2.899697691053051,6.063550398599345,6.808961601547885,1.7749240761851943,4.709141726027565
TCGA-55-6985,6.105914792528612,0.21586493915323998,2.148250817695748,2.3741492051032003,0.38183708390604737,3.4942235796443826,5.290969882460913,6.881191065539397,2.373119195768228,5.026038681947248
TCGA-62-A470,6.7212509713856186,2.020093221307143,3.388947200893618,5.088523256616632,0.44052703187585196,4.16906714439078,7.328741339132494,7.803409170353798,2.1475672070946326,4.868568247718041
TCGA-78-7542,5.911955173163732,0.049909522443058005,2.5581451589895825,2.8859647567539706,0.13119435170845012,3.7490300407774853,3.5110631574824587,5.481298941547565,1.6542063779442917,3.60869098413692
TCGA-78-7147,7.064892549400736,0.05074546358139898,1.956651455571061,1.298247734166577,0.0,2.7574073449394643,3.8286721975307287,6.004941773968274,1.2462864639921492,4.585737740978474
TCGA-78-7148,7.113035749635881,0.07491640205246167,1.8893177775729695,1.829565456900129,0.0676387168753633,2.930775178248018,4.533488595239501,6.86509853097721,1.4426516107752236,4.84256154605109
TCGA-35-3615,7.0709570626537745,0.23057194190465205,1.3752340951344582,1.5435948642526014,0.037030730944967026,3.6172397016954885,5.903149168209933,6.393424781378654,1.251264628894251,5.022833839226101
TCGA-97-7938,5.574592013689561,0.5043661506122717,2.319039815562536,5.848252361184063,0.23216954294797806,5.62307379357991,7.942280488262417,7.745077965234701,1.6909087126264808,4.944961491773148
TCGA-55-7995,4.022634132145764,0.24439999124554931,2.383137469793312,1.1810389244316686,0.5810137351679657,2.5639634713412196,4.473429764678297,6.754103157519937,1.6873742836113996,3.681021903414484
TCGA-97-8547,7.465057800877344,0.11196608960349229,1.1359288155264067,2.7583884654793525,0.0,3.426774640509485,3.0214264248848735,6.828645543512923,1.7183506654506338,4.59465603110422
TCGA-55-A494,8.133658047445051,0.1080894918402974,1.5875090132024463,0.0,0.07052672087668244,1.3575520046180838,4.283877335431043,5.7979545739130245,1.4247071455641507,4.822179473729978
TCGA-97-8175,5.920086028934465,0.5868848128521847,2.0237876138967805,2.7429116545048506,0.09423606984576555,2.5519097058376823,5.659485062992644,6.513538118771823,1.2527184091315287,4.9621279055064615
TCGA-55-6712,6.777564372305719,0.09166598752181289,2.4961810950651655,2.0337577560502074,0.0,3.2083611830984204,3.975786075491736,7.503242978182626,1.3922074989689706,4.314384753846771
TCGA-55-8508,6.239577527084079,0.10608026022513196,1.3171882775965018,1.354057156752315,0.06915220186942299,2.112032836233817,2.299742861396403,5.5977486645170424,1.559638644922725,4.415238110109569
TCGA-44-7659,5.484518416230699,0.33353822878821676,1.1410403454335931,1.7317914787171278,0.051859298835249854,3.401193551063264,5.181130386387375,6.391908601264725,1.710966188696129,4.050884740025094
TCGA-MP-A4TI,5.005346087792738,0.31103803002230457,3.3764570950111645,3.324954577777261,0.28321061798453095,4.490769064889505,6.694821703976807,6.88419983070991,2.7992531235606397,5.323002502525655
TCGA-44-A4SS,4.532641124043912,0.12234140752611963,2.514602026442041,1.7317480417098567,0.0,3.130156613392939,4.628686121144752,6.635001219323467,1.7891867043820442,4.3943838051168775
TCGA-55-7570,8.158947413504995,0.09572192227332565,3.485813211596304,1.8865891649181816,0.0,2.4480287289937546,3.5660357664559243,6.223074963758047,0.9785617494757466,3.838951766951943
TCGA-MP-A4TE,7.601614812945004,0.06446901736844254,1.3455099242513389,4.260642961210112,0.0,1.7037651787934098,2.0262689081905516,5.218072042964737,1.183772325560338,4.047765209774894
TCGA-44-A4SU,6.337784223925381,0.13014013533644853,1.4505910319251887,0.7154541271157177,0.05032755355842493,3.110546993184957,4.297433557670296,6.321626900859356,1.3726735584687613,3.8130526065782115
TCGA-55-7907,5.793700840295244,0.14482952083880904,1.9850631837366375,1.4293749370087785,0.0,3.3534644481554157,4.64199680085838,6.5512760611850505,1.5533605033353275,4.577060176132687
TCGA-97-A4M1,6.202441230808527,4.480226339408434,5.1693798803419515,5.705847998004928,2.6208209759415233,6.5333764585140255,10.399113401958227,8.16364565105456,4.4536229296393275,7.417995933579795
TCGA-86-8672,7.182462885998998,0.1401242239090707,1.847435749362521,1.029276182370632,0.0,3.541576788278383,3.663947988340069,6.064303019249362,2.191752134102848,4.863844315464944
TCGA-78-7160,6.546156722386209,2.2611095289093015,3.8777148068926253,3.548621573743265,0.8029789873113163,5.008482406980199,8.25419340674584,8.288871609675741,2.1756523382164508,5.581580228208999
TCGA-78-7153,6.894045290370437,0.38205850897606825,1.1717832777518125,0.5853471681120203,0.0,2.320426911293992,0.9931308714292625,5.636224380275311,0.9003355086409828,4.407373147249977
TCGA-62-A46R,6.715837099951875,0.19912264201360064,2.4187566578764295,2.343635224282899,0.0,2.499144295723426,3.047939663213024,6.688241915246703,0.6728326336622132,4.001144684951941
TCGA-75-6206,6.689341098735656,0.024177814301165258,2.983969487193553,0.6816741417928334,0.0,4.071977135851332,5.995285512733197,7.465129653078786,2.110897723329813,5.395929938688748
TCGA-86-8671,5.2353364685025285,1.7735744227713075,3.0944725578457852,3.9666519490314047,0.8366513001998191,5.23327837430868,7.8764911619976825,7.173956904577121,3.369382725338941,6.406864858240285
TCGA-55-6972,7.144716357292009,1.1836453053946556,1.384215624281796,1.1120995797762352,0.0604624879861069,3.6076262208454875,6.362783712675946,6.465285592704553,1.5077185399916813,5.186536212562447
TCGA-64-1681,5.400128014808733,0.5749249780093444,1.403267722339301,2.9372313828907344,0.02389404265570102,4.5961658974244886,7.247506982486187,7.523632520936516,1.4486366970843305,5.357537929475855
TCGA-97-A4M7,6.169632425282935,0.7129918894617973,2.095012956322295,3.338067797542615,0.2667565623046648,4.364026065680165,7.424280523902628,7.199731229146525,2.448425258980279,5.5414652784912
TCGA-49-4494,7.400829069126414,0.3730634986331608,2.9111354859242327,3.5139328348198577,0.22946487314009217,2.690282989063512,7.038897046995541,6.4932822593019255,1.7652376903330358,4.8677383517626875
TCGA-50-5946,6.5415287781765885,0.268314613175228,3.566157573519504,0.3451692508566537,0.02446153014099581,2.4259157816053887,3.9490586249677637,5.942751416291198,3.3536479316004253,4.934719351571645
TCGA-55-7913,7.377992194222586,0.07737974079701358,3.409336621890241,2.5157881316721302,0.019773069040027156,0.9733541204499438,2.759858896381645,7.246655102920456,0.6951029856404789,3.5348708986744732
TCGA-44-6779,6.814422246566793,0.08270258933024935,1.5190889469996518,1.5395310714741501,0.0,2.878156389657815,0.8436623162910589,5.57561790276857,1.7691793088133974,4.813047474395538
TCGA-50-5055,5.567156003710787,0.08311122693130706,1.5061956922648139,3.572441029624272,0.04739878887541106,5.210712250001784,4.444143584168109,7.773747153957957,2.3154502999849322,6.538808178094723
TCGA-38-4628,8.032419373760575,0.13290581201150653,1.5125808786739687,6.497947614355447,0.0,3.754737881586175,3.884461166163583,7.238024429185134,1.321639527021436,5.819548124204044
TCGA-86-7713,7.870978042856471,0.12181115114198661,3.2172462289871695,0.743558052222053,0.092478087200385,2.4881036331235764,4.92765946070309,6.637092876703376,1.2273098044979187,4.250158168812964
TCGA-67-6216,3.961484422847786,0.4253518774567023,0.8920412392609712,0.8070251254986439,0.15107947302881158,2.3707780627408694,3.8265891618200065,5.749628120241806,1.2509615735332187,3.910272153826154
TCGA-55-7283,6.764346155077454,3.495938149303752,3.689679355639437,1.7908971216047678,1.9297531312100875,5.642421437714116,9.410665036868647,7.7095925443205635,2.5073379787322168,5.9508556315485395
TCGA-73-4659,7.877162024660615,0.7754298708757399,3.0151763955552013,3.3918089549338024,0.3397075074485972,4.889191206160011,7.240691174649478,7.88667024498053,2.6600615166203716,5.507271370189615
TCGA-86-8073,7.111771046597817,1.7181314342071998,4.048105374442063,4.244658766530149,0.8492787325307802,4.968500916924383,6.864552654088618,7.42701274912058,2.351628329102782,4.836484676628752
TCGA-49-AARE,7.131839473290192,0.20739313045833557,1.5371966531546883,1.1146335490689394,1.0636409926426962,2.612399683428007,4.468896062518759,6.894233292823401,1.7498774702736075,4.359507114483822
TCGA-05-4403,5.194886838836279,0.7554858293507764,2.693944086975786,2.189033824390017,0.4232016497080599,4.476109455272646,7.900040190665032,7.633522029858025,2.1233020007537187,5.626932605859548
TCGA-MN-A4N4,7.312158703936497,0.24622564851987147,2.42918744357085,2.4493236569907797,0.1437852247086015,3.1704218441717265,3.2458454937251044,6.102049182199452,2.382003155894515,5.106461392077268
TCGA-05-4415,6.809537922122018,0.08133962745193878,2.0178150377397306,1.7249558026245206,0.07340895518534003,1.8351560489696561,4.84660363253541,5.451128669760196,1.1480229834850293,2.827310943949667
TCGA-75-5147,6.6321751353974845,0.09841955776554452,2.1348123563517576,1.5678374616192177,0.3171882775965018,4.436048541186485,3.7511101811447842,7.736083928315867,1.223113588580102,4.528008633098723
TCGA-78-7154,6.37112494342014,2.654160540995619,3.1617748414804194,3.8888503817672975,0.40968962795325903,4.786026489356188,7.558135972940466,7.221075683435707,2.1054434197483474,5.473384303270649
TCGA-95-A4VK,7.3553863373999695,0.23474655174432218,2.0171736498923756,3.5559020272107613,0.13697881196350373,3.9231872207101692,5.183831862413493,7.846348512662726,2.5000116679271986,5.24821222778998
TCGA-99-AA5R,4.261357801814654,6.098061568397279,5.946185770238397,5.691977959872009,2.6305219634716384,7.289887938312517,10.974494681536633,9.723261609857806,5.487457407690178,8.021772856104354
TCGA-53-7626,6.035683287725396,4.118824822108614,4.7184657485187005,5.062557805590473,2.4288927617859155,5.919735744270097,9.33769236265715,8.498622265814491,3.4635570685390173,6.265155561090513
TCGA-50-8457,5.682744635298883,0.12921706366415378,0.9105024262387985,4.559583584779821,0.0,5.66509710651767,4.488071489445924,7.201676984561694,2.7612639945167765,4.801903614678655
TCGA-91-6840,5.048393143451091,0.41510963222757946,3.4009613858622925,1.3287215954018279,0.8756228125325115,3.793334089458713,11.07854212405896,7.5812917362775245,3.33196312461999,7.85784418135225
TCGA-55-8507,7.605537298785549,1.4043036907799271,3.5529549187628544,5.8462199953947005,0.5600301231263044,3.88383583610776,7.98954607066286,6.422712361435764,2.5088089262345963,5.67516103832641
TCGA-55-6969,6.550067981968926,0.2228045610452611,1.854753710933015,1.0949791873471424,0.0,2.7489978500981485,1.766383141001298,5.571986185741684,1.064675949315089,4.279397004594688
TCGA-78-8655,6.9772524433326595,1.6230708663212476,2.987975660835373,3.333953197237464,0.7439026792863107,4.025170575734906,7.892353379339505,6.995605492151328,2.4272575240488217,6.1086059981065075
TCGA-78-7536,7.403452649536667,0.056583528366367514,3.493365530079229,0.048236185652847624,0.0,1.7022142510104408,2.6274667638501197,6.853505436696722,0.9109628608302244,3.752341839625229
TCGA-91-6831,7.0913581584175915,0.15198866642250583,3.081305536901697,0.8309854124830758,0.2481704732018035,3.3935397606100612,2.2007868132920567,5.752050085160671,1.475188670225608,5.089078603207341
TCGA-62-A46O,7.690470874312326,0.9604375717783062,2.4476585359826974,0.5304703253991904,0.0398402645317911,1.4197546054856112,2.7702159024808855,6.863368592255345,0.5924450770523623,3.1745182757937154
TCGA-55-7728,3.39391037754418,0.6328265700343372,2.933723697895829,0.9201408276848781,0.08133962745193878,3.144943694880985,6.557549475740505,7.562147768107944,1.5457213111303951,4.9315601485771845
TCGA-86-8280,6.273014141440674,1.113500481366378,2.214435697508105,5.024035935455509,0.7618809536299823,5.5824596595607625,6.2739242473816645,8.395385467021738,3.010815637193484,5.514788208532809
TCGA-44-A47G,5.594826193856556,0.15639661659766543,1.7720545519333253,2.2909256621491596,0.1473066987802935,3.9492360914445936,5.800881785250013,7.664600168342956,2.2179131202001865,4.368796280960131
TCGA-86-6562,6.6697992284812395,1.7226845980706136,3.6683687828420255,4.310616416792059,0.7139596983378401,4.551829746614309,6.951050367285519,7.086972665996084,2.596505846939519,5.24926707910854
TCGA-97-A4M0,5.9378904788137925,0.490878146326293,1.3792882499719286,1.1565907751392261,0.13579751222339106,3.646519829764288,5.742421276408184,6.069856806452616,1.8467139406714768,3.540324906030744
TCGA-J2-A4AG,6.713239402379526,1.1495195214900291,2.774607864431233,4.020564427335638,0.3465314620280193,4.910526410834888,7.127464075019235,8.268869917379355,2.65097129996175,5.315551739536644
TCGA-55-8087,5.784373108430372,0.3294106712185684,1.5311693297586841,2.3118518311870577,0.14417692434652662,5.257904480164671,5.5868788096146575,6.777076426357504,1.7206286976902,4.145604095955593
TCGA-J2-A4AE,4.600923861693644,0.9750431581293384,2.1467855409887004,3.1643518598667444,0.300416627836874,5.232353767739029,6.194924256420921,8.465284776310613,2.260808534762273,4.844531281116653
TCGA-55-A493,6.531397057135151,0.36378784110328904,1.9468431277595943,1.334339439906927,0.0,4.219640949934278,3.863205026165575,6.103308792914548,1.6092348931684737,3.684392372756302
TCGA-93-7348,6.50964992575475,0.10259094958809113,1.1528324046894212,1.0523463314788868,0.06681250989990178,3.408467315721463,3.1709505533183675,6.693287614847948,1.7094229869954922,4.981428000169039
TCGA-55-6543,6.132515152566552,0.5523770710948686,2.397885086377425,2.7765672609953564,0.4830547362801641,4.192714956791074,7.663256369732796,7.722950257015199,1.9599926617087167,4.422946097153826
TCGA-05-4432,7.364066349771563,0.8284691068817333,2.9091586520692583,2.700217747982813,0.1579491537836943,3.1037661792310227,6.097878327704831,7.161440296955909,1.6904617949187188,5.135510244578779
TCGA-91-A4BC,6.364791271134484,0.15924165973010634,1.504061001309293,2.380951043625847,0.0,2.771463058365651,3.420185936691721,5.414291162422697,1.9808661701215258,4.917952024769588
TCGA-93-7347,6.035342380792197,0.08854869701023801,1.2276178686106585,2.172743516760187,0.0504668703506619,4.172255475132686,5.102960410645665,6.553007159536776,1.8949923309695147,5.655901322064594
TCGA-50-5936,6.517902404912283,0.15328652099086262,1.6221338383657997,3.370094516037143,0.05949372539167156,2.724344676123024,2.07268893625628,7.630963819443266,2.0305479641629662,4.7155804233000795
TCGA-69-8254,5.246670302503679,0.4644591656129936,2.949665656742062,1.5901468765808795,0.6142858061190465,4.407434333849744,7.052649556696149,7.54038690596375,1.8726711869665735,4.101650076094435
TCGA-69-7978,6.168327133643082,0.13053555675618825,1.580290229172851,2.4293213699414418,0.06942721045601417,4.018758784567926,3.6968952158514323,7.014687806575123,2.0209110655816898,4.5405604916026245
TCGA-49-AAR2,5.028334872032066,0.17325538302097232,1.5095945077308526,1.8880710521022308,0.0,1.4302852729777809,4.674918200779198,5.089591367079504,1.4188375982686647,4.132914035284017
TCGA-50-5941,6.972627179893312,1.1823744882758063,2.852678062672858,2.6923379196441277,0.8275751682275984,3.905764854380449,7.03527858925792,6.698096210751915,2.0387522194664727,5.151168794186662
TCGA-49-4510,5.775585261758093,1.073066133844733,1.3743996367614404,1.2754838926672876,0.0,3.9820809097637375,4.641280123286633,8.458722802572705,2.641915903475113,5.954000835235945
TCGA-78-7146,7.493038024013787,0.13579751222339106,1.1463293734357785,1.787933893604076,0.11556599592160316,3.0960425305471313,1.750820856673278,5.646044540308643,1.2422671337141167,3.3815879400735933
TCGA-50-5044,5.5171748900345206,0.21188440194030453,0.928048108836801,4.160016607845905,0.04600204654452046,4.2224645542851835,5.894354571728157,6.388895554640546,3.042486752887726,6.4255516187180755
TCGA-55-8619,4.3281542964627855,3.577066220366056,4.565609360727101,6.856217591249033,1.8587767453081927,6.091926162965402,10.412396035509605,7.927619168016735,3.619342576248465,6.294424087884011
TCGA-44-2659,6.359166215914083,0.9180045185978745,1.2245960000211167,2.661111097901239,1.3011778981458353,4.058844636588281,5.155089411450403,7.227743963382355,1.5330150697629656,5.070024314224105
TCGA-95-7562,6.259095435268081,0.0526941113038451,2.487486349348536,0.42373950716531633,0.24403458239369338,2.3051242029055645,1.5739076821339184,5.820401094815269,0.9006446520590808,4.318700062799885
TCGA-73-7498,6.61248520171887,1.6033118106000481,2.516998467528536,3.3799674555705685,0.4472088881558103,5.787931282445682,7.838416075797337,8.120790998828813,3.519227365793122,6.568156784241735
TCGA-55-7724,2.9099842616148535,2.22894179522031,4.545888079904024,6.633091131356464,1.764006377628665,6.228610927450695,8.104617622476933,8.444928322968773,0.5193406076559823,6.159298180435449
TCGA-05-4405,6.665742373009059,0.15107947302881158,1.6699338356689606,1.8049621871757844,0.146133828893375,3.766383141001298,5.445336052963976,6.698697722373169,2.613083687858038,5.128557364973758
TCGA-05-4382,6.136987012052973,0.9128031311292492,1.8482774033210432,1.9040408647343734,0.0,3.9212268429807873,3.5565888204595013,7.12966115958344,1.9172789801228778,4.1567929958381145
TCGA-38-6178,6.655765399156928,0.17976580835814965,1.817172984544625,1.599889044959259,0.377512488485005,4.048602393955969,5.295227104715564,7.3955675516196795,2.1640138885250573,5.268524222351413
TCGA-44-7670,7.488996137699484,0.4299640435169466,2.847074890158883,3.590721770009841,0.437121184384194,3.5282087242951308,6.37336632586666,6.85178276636049,2.340191934518835,6.042738442177194
TCGA-86-6851,5.543137020990893,0.04851520993393956,1.7492768121262154,0.29195711642980726,0.0,2.3627784536195042,3.432799098920934,6.049103599863654,1.354282886467759,3.3647545085294572
TCGA-55-8207,5.371307937306367,0.2605074778047547,0.7975940904421102,3.588264894307497,0.22835695420104843,5.41231748541115,4.094920089738596,8.500686549990123,2.4891832446076747,4.876094512729909
TCGA-67-3773,4.174182677980383,1.2555007331483865,2.1433281073443053,3.5774650837906323,0.3204269112939921,4.005705382760386,7.658180057369043,8.1726660211761,1.4574366977723685,5.4383627221101065
TCGA-05-4427,6.5212627899467925,0.42760617278189944,2.776756738867226,2.1526377396511127,0.04600204654452046,3.204735455411911,4.692996218340503,5.82647984642261,2.112299791878912,4.630411296305193
TCGA-62-A46P,7.067296672944858,0.07573798239407814,1.2763775527736367,1.2054550742975971,0.0,2.1647219281337,4.732274627237819,7.137464586852664,2.7516136816709578,6.266115625204227
TCGA-97-8177,6.535157156334507,0.1397314222437436,1.0010816157254514,2.6216182134573858,0.37928824997192856,3.7954968326998118,7.059045885352169,7.923905042126057,2.23780842954562,5.554941808348959
TCGA-55-8615,6.854639029490362,0.45164632788394504,1.8563881768140906,1.4964112164754912,0.0,1.3370259704053873,4.3050293259694525,6.227017082647574,1.6889412383010003,4.496558219273026
TCGA-86-7954,6.663314728965819,0.28368475981474195,2.446520920293185,2.2582475458897546,0.11689701828826238,3.2035770539323094,5.5714523193498335,6.016993208172048,2.041172878728824,5.153310844616421
TCGA-55-A48Z,5.888419367076512,0.12446048627433613,2.2549567874613747,0.545770726110136,0.24220614857087489,2.7923556311794915,3.530707525555286,6.023435012543573,1.5833746627050742,4.261433027593988
TCGA-50-5944,6.222321572965381,0.11543282612034657,1.2782821795327308,3.5734957154956093,0.04446406651324603,6.079907130307902,6.821170633943081,8.266837596206898,1.489131852852717,4.343493102242721
TCGA-64-1680,5.965075458756104,0.4069719708167233,1.2910730579176228,1.2842772180551278,0.04739878887541106,3.6566107748230836,5.02040885745772,7.441583903013472,1.2692127238727529,5.04466951667008
TCGA-86-8279,7.9321391450885015,0.032241931137493844,1.4153260094369675,1.230510460366176,0.048236185652847624,3.309234406442663,4.0627175296970846,6.554725440805849,1.845469978525911,4.6544240835648285
TCGA-38-A44F,3.524715650673383,2.305182585611286,3.3711406295199224,5.989182160384331,0.8604463933884439,5.606072031049469,8.352325976495631,8.259610049483058,3.176290854255504,6.296864828589375
TCGA-75-6214,5.898730763159098,0.14339341869318775,1.8949923309695147,1.7004841080748165,0.0,3.5941304895931214,2.5324665828657382,5.2279605126547235,1.1492593654996228,3.410463223743505
TCGA-05-4430,7.354772140185601,0.7121995626459706,2.750949452490595,3.6254107770471267,0.6204925735764409,4.884671177172179,8.287179984564895,7.8151078604803255,2.3040436964735407,6.02823540196655
TCGA-05-4244,6.465917343094496,1.503908402450705,2.083485709747398,3.9699056542348465,0.2865263430872163,3.7015601460245184,6.701070759191315,7.05135143570617,1.6966615729185763,4.470276544803012
TCGA-55-A57B,6.313420009690622,2.1642070247007474,3.6221689878996215,4.858428658609865,1.8621934784755985,5.6502935387895254,8.154860123769575,8.693321072880785,3.437800334710204,5.916113536418541
TCGA-O1-A52J,3.779438338707923,0.19333019538430424,1.0712134896052645,0.8381853522108784,0.10379974315766799,3.7475163018648465,8.382407876294957,7.9887187657800744,1.5713855721580405,2.8376809098526845
TCGA-55-6642,5.9465764778974375,0.026304324351908496,1.8733013740047468,1.2084548311488827,0.0,3.312214987119986,2.020768865094572,6.2019964495453905,0.9059669751922802,4.189421338443385
TCGA-78-8660,8.06986217559315,0.6518668347652438,3.179495126397307,1.9912451849018493,0.25302109571151316,3.9331571426907335,8.357783784866282,7.063351934623408,2.767506495970782,5.088959921134261
TCGA-75-7027,6.760235586286556,0.09477655689559733,2.412916983302135,2.207830395958694,0.019915367707685924,3.963400137716715,3.2374872375457495,5.979241113135919,1.6425629555626031,4.568317939299239
TCGA-91-8496,5.888760293295949,2.7424374453762654,3.3861073576571266,7.10491949151999,2.277300420365284,6.396260548184813,9.016849228451395,8.100438427973613,2.57325332721532,5.921924224280954
TCGA-55-8094,7.249784736508578,0.4832611599521272,1.2987169605124262,0.6726516293283846,0.061707084791597165,1.451066010634434,4.827854583563906,7.650185814365367,2.611148767820649,3.9622343533851074
TCGA-69-7761,4.325681428871122,0.04096254777849784,2.5085047152916027,0.667029201410552,0.0,2.8953026213333066,2.515510619969011,6.920189668295056,0.9507670005931379,3.6698091473342225
TCGA-MN-A4N1,7.819921680138463,2.6448714897398413,2.7985275313103255,1.0098487673812113,0.19320401398387493,2.064089565027208,4.211175772742039,6.421536382261236,1.9930946314603866,5.022953650206179
TCGA-55-7903,6.625149187994555,0.35952117042759535,2.449667014318256,2.114800101641929,0.3446012830366772,2.45927422513849,5.934242844788599,5.911315281768915,1.3105727945971544,3.884636991416761
TCGA-86-A4P7,7.079634112368706,2.9080827308276245,4.690579124218809,6.113354617570882,1.2257068098431252,6.222439436971235,9.368558406324384,8.543948587876963,4.09627872263986,6.638034727447699
TCGA-44-7660,5.8387980124322185,0.07409435357387338,3.511202348415656,0.25350526218669706,0.4576468193924441,2.3351402063142133,3.6150513396637445,6.726881612410329,0.792105705662905,6.8004016635913755
TCGA-55-A491,5.969281751254847,0.2819059238971919,1.1969217338203297,0.6529682688746447,0.2326607567902751,2.030194803885839,2.2203299548795554,6.0850379254392974,1.4115889465187983,5.861409537195513
TCGA-86-8278,6.742883367991088,0.24768451276238293,1.4724877714627436,0.42115596066222344,0.05769286716834593,3.129530314898471,4.427324578425992,6.8663640220980655,1.5014646229920208,4.202104228518562
TCGA-L9-A743,6.273206281280186,0.20551763289270666,2.0181712411489987,3.0777386265390594,0.0,3.6963833772253776,5.677107907913687,7.942108616960272,2.2411079749340543,4.8112963346563316
TCGA-69-7980,6.351886233013373,0.7707022101239386,1.6978627622537061,3.0694787687304084,0.13960046458551462,4.2427320606806775,6.913694865464116,7.281778912669375,1.8932068651148692,4.783047990047058
TCGA-73-4658,6.796661342939972,0.8378625294212367,1.786972668037588,3.7947589530214114,0.04012091720087747,4.772086232246044,5.425533156400078,8.0756754175383,2.405556763343757,5.907400257821276
TCGA-49-6745,5.830617879477772,1.9926959317090889,2.796514694948085,4.111473737814048,0.3446012830366772,4.3104782753164255,7.01664005629436,6.941749556914945,1.555079898326656,5.38910901384858
TCGA-55-1592,6.889978446107853,3.2618767798680803,3.680076759226612,5.266872725097056,0.8436623162910589,4.6369319760915255,7.568653114564758,7.708371424518832,1.9380599119648676,5.001270815134072
TCGA-86-8076,5.350681108265106,0.4236319517143485,1.67771118626068,2.6143564877740806,0.17708860210596758,3.8464231101181343,6.113406713476536,6.357884489915735,1.8932457030953245,4.86525569532083
TCGA-78-7166,5.477256372182125,0.058662839378559886,1.5106075296036647,1.2829142001903693,0.029700234215419886,1.988666510972118,3.3863005338555525,5.074586782615395,1.071007493311506,4.046220376691291
TCGA-55-1596,8.088543926970608,0.058247216854662685,2.6276301825207296,2.3792882499719283,0.0,2.7531552285422314,2.430392333572308,6.580214843094622,1.6234923304277264,4.748852983151921
TCGA-80-5607,6.267271729249699,2.638653116466112,3.0060466301184148,2.389566811762726,0.45901186447638187,4.039752549374999,7.650014875104345,9.264474972532613,1.9527808443273496,4.952450058359001
TCGA-91-6836,7.337645091958254,0.0172092900322231,2.378983196475674,0.8929738152733337,0.2501126796923753,3.4338941844908546,2.0531808622561054,5.619594950086403,1.2902474475871921,3.760391291543413
TCGA-67-3770,7.947462781365686,0.9416321976544819,1.2764966656403567,3.377540251574055,0.5085300686537148,4.200574973592613,6.517343416387225,7.712654928630745,1.237747255629912,5.031884775468997
TCGA-05-4434,6.474509052287522,0.12644429972469104,1.6007930637800236,1.749920364859095,0.0326651122818301,4.580531438155187,3.8131655099782513,6.524504104573056,2.323802380418713,4.9618686952161095
TCGA-55-6986,6.1901209726140785,0.7102609298781054,3.647372078033043,3.4913785319169115,1.5662793702997548,4.2783788318069975,8.164374489048035,6.588210915931807,2.184343777952907,5.145123092979235
TCGA-50-5935,6.183228441907752,0.19698466352921806,1.5252169694083217,2.603098125486588,0.13606010688026618,3.5008020530571575,6.189830487751564,6.988686958731071,1.325961996171852,5.199409298904266
TCGA-50-5051,6.100418453000783,0.11689701828826238,2.3166381445125195,1.343635224282899,0.0,2.681719112882467,4.792131741591074,6.429595880140257,1.4386122321008856,5.097353751539967
TCGA-55-7576,7.52205417937529,0.4122937713334167,2.6718821074584826,3.945982185997463,0.3679301414318828,3.752887717009728,5.800390014449933,6.298031398752367,2.299010149498923,4.748225058235487
TCGA-05-4402,6.1998254390440115,0.0553345017510994,1.6750480957145095,1.1840263323466607,0.07737974079701358,3.1909466577135324,5.187763788812322,7.004587906399572,1.19074126825662,4.132404103732416
TCGA-97-8179,7.461559662993092,1.5308697979314088,3.605482481232009,4.42500939951429,1.2022609835620026,4.873488407802507,7.93816403288385,7.9628913794539615,2.3590431914965673,5.808910133156406
TCGA-44-5644,7.121119039123897,0.17325538302097232,1.9492360914445936,1.2028878334701434,0.25302109571151316,1.212631589720954,3.5294211834307436,5.439563301038065,1.0528331997629445,4.016745899525032
TCGA-49-6744,6.747022114161239,0.6187085123137873,2.932174586306801,3.582098314298709,0.5550308011822083,4.935030647237431,7.489223393142486,7.651588474833629,1.9740152837564717,5.433990966097379
TCGA-75-5125,6.746666140427852,0.3071953435138847,1.8306609743997633,0.906274914369733,0.0,2.5257181140016924,4.340248915246395,6.8902813034585275,1.7688830023416973,4.002468502205265
TCGA-97-7546,4.732860702604311,0.3423271731066474,1.9530416924453833,4.157423742301176,1.3834416462370047,6.693578952510818,9.111407747819452,8.119645122907425,2.1527026309157535,5.00417776078911
TCGA-55-7911,6.619773932677365,0.3704991032023453,2.270528942380718,0.9230350537402054,0.2763179926522169,2.9855368615378484,5.311274224962081,6.614013354842446,1.6079102345692646,4.688890898364353
TCGA-44-2655,6.228787912673377,1.952892642153039,3.205533272117636,5.9691113396963775,1.284040263954096,5.14643528233081,8.44901778555582,7.716158910692383,2.204015477399888,6.129157290898974
TCGA-44-5643,5.076007461528862,0.7860944676290433,2.2835958700903802,1.802606833642161,0.13737236369339767,3.79612009890614,6.02528133263711,5.641323480837371,0.9405050627439852,4.720798310975719
TCGA-69-7764,6.969818185946576,0.8487180737986041,2.123897909494487,1.6216182134573858,0.20526738223450958,4.323096204849788,6.445526425476178,7.350912669295949,1.5223571163676215,4.53003327562776
TCGA-91-6835,6.347965005721107,0.8309854124830758,3.2026998070944543,2.711208541810934,0.9088897469737209,5.3466307396314265,7.128092302298878,7.343662758809158,2.1434587270855348,5.711208541810934
TCGA-NJ-A4YI,6.960697039304312,0.3135941465723912,1.7948940859784814,6.619685911227155,0.19648114898230806,3.7665739610585685,6.76186500111387,6.710087317215973,1.3631149945893182,4.188440488975161
TCGA-S2-AA1A,5.707985774483788,0.09044698023265137,1.7756405663386894,3.906313402145773,0.0,4.577543634800679,5.656135937795047,7.793637770991603,2.432211149171219,4.817121808268724
TCGA-L4-A4E5,8.141403667782429,0.16414264884830632,2.234654594935889,0.7675700559517401,0.05491791912895793,2.0769010875572635,4.8024724212211645,5.65420924270523,1.6737825340197414,4.159459655964709
TCGA-44-6777,6.607815569540301,0.14104034543359303,0.8987887971115541,3.7179450614533502,0.09693648250295737,4.569290568689428,3.580254044346913,7.471769494480246,1.7888527278678172,4.935445603666927
TCGA-62-8398,6.945153512344217,0.05283319976294459,2.238634023627348,2.4379467762080878,0.0,2.7232308872364763,3.9467027918703668,5.952815782078534,1.8432200985887466,4.045932173918723
TCGA-55-A48X,5.949499915722119,0.3751784795896123,1.74226496704013,2.6235625624765295,0.06983962506863442,4.908880142293256,5.765205859273189,6.461335375226157,2.554245019550098,5.1699690831173175
TCGA-71-8520,7.525630426263384,0.048375704538976265,2.1297116397934466,1.5840966239075944,0.0,3.323125035109794,3.6060749930030895,6.14453384962829,2.8052305360298577,5.244388573619744
TCGA-97-7553,5.352924448023718,4.157391403036058,5.658328607693671,8.092738116244425,2.2258918616903407,7.602419762351281,9.390369328540983,8.289783295063279,3.144731650181919,6.615060170372957
TCGA-95-A4VN,7.152052572528047,0.16658691407044984,1.7534333879268804,1.9687543313163203,0.06488285158485439,3.237930769595801,6.371271340385975,6.631532136936608,1.88592572226917,4.937688074245815
TCGA-97-8171,7.5135610152529955,0.030830430153274503,1.292192773901891,0.28688114778816154,0.355467388376099,1.3707222751481674,3.7351755422538107,4.93718429308651,0.7126397979308516,3.75745001623129
TCGA-86-8056,6.910887330855959,0.9263790251998787,2.169925001442312,3.629974369315817,0.0769694763151108,4.576896972259036,5.544655388704965,8.023641261532326,2.0649518124147184,5.358899063835069
TCGA-55-7227,5.552481592605578,0.2047667506546134,1.8001233528265281,1.6502131053135813,0.0,3.705778895538212,4.425056411104587,7.330621140125841,2.0131406324940007,5.205107042591815
TCGA-L9-A444,6.305481759901674,0.10043947928031165,1.328951323912009,1.8789999275920106,0.0,2.8441847625140633,3.3280609220945707,6.572218174039639,1.9856461497172495,4.668816924319894
TCGA-91-8497,5.733546867894535,0.190172344802298,2.0216929178215315,5.101448380489909,0.2998307618223704,5.992879437894182,5.62834783821345,7.107476554246507,3.4990677378396278,5.743067893826788
TCGA-55-7816,5.02251873323089,1.5231102590792576,0.6440408429224092,6.948762020416702,7.385157485945192,7.000303159525368,3.5574100901688794,5.282977194067643,2.0299122134063325,6.6053639496709975
TCGA-55-6983,6.748594064322859,0.3880241758124573,1.9376833668249505,2.774186140918419,0.0439043942956211,3.9856279355955957,6.172287482920918,6.425108457864139,1.9251259440322472,5.567460265765999
TCGA-53-7624,7.062199441227656,1.7694755544409866,3.0257729906210336,0.0,0.1118325870779828,2.6487645353957086,2.9825829469225904,6.5039560913279235,1.987793803170299,2.048689572709667
TCGA-L9-A7SV,8.280667783078906,0.20401547739988798,2.613225165536063,0.724562965306671,0.0,2.162145571288675,4.908198046490716,6.571948275611076,2.2268475849522593,5.0527288846757665
TCGA-44-6778,5.440317724389021,4.531406415025521,4.896872443000841,4.788205428276432,2.223638783521395,5.644513908764835,9.207362380240385,8.33660920731376,3.1684334457968544,6.201369212127699
TCGA-75-6207,7.491158832693189,0.24488705912353448,1.8594527880371892,3.8438632795365733,0.08963373610689557,2.9507110203420437,3.844395696792734,6.113196234464696,1.4553864065793487,3.7335170414061607
TCGA-MP-A4T6,5.89704676223591,0.5677401301945973,2.1620488683488945,2.7928345341020266,0.4322111491712192,3.2376096048347796,6.913060533865197,6.717964247995588,2.468400850811139,4.328534914047952
TCGA-62-8399,6.7693935639716605,2.358649442847592,3.0736317453800814,4.277776508245323,0.14912926990993294,4.857493381305399,7.887662953816461,8.162688901126732,2.7056462095231373,5.555325358989245
TCGA-55-8085,7.57093494782224,0.09193673821058518,2.991372183503359,1.8422547892053482,0.0422240737629849,2.3729242463873756,4.6447734521622,5.420233105719613,1.4806787387547986,4.567892207660051
TCGA-35-4123,6.4840946176253285,0.048375704538976265,1.7735744227713075,1.7983408914462187,0.0,2.4101511209751942,2.2327528407689594,6.628604473906202,1.9065443072424388,5.79447825181382
TCGA-86-A4P8,2.763007818333938,5.133444337373851,7.203582926555504,5.18130534093036,3.9136745233078227,7.450591031925189,11.437481138504669,9.645678424673376,5.213988768965171,7.707739428827476
TCGA-44-8117,6.99601356079827,0.6708403358815619,3.0187765851791837,2.643971600761618,0.0,3.5473387723946517,5.530251817063448,7.0353489797554465,2.557973676427615,4.887973606286841
TCGA-55-7994,6.5885482476505794,0.6979516994692129,2.151988666422506,1.0099204095930638,0.15937084666020285,2.4011389273182644,5.470217966263928,5.561430011645644,1.4922634045668999,3.4610046099334744
TCGA-49-6767,6.055221689167958,0.4478436443620853,1.1129669649581757,1.0284277045726673,0.0,2.7343736295830237,3.010135314885185,5.026366300542324,0.5387367998742167,3.70460641332374
TCGA-44-A47A,7.3983178737667545,0.2223099792643156,2.060427900521236,2.914028675171847,0.33330922957489645,2.7915015401917143,4.780394096309323,6.686578962839637,1.402449326718855,4.567703629217381
TCGA-55-6968,5.139530888494214,0.14274017211608214,3.9075733096982814,2.200159049628391,0.24159615530954037,2.1147334829200437,1.8656417271688623,5.328025007266778,1.448213789883797,5.720888580883968
TCGA-44-8120,8.103792925548264,1.1375035237499351,2.0846765996967687,4.521898762138003,0.20914139783859167,5.107089411705544,6.858228470722416,7.913243680869997,3.8456907597706436,5.831205887351929
TCGA-44-6148,4.194252561611726,0.6444100783306281,2.1459056600903277,3.3630028229886793,0.0,6.973747870508803,7.287862873646479,6.774988627566165,2.137044411374264,5.075275901023271
TCGA-91-6828,6.551740556098256,3.157221610000072,2.5221813264810495,4.1368968085052575,0.8927407277793477,4.288698153604023,6.905137859107134,8.000275550978486,2.042329151152236,5.079271430522539
TCGA-MP-A4TJ,5.572635052711319,1.1722954847570204,3.0742827810594004,4.22860323194847,0.43199728984072255,4.320347478271972,7.138425406373373,6.967498341892823,2.3750116200901235,4.851853960876552
TCGA-64-5778,5.864919070436721,0.2887719672474021,1.787724985997043,2.2131295000074798,0.12008647067252551,3.028905034733739,5.770765629472077,7.219971945625545,1.7875996269109937,4.566108851928169
TCGA-55-5899,7.989171372251315,0.0938305716351355,1.9359499922268133,2.5008785189657234,1.3123747467751512,3.751463721165559,1.6015539036623274,5.693118918780512,1.5898114162566181,4.58326031904348
TCGA-99-8028,5.773577060044126,0.27703255187479336,1.991861930556323,2.344771696861963,0.1963552428827484,3.8978696519458547,6.776327746410741,7.5230231970524875,2.3085065004741394,5.8675135060955865
TCGA-50-6591,6.962266749006673,0.15975833805629805,2.751827883928283,1.963548106438987,0.202511756210103,4.736502053924182,3.3782896530954507,7.705309602232201,2.2438518432550816,7.850390019822139
TCGA-05-5425,7.231178931452425,0.15704371014558002,1.9367038892684452,2.974786258183703,0.0,3.5326909890736724,6.621503930718334,7.5279578242754415,1.9649530529007992,5.134615244425109
TCGA-64-5815,6.1516416981605255,0.41489322256079875,1.913684096122984,3.5905062118192035,0.20175930745822926,3.8414800635746853,5.67100174648382,7.686363954926433,1.8566670469955884,5.063753148815107
TCGA-55-8513,4.7247866774477085,2.0965992072142465,4.953805333595902,2.857582955384148,0.9230350537402054,5.6291496732216455,10.073655843218962,8.177401597628476,3.395035371594481,5.879791521760762
TCGA-95-7039,7.596496156505527,0.6968840908554544,3.000703142455382,3.6916458243009274,0.0,4.182040713208258,6.73009374762938,7.843561196071957,2.9684963089779375,6.070885169093879
TCGA-L9-A50W,6.121125257176904,0.09180136921767433,3.157949153783694,0.5045695476295113,0.0,2.5748039089659556,4.631441919659145,6.94829713943469,2.0392085963371263,4.825312451714869
