cohort,gene,p,status,n,events,model,adjusted,expression_mean,expression_sd,warning,HR,CI_low,CI_high,PH_expression_p,PH_any_min_p,nonlinearity_p,q,PH_expression_q,nonlinearity_q
TCGA,PYCR1,0.6471048464713691,ok,465,169,z + age10 + C(stage),True,6.365163225315674,1.0184470875634362,,1.037857689723469,0.8852087883747152,1.2168299708092956,0.2816245671566719,0.015661159886208056,0.012422463943130433,0.6471048464713691,0.5026027167852151,0.12422463943130432
TCGA,SLC6A4,0.06287770303115807,ok,465,169,z + age10 + C(stage),True,0.6631994764004202,1.010059236594727,,0.8350749139200001,0.6906317384204492,1.0097278666245664,0.11418218526233107,0.008855272680250747,0.38272168160594944,0.23987947126203654,0.5026027167852151,0.5467452594370706
TCGA,RTKN2,0.32936026070705154,ok,465,169,z + age10 + C(stage),True,2.298178884751211,1.069814499507703,,0.9253171572385759,0.7916903821015322,1.0814983494017898,0.9698207048861563,0.00964563505886714,0.36397376903187006,0.4705146581529308,0.9698207048861563,0.5467452594370706
TCGA,FABP4,0.6420426614636919,ok,465,169,z + age10 + C(stage),True,2.5823086069503836,1.60078873118207,,0.9633730434393325,0.8231250741476165,1.1275171295038473,0.4585246851424788,0.010446994302323551,0.7778798510556091,0.6471048464713691,0.6550352644892554,0.7778798510556091
TCGA,SERTM1,0.2212109936962397,ok,465,169,z + age10 + C(stage),True,0.3842314515094601,0.7017025019126885,,0.8965473810323148,0.7526399624580741,1.067970406209567,0.2893703843249107,0.00798089244175685,0.10797689201017055,0.3686849894937328,0.5026027167852151,0.491876393575444
TCGA,FHL1,0.07196384137861096,ok,465,169,z + age10 + C(stage),True,3.7192286405584185,1.2938867661080602,,0.8593009554716657,0.7284707590283748,1.0136276891324834,0.5276724156761305,0.011356289820502623,0.1884841658450476,0.23987947126203654,0.6595905195951632,0.491876393575444
TCGA,AGER,0.026390635913708417,ok,465,169,z + age10 + C(stage),True,5.28019019738346,2.132669804387663,,0.8357580539055058,0.7133471811252464,0.9791747176544604,0.16864458995574047,0.0139629909167859,0.5405052252917681,0.23987947126203654,0.5026027167852151,0.653146919063923
TCGA,RGCC,0.38325532301870746,ok,465,169,z + age10 + C(stage),True,6.866839403154342,0.9249353383445594,,0.9347023105795806,0.8030641647610498,1.0879185596119398,0.24048920202530633,0.01156242542365821,0.1967505574301776,0.4790691537733843,0.5026027167852151,0.491876393575444
TCGA,KANK3,0.13883261135654879,ok,465,169,z + age10 + C(stage),True,1.9607816998149632,0.7500225172028419,,0.8804225744534157,0.7437949436623384,1.0421473232803709,0.8741228420388278,0.013656967654600127,0.25196542070110206,0.2990109967162991,0.9698207048861563,0.5039308414022041
TCGA,RAMP2,0.14950549835814955,ok,465,169,z + age10 + C(stage),True,4.9840135309478475,0.8705771113474914,,0.8894367454250627,0.7584340429205252,1.0430672666881138,0.301561630071129,0.008673016975962037,0.5878322271575307,0.2990109967162991,0.5026027167852151,0.653146919063923
