sample,time,event,age,stage,excluded_by_submitter,eligible
GSM773540,437.0,1.0,55.0,II,True,False
GSM773541,743.0,0.0,38.0,II,False,True
GSM773542,2601.0,0.0,30.0,II,False,True
GSM773543,1173.0,0.0,64.0,II,True,False
GSM773544,2369.0,0.0,63.0,II,False,True
GSM773545,1879.0,0.0,60.0,II,False,True
GSM773546,606.0,0.0,68.0,II,True,False
GSM773547,300.0,1.0,58.0,II,False,True
GSM773548,1919.0,0.0,63.0,I,True,False
GSM773549,1835.0,0.0,56.0,I,False,True
GSM773550,1828.0,0.0,34.0,I,False,True
GSM773551,1841.0,1.0,75.0,II,False,True
GSM773552,639.0,1.0,60.0,II,False,True
GSM773553,1311.0,1.0,46.0,I,False,True
GSM773554,1098.0,0.0,60.0,I,False,True
GSM773555,1189.0,0.0,61.0,I,False,True
GSM773556,3863.0,0.0,63.0,I,False,True
GSM773557,1475.0,0.0,47.0,II,True,False
GSM773558,1856.0,0.0,59.0,II,False,True
GSM773559,3067.0,0.0,64.0,II,False,True
GSM773560,1142.0,0.0,60.0,II,False,True
GSM773561,1825.0,0.0,61.0,I,False,True
GSM773562,1610.0,0.0,53.0,I,False,True
GSM773563,2014.0,0.0,53.0,I,False,True
GSM773564,1826.0,0.0,53.0,I,False,True
GSM773565,2191.0,0.0,67.0,I,False,True
GSM773566,3342.0,0.0,69.0,I,False,True
GSM773567,1328.0,0.0,64.0,I,False,True
GSM773568,2925.0,0.0,69.0,I,False,True
GSM773569,2880.0,0.0,50.0,I,False,True
GSM773570,1724.0,0.0,70.0,I,False,True
GSM773571,2765.0,0.0,57.0,II,False,True
GSM773572,1529.0,0.0,58.0,II,False,True
GSM773573,221.0,1.0,69.0,II,False,True
GSM773574,546.0,1.0,61.0,II,False,True
GSM773575,346.0,1.0,68.0,II,False,True
GSM773576,853.0,1.0,64.0,II,True,False
GSM773577,2661.0,1.0,69.0,II,False,True
GSM773578,817.0,0.0,66.0,II,True,False
GSM773579,425.0,1.0,68.0,II,False,True
GSM773580,1281.0,0.0,69.0,II,False,True
GSM773581,1044.0,0.0,64.0,I,False,True
GSM773582,565.0,0.0,64.0,I,False,True
GSM773583,1059.0,1.0,66.0,I,True,False
GSM773584,1625.0,1.0,64.0,I,False,True
GSM773585,1695.0,1.0,68.0,I,False,True
GSM773586,2976.0,0.0,68.0,I,False,True
GSM773587,1143.0,1.0,63.0,I,False,True
GSM773588,1682.0,0.0,58.0,I,False,True
GSM773589,1242.0,1.0,71.0,I,False,True
GSM773590,2252.0,0.0,52.0,I,False,True
GSM773591,943.0,1.0,66.0,I,False,True
GSM773592,1346.0,1.0,66.0,I,False,True
GSM773593,1482.0,1.0,47.0,I,False,True
GSM773594,2386.0,0.0,64.0,I,True,False
GSM773595,1560.0,0.0,54.0,I,False,True
GSM773596,1001.0,1.0,67.0,I,False,True
GSM773597,259.0,1.0,54.0,II,False,True
GSM773598,2289.0,0.0,65.0,II,False,True
GSM773599,1916.0,0.0,49.0,II,False,True
GSM773600,2048.0,0.0,62.0,II,True,False
GSM773601,1475.0,0.0,61.0,II,True,False
GSM773602,1539.0,0.0,57.0,II,False,True
GSM773603,636.0,0.0,60.0,II,False,True
GSM773604,1275.0,0.0,46.0,II,False,True
GSM773605,2005.0,0.0,52.0,II,False,True
GSM773606,1965.0,0.0,54.0,II,False,True
GSM773607,2425.0,0.0,58.0,I,False,True
GSM773608,1566.0,0.0,64.0,I,False,True
GSM773609,990.0,0.0,65.0,I,False,True
GSM773610,729.0,0.0,52.0,I,False,True
GSM773611,2354.0,0.0,61.0,I,False,True
GSM773612,818.0,0.0,61.0,I,False,True
GSM773613,2009.0,0.0,62.0,I,False,True
GSM773614,2549.0,0.0,47.0,I,False,True
GSM773615,3411.0,0.0,64.0,I,False,True
GSM773616,1806.0,0.0,50.0,I,False,True
GSM773617,1937.0,0.0,66.0,I,False,True
GSM773618,1520.0,0.0,56.0,I,False,True
GSM773619,1375.0,0.0,76.0,I,False,True
GSM773620,1756.0,0.0,56.0,I,False,True
GSM773621,1597.0,0.0,53.0,I,False,True
GSM773622,1714.0,0.0,57.0,I,False,True
GSM773623,1637.0,0.0,61.0,I,False,True
GSM773624,1653.0,0.0,66.0,I,False,True
GSM773625,1196.0,0.0,66.0,I,False,True
GSM773626,1702.0,0.0,57.0,I,False,True
GSM773627,2050.0,0.0,61.0,I,False,True
GSM773628,1256.0,0.0,63.0,I,False,True
GSM773629,818.0,0.0,60.0,I,False,True
GSM773630,1154.0,0.0,59.0,I,False,True
GSM773631,3058.0,0.0,55.0,I,False,True
GSM773632,1941.0,0.0,52.0,I,False,True
GSM773633,1596.0,0.0,68.0,I,False,True
GSM773634,2450.0,0.0,55.0,I,False,True
GSM773635,1881.0,0.0,64.0,I,False,True
GSM773636,1637.0,0.0,51.0,I,False,True
GSM773637,2034.0,0.0,55.0,I,False,True
GSM773638,2134.0,0.0,65.0,I,False,True
GSM773639,779.0,1.0,60.0,II,False,True
GSM773640,540.0,1.0,58.0,II,False,True
GSM773641,1317.0,0.0,68.0,II,False,True
GSM773642,1980.0,0.0,65.0,II,False,True
GSM773643,702.0,1.0,66.0,II,False,True
GSM773644,564.0,1.0,66.0,II,False,True
GSM773645,788.0,1.0,62.0,II,True,False
GSM773646,1463.0,0.0,58.0,II,True,False
GSM773647,1345.0,1.0,49.0,II,False,True
GSM773648,832.0,0.0,61.0,II,True,False
GSM773649,2687.0,0.0,59.0,II,False,True
GSM773650,1122.0,1.0,53.0,II,True,False
GSM773651,2668.0,0.0,64.0,II,False,True
GSM773652,1936.0,0.0,67.0,I,False,True
GSM773653,871.0,0.0,69.0,I,False,True
GSM773654,2671.0,0.0,61.0,I,False,True
GSM773655,1482.0,0.0,64.0,I,False,True
GSM773656,1128.0,0.0,53.0,I,False,True
GSM773657,1042.0,1.0,71.0,I,False,True
GSM773658,1229.0,1.0,52.0,I,False,True
GSM773659,2263.0,1.0,52.0,I,False,True
GSM773660,1770.0,0.0,54.0,I,False,True
GSM773661,1433.0,1.0,49.0,I,False,True
GSM773662,1823.0,0.0,68.0,I,False,True
GSM773663,1988.0,0.0,62.0,I,False,True
GSM773664,1434.0,0.0,63.0,I,True,False
GSM773665,630.0,1.0,63.0,I,False,True
GSM773666,1537.0,0.0,62.0,I,False,True
GSM773667,1429.0,1.0,57.0,I,False,True
GSM773668,1038.0,1.0,39.0,I,False,True
GSM773669,2486.0,0.0,55.0,II,False,True
GSM773670,740.0,0.0,47.0,II,True,False
GSM773671,1042.0,0.0,64.0,II,False,True
GSM773672,1267.0,0.0,60.0,II,True,False
GSM773673,1017.0,0.0,48.0,II,False,True
GSM773674,1041.0,0.0,60.0,II,True,False
GSM773675,1859.0,0.0,52.0,II,True,False
GSM773676,1717.0,0.0,48.0,II,False,True
GSM773677,1494.0,0.0,60.0,II,False,True
GSM773678,754.0,0.0,49.0,II,False,True
GSM773679,2364.0,0.0,63.0,II,False,True
GSM773680,1733.0,0.0,68.0,I,False,True
GSM773681,1941.0,0.0,58.0,I,False,True
GSM773682,774.0,0.0,68.0,I,False,True
GSM773683,2913.0,0.0,64.0,I,False,True
GSM773684,1803.0,0.0,58.0,I,False,True
GSM773685,1912.0,0.0,62.0,I,False,True
GSM773686,1481.0,0.0,66.0,I,False,True
GSM773687,1231.0,0.0,68.0,I,False,True
GSM773688,1964.0,0.0,68.0,I,False,True
GSM773689,3352.0,0.0,72.0,I,False,True
GSM773690,2158.0,0.0,62.0,I,False,True
GSM773691,3466.0,0.0,67.0,I,False,True
GSM773692,3263.0,0.0,52.0,I,False,True
GSM773693,1823.0,0.0,67.0,I,False,True
GSM773694,1856.0,0.0,59.0,I,False,True
GSM773695,2449.0,0.0,70.0,I,False,True
GSM773696,1859.0,0.0,59.0,I,False,True
GSM773697,1998.0,0.0,56.0,I,False,True
GSM773698,1852.0,0.0,69.0,I,False,True
GSM773699,1894.0,0.0,61.0,I,False,True
GSM773700,1861.0,0.0,54.0,I,False,True
GSM773701,1669.0,0.0,64.0,I,True,False
GSM773702,3189.0,0.0,45.0,I,False,True
GSM773703,1822.0,0.0,55.0,I,False,True
GSM773704,1809.0,0.0,61.0,I,False,True
GSM773705,2552.0,0.0,65.0,I,False,True
GSM773706,2968.0,0.0,65.0,I,False,True
GSM773707,3066.0,0.0,47.0,I,False,True
GSM773708,1412.0,0.0,60.0,I,False,True
GSM773709,1317.0,0.0,55.0,I,False,True
GSM773710,1180.0,0.0,61.0,I,False,True
GSM773711,1688.0,0.0,67.0,I,False,True
GSM773712,1417.0,0.0,69.0,I,False,True
GSM773713,1426.0,0.0,65.0,I,False,True
GSM773714,1674.0,0.0,65.0,I,False,True
GSM773715,1848.0,0.0,56.0,I,False,True
GSM773716,1856.0,0.0,65.0,I,False,True
GSM773717,1780.0,0.0,56.0,I,False,True
GSM773718,2084.0,0.0,59.0,I,False,True
GSM773719,1879.0,0.0,56.0,I,False,True
GSM773720,1114.0,0.0,63.0,I,False,True
GSM773721,2806.0,0.0,49.0,I,False,True
GSM773722,1663.0,0.0,58.0,I,False,True
GSM773723,1726.0,0.0,62.0,I,False,True
GSM773724,1629.0,0.0,68.0,I,False,True
GSM773725,2179.0,0.0,66.0,I,False,True
GSM773726,1917.0,0.0,57.0,I,False,True
GSM773727,1446.0,0.0,57.0,I,False,True
GSM773728,1162.0,0.0,52.0,I,False,True
GSM773729,1231.0,0.0,65.0,I,False,True
GSM773730,941.0,0.0,65.0,I,False,True
GSM773731,1623.0,0.0,50.0,I,False,True
GSM773732,1855.0,0.0,53.0,I,False,True
GSM773733,1404.0,0.0,53.0,I,False,True
GSM773734,2221.0,0.0,66.0,I,False,True
GSM773735,849.0,0.0,62.0,I,False,True
GSM773736,831.0,0.0,66.0,I,False,True
GSM773737,3219.0,0.0,35.0,I,False,True
GSM773738,2585.0,0.0,59.0,I,False,True
GSM773739,2442.0,0.0,67.0,I,False,True
GSM773740,1910.0,0.0,56.0,I,False,True
GSM773741,1834.0,0.0,62.0,I,False,True
GSM773742,2918.0,0.0,46.0,I,True,False
GSM773743,2285.0,0.0,67.0,I,False,True
GSM773744,2149.0,0.0,62.0,I,False,True
GSM773745,2561.0,0.0,63.0,I,False,True
GSM773746,1947.0,0.0,52.0,I,False,True
GSM773747,1841.0,0.0,60.0,I,False,True
GSM773748,1971.0,0.0,47.0,I,False,True
GSM773749,2409.0,0.0,56.0,I,False,True
GSM773750,1624.0,0.0,56.0,I,False,True
GSM773751,2430.0,0.0,63.0,I,False,True
GSM773752,1856.0,0.0,59.0,I,False,True
GSM773753,1516.0,0.0,62.0,I,False,True
GSM773754,1819.0,0.0,50.0,I,False,True
GSM773755,2413.0,0.0,55.0,I,False,True
GSM773756,1849.0,0.0,54.0,I,False,True
GSM773757,2181.0,0.0,65.0,I,False,True
GSM773758,2168.0,0.0,66.0,I,False,True
GSM773759,2154.0,0.0,62.0,I,False,True
GSM773760,2073.0,0.0,64.0,I,False,True
GSM773761,1994.0,0.0,64.0,I,False,True
GSM773762,2137.0,0.0,61.0,I,False,True
GSM773763,1998.0,0.0,58.0,I,False,True
GSM773764,1908.0,0.0,49.0,I,False,True
GSM773765,1660.0,0.0,58.0,I,False,True
GSM773766,,,30.0,,True,False
GSM773767,,,64.0,,True,False
GSM773768,,,49.0,,True,False
GSM773769,,,48.0,,True,False
GSM773770,,,38.0,,True,False
GSM773771,,,59.0,,True,False
GSM773772,,,57.0,,True,False
GSM773773,,,68.0,,True,False
GSM773774,,,59.0,,True,False
GSM773775,,,61.0,,True,False
GSM773776,,,,,True,False
GSM773777,,,56.0,,True,False
GSM773778,,,62.0,,True,False
GSM773779,,,64.0,,True,False
GSM773780,,,39.0,,True,False
GSM773781,,,67.0,,True,False
GSM773782,,,,,True,False
GSM773783,,,,,True,False
GSM773784,,,,,True,False
GSM773785,,,,,True,False
