Name,Term,ES,NES,NOM p-val,FDR q-val,FWER p-val,Tag %,Gene %,Lead_genes
prerank,E2F Targets,0.7192601628079082,3.60083735704676,0.0,0.0,0.0,146/199,19.75%,PAICS;TOP2A;MYBL2;UBE2T;NME1;BIRC5;KIF4A;KIF2C;CDC20;DLGAP5;TK1;HMMR;RRM2;CCNE1;DEPDC1;BUB1B;CDCA8;MELK;HMGB3;KIF18B;PLK1;CDKN3;PTTG1;CCNB2;SPAG5;SPC24;GINS1;E2F8;CDCA3;AURKB;KPNA2;MKI67;ASF1B;CHEK1;HMGA1;AURKA;HELLS;MAD2L1;MCM4;ESPL1;ORC6;EZH2;LMNB1;PRDX4;MTHFD2;TIMELESS;SPC25;JPT1;TUBG1;CENPE;MCM6;CDC25A;TACC3;CDK1;DONSON;GINS4;MCM2;RAD51AP1;PRIM2;CKS1B;TBRG4;KIF22;PLK4;TRIP13;CDKN2A;UBE2S;BARD1;SSRP1;ATAD2;H2AX;XPO1;POP7;DSCC1;RFC2;DDX39A;PRKDC;SLBP;PCNA;RACGAP1;CENPM;MCM7;PMS2;RANBP1;TUBB;MCM3;MSH2;CHEK2;NCAPD2;RBBP7;TCF19;DCTPP1;UNG;POLD2;BRCA1;NOLC1;LIG1;CNOT9;NUP205;GINS3;CSE1L;EED;NOP56;CTPS1;H2AZ1;MXD3;CDK4;RAD51C;PA2G4;SUV39H1;ZW10;ORC2;RFC3;ANP32E;RAN;BRCA2;TIPIN;SRSF1;SNRPB;NASP;LBR;MMS22L;MCM5;HNRNPD;RPA3;STMN1;CDKN2C;RPA2;AK2;HUS1;POLE;MRE11;TP53;IPO7;XRCC6;DNMT1;DEK;NUP107;PRPS1;SMC1A;HMGB2;POLD1;SMC6;TMPO;CKS2;PNN;POLA2
prerank,G2-M Checkpoint,0.6820035793917727,3.457340575484266,0.0,0.0,0.0,116/195,16.47%,UBE2C;EXO1;TOP2A;MYBL2;BIRC5;KIF4A;KIF2C;CDC20;CDC6;HMMR;TPX2;GINS2;HMGB3;PLK1;CENPA;CDKN3;CENPF;PTTG1;CCNB2;NDC80;AURKB;NEK2;KPNA2;TROAP;BUB1;SLC7A5;PBK;CDC45;MKI67;KIF11;DKC1;STIL;CHEK1;HMGA1;CCNA2;TTK;AURKA;MAD2L1;ESPL1;E2F3;ORC6;EZH2;RAD54L;KIF23;LMNB1;KNL1;KIF15;JPT1;CENPE;CCNF;MCM6;E2F2;POLQ;CDC25A;TACC3;CDK1;DBF4;MCM2;DTYMK;KPNB1;PRIM2;CKS1B;TRAIP;KIF22;PLK4;ORC5;LIG3;UBE2S;BARD1;INCENP;H2AX;XPO1;PRMT5;BUB3;DDX39A;RACGAP1;KIF20B;CBX1;CDC7;MCM3;SMARCC1;NOLC1;HIF1A;SNRPD1;TFDP1;H2AZ1;CDK4;ATF5;E2F1;SUV39H1;NSD2;NCL;CHAF1A;H2BC12;BRCA2;RAD23B;FBXO5;EGF;TOP1;EFNA5;RBL1;SRSF1;NASP;LBR;MCM5;HNRNPU;G3BP1;HNRNPD;STMN1;SLC7A1;CDKN2C;RPA2;E2F4;HUS1;MNAT1;POLE
prerank,Myc Targets V1,0.6819764522611009,3.4044385188722908,0.0,0.0,0.0,137/199,20.83%,SRPK1;NME1;CDC20;KPNA2;CDC45;CCT3;CCNA2;CSTF2;HSPD1;MAD2L1;MCM4;PRDX4;CCT5;EPRS1;MCM6;LDHA;ILF2;SRM;PRPS2;HPRT1;PSMC4;MCM2;KPNB1;GNL3;HDGF;PPM1G;RFC4;CBX3;AIMP2;IARS1;MRPL9;CCT7;PSMD3;CAD;HSPE1;HNRNPC;SNRPA1;APEX1;XPO1;EIF3B;PHB;HSP90AB1;PSMD14;BUB3;RNPS1;TYMS;SSBP1;SF3B3;PSMB3;PSMD1;PCNA;PSMD7;PSMB2;MCM7;TOMM70;RRM1;SNRPA;RANBP1;KARS1;XPOT;HDAC2;PABPC1;CLNS1A;NHP2;VDAC1;CCT4;GOT2;POLD2;DHX15;SMARCC1;NOLC1;CYC1;PGK1;SNRPD1;TFDP1;NOP56;CTPS1;H2AZ1;RPS10;CDK4;PA2G4;FBL;LSM2;RSL1D1;PABPC4;ERH;SNRPG;ORC2;NOP16;TUFM;NPM1;SSB;RAN;RPS2;HNRNPA2B1;RAD23B;SNRPD2;SRSF1;C1QBP;TRIM28;MCM5;HNRNPU;NCBP1;G3BP1;HNRNPD;CCT2;CANX;SET;ACP1;TCP1;NDUFAB1;VBP1;YWHAQ;NCBP2;PSMC6;POLE3;PRDX3;IMPDH2;TARDBP;UBA2;DDX18;XRCC6;DEK;COX5A;PPIA;PSMD8;AP3S1;PSMA6;RPLP0;HNRNPR;EIF2S2;SERBP1;PSMA1;PSMA7;CDK2;PTGES3;FAM120A
prerank,Myc Targets V2,0.7350987745150543,3.0252464899031386,0.0,0.0,0.0,42/57,17.25%,PLK1;HSPD1;MCM4;TFB2M;SRM;BYSL;SORD;GNL3;CBX3;MRTO4;AIMP2;TBRG4;PLK4;HSPE1;PRMT3;PHB;PUS1;WDR43;EXOSC5;MPHOSPH10;TCOF1;DCTPP1;UNG;NOLC1;NIP7;WDR74;NOP56;CDK4;PA2G4;IMP4;NOP16;NPM1;LAS1L;RRP12;MCM5;PES1;MYBBP1A;UTP20;SUPV3L1;FARSA;NOC4L;DDX18
prerank,Glycolysis,0.5567211215600901,2.777694651657898,0.0,0.0,0.0,105/186,23.54%,B3GNT3;KIF20A;HMMR;DEPDC1;SPAG4;CENPA;EFNA3;HS6ST2;SLC25A13;B4GALT2;AURKA;SLC25A10;PMM2;ENO1;KDELR3;ERO1A;LDHA;GMPPA;CDK1;COL5A1;TPI1;PFKP;TPBG;CHPF;EGLN3;PSMC4;CHPF2;PKM;FUT8;HSPA5;PC;PLOD1;AK4;RPE;VCAN;RARS1;ALDOA;MDH2;FKBP4;GOT1;COPB2;CASP6;COG2;IGFBP3;B3GAT3;ABCB6;B4GALT7;SLC16A3;SLC37A4;SRD5A3;GOT2;PAXIP1;TGFA;BIK;PGK1;PLOD2;HDLBP;ALG1;POLR3K;ARTN;KIF2A;B4GALT4;GNPDA1;XYLT2;CLDN3;ANGPTL4;NT5E;MPI;CTH;DDIT4;PGAM1;P4HA1;NASP;DPYSL4;STMN1;ANKZF1;IER3;GALE;PPFIA4;GCLC;BPNT1;SDHC;FAM162A;HAX1;CAPN5;IDH1;B4GALT1;PRPS1;PPIA;SDC1;ECD;PKP2;TXN;GMPPB;B3GALT6;AKR1A1;G6PD;HS2ST1;NOL3;NSDHL;SOD1;TALDO1;ALDH7A1;NANP;GYS1
prerank,Unfolded Protein Response,0.5666720527966721,2.620826223826181,0.0,0.0,0.0,62/110,23.13%,PSAT1;ALDH18A1;SLC7A5;DKC1;KDELR3;MTHFD2;ERO1A;HSP90B1;EIF4A3;PREB;PDIA6;HSPA5;HYOU1;SRPRB;CKS1B;IARS1;SDAD1;H2AX;YWHAZ;CALR;HSPA9;SLC1A4;EXOSC5;SHC1;ARFGAP1;TARS1;SSR1;EXOSC4;NFYA;XPOT;NHP2;SEC31A;NOLC1;EIF4EBP1;DDX10;PAIP1;YIF1A;EXOSC1;NOP56;FKBP14;EXOSC2;NOP14;NPM1;SRPRA;DDIT4;BANF1;LSM4;EIF4G1;CHAC1;SLC30A5;EXOSC10;TUBB2A;FUS;WIPI1;GOSR2;ASNS;LSM1;CNOT2;EIF2S1;POP4;RRP9;PARN
prerank,mTORC1 Signaling,0.4997138400037051,2.515489926786089,0.0,0.0,0.0,90/199,17.08%,PSAT1;RRM2;PLK1;SLC2A1;BUB1;SLC7A5;GPI;AURKA;HSPD1;MCM4;ENO1;SHMT2;GAPDH;MTHFD2;ERO1A;TUBG1;CCNF;EPRS1;LDHA;CDC25A;HSP90B1;PDK1;TPI1;HPRT1;EGLN3;PSMC4;MCM2;STIP1;SORD;HSPA5;HMBS;SERPINH1;AK4;HSPE1;SRD5A1;DHFR;ALDOA;PSMD14;CALR;PSME3;PSMB5;DDX39A;SLC7A11;HSPA9;SLC1A4;YKT6;GOT1;CACYBP;SSR1;TOMM40;CCT6A;PNO1;SDF2L1;PSMD12;SLC37A4;UNG;ABCF2;SLC1A5;GMPS;HSPA4;NUP205;PGK1;PLOD2;IMMT;ATP2A2;UCHL5;PDAP1;PSMG1;CTH;ACLY;DDIT4;PSMC2;P4HA1;TUBA4A;PSPH;SYTL2;CANX;EEF1E1;TCEA1;GCLC;RAB1A;MLLT11;TRIB3;NUFIP1;PSMC6;RPN1;ATP5MC1;IDH1;ARPC5L;ACTR3
prerank,DNA Repair,0.47788681185485793,2.284160968630056,0.0,0.0,0.0,65/147,20.04%,NME1;ZWINT;NME4;FEN1;RAD51;CANT1;HPRT1;POLR2H;RFC4;SEC61A1;SSRP1;SAC3D1;RFC2;TYMS;PCNA;POLR2D;ALYREF;RAE1;TMED2;NELFCD;TAF6;LIG1;POLR2J;ADRM1;POLR3C;VPS37D;CSTF3;ERCC2;TAF12;POLB;POLR1C;RFC3;APRT;ARL6IP1;RPA3;RFC5;DDB1;DGUOK;POLR2G;ADA;RPA2;NCBP2;UMPS;PRIM1;IMPDH2;TAF9;TP53;SUPT5H;TARBP2;UPF3B;SF3A3;POLA1;CCNO;CDA;ITPA;GSDME;ERCC3;POLD1;POLR2I;NELFE;MPG;AAAS;POLA2;NT5C3A;POLR2F
prerank,Mitotic Spindle,0.3940712987275713,2.0009640059232403,0.0,0.00012655024044545685,0.001,52/195,13.89%,TOP2A;BIRC5;KIF4A;KIF2C;DLGAP5;TPX2;ANLN;PLK1;CENPF;CCNB2;NDC80;NEK2;BUB1;KIF11;TTK;AURKA;ECT2;ESPL1;KIF23;LMNB1;KIF15;CENPE;CDK1;KNTC1;KIF22;INCENP;SAC3D1;PIF1;RACGAP1;CKAP5;NET1;KIF20B;SASS6;TLK1;WASF1;LRPPRC;STAU1;RANBP9;CTTN;CD2AP;CEP72;CEP250;BRCA2;PLEKHG2;FBXO5;FSCN1;BCL2L11;FGD6;MYO1E;SEPTIN9;TUBA4A;KIF3C
prerank,Oxidative Phosphorylation,0.3896334366446924,1.9727003035601662,0.0,0.00011389521640091117,0.001,91/194,29.09%,GPI;LDHA;IDH2;MTX2;AIFM1;MDH2;HSPA9;TIMM17A;MRPS12;TOMM70;NDUFS6;MRPL15;VDAC1;GOT2;TIMM50;TIMM10;UQCRH;CYC1;LRPPRC;NDUFS8;HSD17B10;FH;IMMT;ATP5PD;MRPL35;TIMM9;IDH3G;CYCS;NDUFB4;ECHS1;DLAT;MRPS30;NDUFS2;COX6B1;MRPS15;OAT;MRPL11;NDUFS1;NDUFAB1;SUPV3L1;SDHA;SDHC;OPA1;PRDX3;HCCS;ATP5MC1;IDH1;COX5A;COX5B;TOMM22;UQCRQ;PDP1;ATP5MF;ATP5MC3;COX10;POLR2F;PMPCA;ATP1B1;RHOT2;NDUFV1;COX6C;UQCRC1;TIMM8B;VDAC2;CS;OXA1L;VDAC3;SLC25A12;LDHB;ETFA;PDHA1;HTRA2;NDUFB3;NDUFS3;ATP5F1E;ATP5F1B;SLC25A5;ATP5F1C;COX6A1;NQO2;TIMM13;NDUFA8;GRPEL1;MRPS11;PDHX;BAX;ATP5MC2;ABCB7;PHB2;ATP6V1C1;SDHB
prerank,Myogenesis,-0.41540314394727956,-1.869898618928884,0.0,0.004678909814013335,0.005,59/172,19.58%,FHL1;SGCG;ACTN2;TNNC1;CD36;DAPK2;DES;VIPR1;CRYAB;GPX3;NOS1;REEP1;PYGM;HSPB8;CASQ2;CFD;SORBS1;SGCA;FGF2;TNNI2;HBEGF;AK1;COX7A1;MYOZ1;MYH2;TNNT3;MEF2A;SORBS3;LDB3;MYOM2;ADCY9;MYH11;WWTR1;FKBP1B;DMD;FOXO4;ABLIM1;TCAP;CDH13;MRAS;MYL3;SCHIP1;SOD3;HRC;GADD45B;SCD;NOTCH1;SPTAN1;PKIA;ACSL1;CTF1;GSN;PTGIS;MYLK;MYOM1;GJA5;HDAC5;CLU;PVALB
prerank,TNF-alpha Signaling via NF-kB,-0.4020122603447342,-1.8427371432950812,0.0,0.002807345888408001,0.006,86/199,26.14%,PPP1R15A;OLR1;HBEGF;PTGER4;KLF4;KLF9;PLPP3;KLF6;FOSB;LDLR;KLF2;CCRL2;RCAN1;DRAM1;CD83;IL1A;PER1;IL7R;MAP3K8;NR4A1;BMP2;DNAJB4;CFLAR;CXCL2;BTG2;DENND5A;NR4A3;ZFP36;EDN1;CXCL3;ETS2;ATF3;IL6ST;EGR2;MAFF;NFE2L2;SGK1;CD44;STAT5A;KLF10;SLC16A6;GADD45B;TSC22D1;DUSP1;BCL2A1;ID2;EHD1;FOS;CCNL1;IL6;IFIT2;EGR1;EGR3;SLC2A3;PNRC1;PTX3;CD69;IL1B;NFKBIA;CCN1;NFAT5;TLR2;JUNB;CEBPD;BCL6;NR4A2;EIF1;IRF1;RHOB;JUN;BTG1;TIPARP;TNF;KDM6B;MCL1;PDE4B;IER2;SERPINB2;PLEK;TNFAIP3;SOCS3;SDC4;ABCA1;ICAM1;NFIL3;LITAF
prerank,Inflammatory Response,-0.38267248550867017,-1.7361157006559422,0.0,0.006862401060552891,0.021,77/191,27.85%,NMUR1;CALCRL;LAMP3;MARCO;OLR1;RNF144B;SCARF1;HBEGF;GPC3;PTGER4;ADGRE1;BEST1;MSR1;CSF3;KLF6;LDLR;MEFV;CCRL2;SLC31A2;C5AR1;IL1A;CSF3R;IL7R;FPR1;BTG2;PIK3R5;SLC1A2;EDN1;AQP9;KCNMB2;CCL24;IL18RAP;PTGIR;PDPN;TACR1;FZD5;CYBB;EMP3;TLR3;PROK2;IL6;IL18R1;SELE;CX3CL1;SLC4A4;SGMS2;CD69;P2RX7;IL15;ROS1;TNFSF10;IL1B;NFKBIA;AXL;TLR2;IRF1;PTAFR;CD82;CD55;ATP2C1;IL1R1;KCNA3;RGS16;PDE4B;TNFRSF1B;KCNJ2;IL10RA;ABCA1;ICAM1;LCP2;APLNR;CMKLR1;RHOG;GP1BA;F3;CD40;C3AR1
prerank,Bile Acid Metabolism,-0.40422852452048047,-1.685525264136411,0.0029455081001472753,0.009123874137326004,0.038,30/97,17.92%,ABCA8;CAT;SLCO1A2;RXRG;HSD17B6;CYP27A1;ABCA3;ALDH1A1;ABCA9;APOA1;NR0B2;ABCA6;RXRA;DHCR24;HSD17B4;IDI1;NR3C2;SULT1B1;GNMT;AQP9;HSD17B11;EPHX2;ABCA5;ACSL1;BMP6;EFHC1;PEX11G;ALDH8A1;AR;PECR
prerank,TGF-beta Signaling,-0.43379290882006805,-1.6373802321468849,0.003179650238473768,0.01272663469411627,0.066,20/53,19.57%,SPTBN1;SMAD6;PPP1R15A;ENG;SMAD7;BMPR2;LEFTY2;WWTR1;BMP2;TJP1;ID3;APC;CDKN1C;KLF10;ID2;RHOA;ID1;SKI;BMPR1A;JUNB
prerank,UV Response Dn,-0.3582998701848777,-1.5776786252882424,0.001466275659824047,0.021834912465395564,0.132,56/144,25.39%,PTPN21;CAV1;GRK5;PRKCE;TGFBR3;BDNF;TGFBR2;DLC1;FBLN5;PTGFR;INSIG1;PTPRM;PLPP3;LDLR;EFEMP1;PPARG;SMAD7;CELF2;NEK7;ADGRL2;SYNE1;RXRA;CITED2;TJP1;APBB2;PMP22;WDR37;SCHIP1;CDON;DAB2;DUSP1;MGLL;VLDLR;SDC2;RBPMS;MAGI2;AKT3;DMAC2L;ID1;BMPR1A;CCN1;ZMIZ1;MAP2K5;PIK3R3;GJA1;PLCB4;ATP2C1;ANXA4;ATP2B4;NR3C1;TOGARAM1;FYN;SPOP;TFPI;PTEN;NFIB
prerank,KRAS Signaling Dn,-0.35448923785623054,-1.5607471834328064,0.0029985007496251873,0.021522985144461344,0.15,56/133,27.95%,UPK3B;KRT4;TGM1;ZBTB16;SCGB1A1;NOS1;CNTFR;SYNPO;DCC;PTGFR;MEFV;PRKN;P2RX6;KRT1;RYR2;ITIH3;CAPN9;SELENOP;BTG2;CPEB3;EDN1;NRIP2;KRT13;SGK1;THRB;ZC2HC1C;MTHFR;KLK7;PNMT;TGFB2;C5;CLDN8;FGFR3;TENM2;ADRA2C;CCNA1;MYO15A;MAST3;NR4A2;BMPR1B;PRODH;CACNA1F;RGS11;CYP39A1;TCF7L1;EDAR;CLDN16;SERPINB2;RSAD2;PLAG1;SLC25A23;NR6A1;GP1BA;KRT5;PDE6B;CD40LG
prerank,Cholesterol Homeostasis,-0.38180285326776014,-1.5398648765116625,0.004807692307692308,0.023745467306117676,0.185,31/72,29.57%,LPL;FABP5;SEMA3B;LDLR;PPARG;LSS;STARD4;IDI1;HMGCS1;SREBF2;ATF3;CXCL16;HMGCR;CD9;SCD;ACSS2;PNRC1;CYP51A1;CLU;CPEB2;ALCAM;GSTM2;LGALS3;NFIL3;MVK;CHKA;MVD;NIBAN1;ANXA5;FASN;FDFT1
prerank,Protein Secretion,0.3370197257736273,1.5128575850646218,0.002890173410404624,0.01377096707392835,0.12,45/93,28.69%,SEC24D;CLTC;ICA1;YKT6;COPB2;COG2;TMED2;TOM1L1;SEC31A;SCAMP3;KRT18;TPD52;ERGIC3;VPS45;ZW10;OCRL;ARCN1;BNIP3;ANP32E;LMAN1;BET1;SCRN1;RER1;COPB1;RAB22A;SEC22B;ARFGEF2;AP2S1;AP3S1;ARF1;GNAS;GOSR2;ARFGAP3;ARFGEF1;SOD1;DNM1L;COPE;YIPF6;AP3B1;USO1;TMX1;AP2B1;TMED10;GBF1;GLA
prerank,Coagulation,-0.35185400029652414,-1.4881971852501514,0.007530120481927711,0.03732730273846194,0.291,35/115,16.66%,PECAM1;CPB2;THBD;F11;C8B;F10;OLR1;CFD;P2RY1;F8;VWF;APOA1;RAPGEF3;PROS1;LEFTY2;HMGCS2;PF4;CSRP1;RGN;CTSH;C1QA;TIMP3;SERPING1;MASP2;ISCU;APOC1;MAFF;C2;LTA4H;CTSO;CD9;KLKB1;PDGFB;PEF1;GSN
prerank,Spermatogenesis,0.332355233221326,1.4850122920428892,0.008982035928143712,0.015186028853454823,0.144,25/95,12.27%,KIF2C;CDKN3;NCAPH;CCNB2;NEK2;BUB1;TTK;AURKA;EZH2;SLC2A5;CDK1;DBF4;GAD1;RFC4;YBX2;RPL39L;SCG5;MAST2;IDE;COIL;STRBP;TOPBP1;PCSK1N;PSMG1;PARP2
prerank,IL-6/JAK/STAT3 Signaling,-0.36396483879874797,-1.4801829453617972,0.010752688172043012,0.03743127851210668,0.318,35/82,26.83%,ACVRL1;CD36;LEPR;IL3RA;CNTFR;PTPN1;CSF3R;PF4;MAP3K8;PIK3R5;CXCL3;IL6ST;CD44;CD9;IFNGR1;IL17RA;IL6;IL18R1;IL12RB1;CSF2RB;IL1B;TLR2;IRF1;IL7;MYD88;JUN;IL1R1;TNF;TNFRSF1B;SOCS3;CBL;CCR1;PLA2G2A;FAS;STAM2
prerank,KRAS Signaling Up,-0.31111061877226975,-1.4262645203499622,0.005657708628005658,0.052403789916949356,0.449,60/190,19.88%,PECAM1;TMEM100;MTMR10;PRKG2;RETN;SPARCL1;PPP1R15A;CA2;GYPC;IL33;TSPAN7;HBEGF;ACE;RBP4;USP12;KLF4;SEMA3B;CAB39L;WNT7A;CDADC1;NR0B2;CCND2;GNG11;ALDH1A2;ENG;PPBP;EVI5;IL7R;BMP2;ETV1;TLR8;FLT4;SLPI;ABCB1;NAP1L2;ETV5;PEG3;TSPAN13;PIGR;SATB1;IRF8;LCP1;FCER1G;CD37;SPRY2;ID2;ETS1;LAPTM5;RABGAP1L;EMP1;ADGRL4;CTSS;LAT2;DOCK2;EPB41L3;IL1B;PTPRR;HSD11B1;PDCD1LG2;GUCY1A1
prerank,Epithelial Mesenchymal Transition,0.28382316683699715,1.4258145513374914,0.0036900369003690036,0.022779043280182234,0.226,36/197,7.36%,CTHRC1;GREM1;SPP1;COL11A1;MMP1;COL1A1;THBS2;ADAM12;COL3A1;TIMP1;COL5A2;COL5A1;P3H1;MMP3;COMP;SERPINH1;FAP;CALU;PLOD1;THY1;LOXL1;LOXL2;VCAN;MEST;LRRC15;SPOCK1;COPA;COL7A1;COL6A3;SLC6A8;MMP14;BASP1;MCM7;IGFBP3;POSTN;COL1A2
prerank,Complement,-0.3119863022080138,-1.4252411601831505,0.005449591280653951,0.048660662065738686,0.453,77/188,28.09%,ACTN2;SPOCK2;CD36;CA2;F10;OLR1;NOTCH4;DOCK4;PCSK9;F8;ZEB1;CSRP1;CALM1;DOCK9;CTSH;C1QA;PPP2CB;FCN1;SERPING1;GNAI2;CASP1;JAK2;S100A12;PIK3R5;CDH13;CASP5;APOC1;PHEX;MAFF;C2;GNGT2;CD59;LTA4H;CTSO;SH2B3;FCER1G;KLKB1;DGKH;RBSN;EHD1;PDGFB;IL6;CTSS;C1QC;GNG2;PRKCD;CLU;CPQ;WAS;IRF1;CD55;USP8;ANG;LIPA;GCA;SERPINA1;HPCAL4;GATA3;FDX1;L3MBTL4;CPM;ITGAM;ZFPM2;DGKG;FYN;SERPINB2;PLEK;TNFAIP3;LGALS3;SCG3;LCP2;RHOG;PIK3CG;GP1BA;F3;CD40LG;ANXA5
prerank,Apical Surface,-0.38364036897112447,-1.364663751612452,0.07226890756302522,0.08306864500571366,0.656,16/41,23.03%,SCUBE1;PCSK9;NTNG1;AKAP7;MDGA1;SRPX;CD160;RTN4RL1;TMEM8B;MAL;ADIPOR2;GSTM3;CX3CL1;SLC2A4;GHRL;GATA3
prerank,heme Metabolism,-0.3018029607857205,-1.3607142258019245,0.018867924528301886,0.08014304095717127,0.67,53/180,21.87%,TAL1;GYPE;CAT;HBB;TNS1;LMO2;CA2;GYPC;TRIM58;ABCG2;ALAS2;SNCA;ACP5;KAT2B;GATA1;TRAK2;ADD1;SIDT2;SELENBP1;EZH1;NEK7;AGPAT4;ACKR1;RANBP10;BTG2;SDCBP;HEBP1;SLC66A2;GAPVD1;TFRC;CCDC28A;FBXO7;DMTN;ERMAP;CCND3;SLC22A4;MARCHF2;CLIC2;FOXO3;TMEM9B;SYNJ1;FBXO9;ALAD;EPOR;PPP2R5B;BCAM;SEC14L1;ATP6V0A1;RCL1;NCOA4;MPP1;HAGH;YPEL5
prerank,Adipogenesis,-0.29417644179775004,-1.3348496623584438,0.03380281690140845,0.09389012360120091,0.75,25/193,6.45%,FABP4;ACADL;CAVIN2;CD36;CAT;LPL;CYP4B1;RETN;GPX3;SPARCL1;ITIH5;HSPB8;SULT1A1;ANGPT1;CAVIN1;SORBS1;RMDN3;STOM;MTARC2;ALDH2;LIFR;PPARG;LTC4S;CD302;FZD4
prerank,IL-2/STAT5 Signaling,-0.2913087021852196,-1.3311976801060055,0.03185595567867036,0.0912972277459352,0.766,70/194,23.49%,AGER;GLIPR2;SLC39A8;PTH1R;AHNAK;ITIH5;CA2;IL3RA;SELP;RORA;IL1RL1;KLF6;GATA1;CCND2;CAPN3;SOCS2;GABARAPL1;BMPR2;PRKCH;CD83;MAP3K8;PLAGL1;BMP2;CD81;DRC1;DENND5A;MAP6;LRRC8C;SHE;ABCB1;PTCH1;GPR65;GBP4;RNH1;MAFF;CDKN1C;CD44;PENK;IRF8;IFNGR1;GADD45B;CCND3;SERPINB6;LRIG1;TTC39B;NFKBIZ;IL18R1;SLC2A3;RABGAP1L;EMP1;SNX14;TNFSF10;HOPX;SPRY4;ALCAM;TLR7;ICOS;PRNP;DHRS3;RRAGD;S100A1;RHOB;PLIN2;FGL2;ANXA4;EEF1AKMT1;RGS16;TGM2;TNFRSF8;CD86
prerank,UV Response Up,0.26588106696835717,1.288120909002441,0.0457516339869281,0.07094044907256752,0.555,43/149,17.78%,CCNE1;PPAT;EPCAM;CHRNA5;PPIF;CNP;FEN1;STIP1;POLR2H;RFC4;ALDOA;H2AX;CASP3;FKBP4;YKT6;POLG2;SLC6A8;MMP14;FMO1;TARS1;SHOX2;SIGMAR1;E2F5;BAK1;CLCN2;MARK2;EIF2S3;PDAP1;PARP2;CTSV;BCL2L11;TUBA4A;HNRNPU;NPTX2;DGAT1;CDC34;PRPF3;SPR;GGH;POLE3;RPN1;CDC5L;AP2S1
prerank,Xenobiotic Metabolism,-0.2721658016513227,-1.2228217088403999,0.0951048951048951,0.21071607962403582,0.964,41/171,16.02%,CD36;CAT;CDO1;PDK4;CYP1A2;F11;CA2;F10;GSTA3;CES1;RBP4;CYP27A1;NDRG2;ALDH2;ABHD6;ATOH8;FBP1;SLC12A4;PROS1;GABARAPL1;PAPSS2;TTPA;UPB1;PTGDS;CYB5A;VTN;LCAT;GNMT;AQP9;AOX1;ETS2;FMO3;ACSM1;SERTAD1;IRF8;MAOA;ID2;TGFB2;SLC6A12;PMM1;FBLN1
prerank,Apical Junction,-0.2586401198955698,-1.1800590128610102,0.1337126600284495,0.2731963452515564,0.988,50/184,20.23%,ACTN2;PECAM1;CLDN18;CLDN5;SLIT2;RRAS;INSIG1;NEGR1;VWF;ARHGEF6;SORBS3;MYL9;ICAM2;CD34;CLDN11;EPB41L2;TJP1;MYH10;GNAI2;AMIGO1;ITGA10;NFASC;TSPAN4;SGCE;NEXN;EVL;TMEM8B;ICAM5;SIRPA;MPP5;PARVA;LAMA3;TAOK2;NECTIN3;ALOX15B;CLDN8;JAM3;MAP4K2;MAP3K20;CTNND1;CX3CL1;AKT3;CNTN1;MSN;ACTG2;PTPRC;ITGA9;RSU1;TSC1;PIK3R3
prerank,Fatty Acid Metabolism,-0.26483821535651403,-1.167199045994264,0.16548797736916548,0.2829016628599221,0.993,34/145,20.76%,CA4;INMT;GPD1;ACADL;CD36;AOC3;CA2;SERINC1;ALDH1A1;LTC4S;GABARAPL1;HMGCS2;HSDL2;DHCR24;HSD17B4;IDI1;HMGCS1;ACSS1;PTPRG;HPGD;HSD17B11;ADIPOR2;MGLL;MAOA;ACAA2;ACSL1;ACSL4;ACADS;CPT1A;ALAD;ADH1C;MLYCD;ACAA1;BMPR1B
prerank,Wnt-beta Catenin Signaling,-0.32886281235351056,-1.1600635447628107,0.22504230118443316,0.28279330915896594,0.995,13/39,20.66%,NKD1;NOTCH4;NUMB;CCND2;AXIN2;PTCH1;HEY2;HEY1;NOTCH1;HDAC5;FZD8;HDAC11;DLL1
prerank,Apoptosis,-0.2601413062152006,-1.1581253819163022,0.18025751072961374,0.2736939435968562,0.995,51/156,25.22%,CAV1;TGFBR3;BCL2L2;FEZ1;GPX3;ADD1;CCND2;NEDD9;SMAD7;IL1A;BMP2;TIMP3;CFLAR;BTG2;CASP1;PRF1;ATF3;TXNIP;CD44;DCN;ETF1;SATB1;IFNGR1;GADD45B;HGF;SPTAN1;TGFB2;IL6;EGR3;EMP1;GSN;PLCB2;CD69;TNFSF10;IL1B;RARA;CCNA1;CLU;TSPO;PPP2R5B;IRF1;RHOB;JUN;TNF;ANXA1;DPYD;CYLD;MCL1;ROCK1;IGFBP6;LGALS3
prerank,Angiogenesis,-0.33242729387933573,-1.1335330439890752,0.266553480475382,0.31170046470081564,1.0,11/34,14.27%,THBD;LPL;OLR1;CCND2;PF4;SLCO2A1;VTN;S100A4;KCNJ8;APOH;MSX1
prerank,Estrogen Response Late,0.22294042821221363,1.1132374017852835,0.175,0.25876993166287016,0.956,26/188,7.23%,KIF20A;MDK;TOP2A;CDC20;CDC6;GINS2;SLC7A5;STIL;ST14;PPIF;PKP3;NMU;LSR;PTGES;DNAJC12;TPBG;HPRT1;IDH2;SORD;PLK4;MEST;PCP4;SLC1A4;FKBP4;DLG5;UGDH
prerank,Hedgehog Signaling,-0.326338642394397,-1.1115027425467454,0.26791277258566976,0.34485599637893066,1.0,9/34,17.09%,CNTFR;DPYSL2;RTN1;ETS2;PTCH1;HEY2;HEY1;VLDLR;SHH
prerank,Hypoxia,0.22064609119709586,1.1044440253818113,0.20307692307692307,0.2580438496583144,0.957,37/185,14.54%,EFNA3;SLC2A1;GPI;ENO1;KDELR3;GAPDH;ERO1A;LDHA;SLC2A5;COL5A1;PDK1;TPI1;PFKP;TPBG;HSPA5;AK4;ALDOA;CASP6;EDN2;BCAN;IGFBP3;CP;KIF5A;SLC37A4;AMPD3;PGK1;TPD52;PGF;HDLBP;ANGPTL4;HS3ST1;DDIT4;P4HA1;DPYSL4;ANKZF1;IER3;PPFIA4
prerank,Interferon Gamma Response,-0.23254327558409202,-1.069185086257127,0.28651685393258425,0.42324638359262295,1.0,63/196,29.16%,SELP;PTPN1;LATS2;EIF4E3;FPR1;SAMHD1;SERPING1;TRIM25;CASP1;P2RY14;JAK2;OASL;GBP4;TXNIP;HLA-DRB1;IRF8;B2M;SLC25A28;IL6;IFIT2;PTPN6;BANK1;IFIT3;NOD1;HLA-DMA;CSF2RB;CD69;IL15;SECTM1;TNFSF10;CIITA;CD74;NFKBIA;HLA-DQA1;FCGR1A;TRIM21;IRF1;IL7;MYD88;BTG1;FGL2;CD274;CD86;PDE4B;TNFAIP3;LYSMD2;SOCS3;SAMD9L;WARS1;RSAD2;IL10RA;ICAM1;IFIT1;LCP2;FAS;CMKLR1;DHX58;CD40;IFITM2;TDRD7;XAF1;CASP7;RTP4
prerank,Estrogen Response Early,-0.23153765786109412,-1.064350362126213,0.3157894736842105,0.4176956369165984,1.0,61/196,24.94%,REEP1;SLC1A1;WFS1;HSPB8;DLC1;CLIC3;KLF4;ABCA3;SEMA3B;PGR;SH3BP5;ADCY9;PAPSS2;GFRA1;CCN5;ABLIM1;GAB2;RETREG1;JAK2;RAB17;KLK10;KAZN;SNX24;IL6ST;THSD4;CBFA2T3;WWC1;KRT13;TMEM164;CD44;KLF10;PODXL;NPY1R;ALDH3B1;CHPT1;ITPK1;FOS;LRIG1;CXCL12;RPS6KA2;OLFM1;EGR3;SLC24A3;AR;RARA;SLC26A2;GJA1;SULT2B1;DHRS3;SYNGR1;ABHD2;TIPARP;TGM2;CYP26B1;MLPH;PLAAT3;MAPT;PEX11A;AFF1;TMPRSS3;PDLIM3
prerank,Androgen Response,-0.2511521635671744,-1.0361435529858787,0.3913690476190476,0.4672071407362085,1.0,23/97,15.59%,PTPN21;PIAS1;INSIG1;LIFR;ADAMTS1;GPD1L;SELENOP;DHCR24;IDI1;HMGCS1;PTK2B;HPGD;SGK1;HMGCR;DBI;B2M;CCND3;TSC22D1;SCD;TMPRSS2;MAK;HERC3;SRF
prerank,Interferon Alpha Response,-0.24477129597864558,-1.0157891596248916,0.41743119266055045,0.5010245946027909,1.0,31/95,29.98%,LAMP3;CCRL2;TRIM25;CASP1;OASL;GBP4;TXNIP;UBA7;B2M;SLC25A28;CD47;TMEM140;IFIT2;IFIT3;IL15;CD74;TRIM21;IRF1;IL7;GMPR;SAMD9L;WARS1;RSAD2;ELF1;DHX58;LPAR6;IFITM2;TDRD7;RTP4;IRF2;CSF1
prerank,p53 Pathway,-0.21077912519122538,-0.9607630980354465,0.5549295774647888,0.622194742910616,1.0,39/196,16.62%,SESN1;ZBTB16;PPP1R15A;HBEGF;AK1;KLF4;STOM;CCND2;MXD4;NUPR1;DRAM1;IL1A;RXRA;BMP2;CD81;BTG2;CASP1;S100A4;CDH13;NHLH2;ISCU;ZNF365;MKNK2;PPM1D;ATF3;TXNIP;CEBPA;CDKN2B;XPC;CCND3;TSC22D1;TSPYL2;NOTCH1;PRMT2;FOS;RRAD;PMM1;FOXO3;ALOX15B
prerank,Allograft Rejection,-0.20881745043756683,-0.9399498521674462,0.6089918256130791,0.6568221328568374,1.0,69/188,30.06%,FGR;HLA-E;APBB1;CFP;CCND2;KRT1;PF4;SPI1;JAK2;LY86;ITGAL;PRF1;GPR65;C2;HLA-DOA;IL18RAP;KLRD1;HLA-DRA;IRF8;B2M;IFNGR1;CCND3;CD47;IL16;ETS1;TGFB2;CRTAM;TLR3;IL6;SRGN;PTPN6;CTSS;HLA-DMA;IL12RB1;IL15;IL1B;CD74;HLA-DQA1;PTPRC;TLR2;NCR1;WAS;CD4;HLA-DMB;IL7;PRKCB;NOS2;NCF4;TNF;CD86;IGSF6;CD247;WARS1;CCR1;ICAM1;IL12A;LCP2;HCLS1;FAS;CD40;DYRK3;CD40LG;NLRP3;FLNA;IL18;TGFB1;CSF1;ITGB2;CD80
prerank,PI3K/AKT/mTOR  Signaling,0.20062819434330706,0.9253284259686713,0.6738461538461539,0.6904730001339944,1.0,25/99,25.71%,SLC2A1;HSP90B1;CDK1;PDK1;CLTC;CALR;TRAF2;CDK4;E2F1;SFN;PPP1CA;TRIB3;CFL1;CSNK2B;STAT2;ACTR3;ARF1;PRKAA2;CDK2;ACTR2;PPP2R1B;PLCB1;MAP3K7;AKT1S1;RAC1
prerank,Reactive Oxygen Species Pathway,0.23025903691884822,0.8938468250992523,0.6328767123287671,0.7317134902556315,1.0,19/48,25.11%,PRDX4;PFKP;NQO1;ERCC2;NDUFB4;NDUFS2;GCLC;GCLM;PRDX2;SBNO2;TXNRD1;TXN;ATOX1;G6PD;PRDX1;SOD1;MGST1;GSR;STK25
prerank,Notch Signaling,-0.26112326972590216,-0.8781115631544123,0.6483870967741936,0.7886146527859009,1.0,9/32,21.51%,ARRB1;ST3GAL6;DTX4;FZD5;NOTCH1;MAML2;HEYL;DLL1;TCF7L2
prerank,Pancreas Beta Cells,-0.2998972599694649,-0.8769370780233001,0.6526508226691042,0.7658016972368019,1.0,8/19,24.81%,LMO2;PCSK2;FOXA2;AKT3;FOXO1;ABCC8;STXBP1;ELP4
prerank,Pperoxisome,-0.1888470302813577,-0.7838081641063567,0.8614457831325302,0.9080886653409755,1.0,22/96,21.27%,CAT;RXRG;SCGB1A1;ALDH1A1;CLN8;CADM1;DHCR24;HSD17B4;IDI1;ABCB1;HSD17B11;EPHX2;ACSL1;PEX5;ACSL4;ABCC8;TSPO;SLC25A4;MLYCD;ACAA1;SULT2B1;DHRS3
