gene,n,events,HR,CI_low,CI_high,p,q
PYCR1,465,169,1.0668698049516359,0.9086626585080247,1.2526223786794797,0.4292976541200655,0.5310890941921684
SLC6A4,465,169,0.8459744960263684,0.7013842095884172,1.0203720559193024,0.08027767512849136,0.33141190693287376
RTKN2,465,169,0.9353076671559012,0.8006230266694787,1.0926496029969395,0.3992004955480092,0.5310890941921684
FABP4,465,169,0.9793693883201178,0.8361610102450602,1.1471049080576143,0.7960575789889208,0.7960575789889208
SERTM1,465,169,0.8977983422144293,0.7525711223504417,1.0710507476895146,0.23110183553044966,0.41078505588788716
FHL1,465,169,0.8709180528280205,0.7388859530489797,1.0265430701610196,0.09942357207986213,0.33141190693287376
AGER,465,169,0.849092409518431,0.7241109943451074,0.9956455923637175,0.04404296016413777,0.33141190693287376
RGCC,465,169,0.9464882023695838,0.8130917744187459,1.1017697453220634,0.47798018477295157,0.5310890941921684
KANK3,465,169,0.9060808663599615,0.7668854554526902,1.0705412790740634,0.2464710335327323,0.41078505588788716
RAMP2,465,169,0.9032760448179191,0.7699002631994847,1.0597575454140324,0.21204961327712676,0.41078505588788716
