cohort,gene,covariate,p,test_statistic
TCGA,PYCR1,C(stage)[T.III],0.015661159886208056,5.840524226567078
TCGA,PYCR1,C(stage)[T.II],0.05410244257303685,3.709535579985538
TCGA,PYCR1,C(stage)[T.IV],0.6303206228286893,0.2316262214268682
TCGA,PYCR1,age10,0.823776948042145,0.04959074268613597
TCGA,PYCR1,z,0.2816245671566719,1.1592334776059092
TCGA,SLC6A4,C(stage)[T.III],0.008855272680250747,6.851785599454355
TCGA,SLC6A4,C(stage)[T.II],0.0485526730021547,3.89075221338033
TCGA,SLC6A4,C(stage)[T.IV],0.6182114477167759,0.24838938974850946
TCGA,SLC6A4,age10,0.958522350851551,0.00270482790141196
TCGA,SLC6A4,z,0.11418218526233107,2.4953610881238726
TCGA,RTKN2,C(stage)[T.III],0.00964563505886714,6.6991968503308685
TCGA,RTKN2,C(stage)[T.II],0.03690670834896921,4.354711570301678
TCGA,RTKN2,C(stage)[T.IV],0.588347261692471,0.29293274057636437
TCGA,RTKN2,age10,0.9070284611364754,0.013639316731572326
TCGA,RTKN2,z,0.9698207048861563,0.0014313480475229322
TCGA,FABP4,C(stage)[T.III],0.010446994302323551,6.5570409726490135
TCGA,FABP4,C(stage)[T.II],0.03743733135800264,4.330405256745032
TCGA,FABP4,C(stage)[T.IV],0.6606783920700122,0.1927005761581167
TCGA,FABP4,age10,0.9145243333074121,0.01152050067391914
TCGA,FABP4,z,0.4585246851424788,0.5494935941036543
TCGA,SERTM1,C(stage)[T.III],0.00798089244175685,7.037756896209001
TCGA,SERTM1,C(stage)[T.II],0.04233761588624619,4.121656012859436
TCGA,SERTM1,C(stage)[T.IV],0.5715006106498381,0.3201781372713984
TCGA,SERTM1,age10,0.9197895221304168,0.01014025894221221
TCGA,SERTM1,z,0.2893703843249107,1.122548373133713
TCGA,FHL1,C(stage)[T.III],0.011356289820502623,6.408694233790643
TCGA,FHL1,C(stage)[T.II],0.04462979637011151,4.032574101799905
TCGA,FHL1,C(stage)[T.IV],0.6021774304120944,0.27172430805506853
TCGA,FHL1,age10,0.9437844684137736,0.004972240052055246
TCGA,FHL1,z,0.5276724156761305,0.39887192848496067
TCGA,AGER,C(stage)[T.III],0.0139629909167859,6.042816493816873
TCGA,AGER,C(stage)[T.II],0.04790789981473713,3.913213805319457
TCGA,AGER,C(stage)[T.IV],0.5841429445434716,0.29958461904712147
TCGA,AGER,age10,0.8414686189840865,0.040006118315773505
TCGA,AGER,z,0.16864458995574047,1.8949506733676864
TCGA,RGCC,C(stage)[T.III],0.01156242542365821,6.37676100646735
TCGA,RGCC,C(stage)[T.II],0.042211042010453316,4.126721944867374
TCGA,RGCC,C(stage)[T.IV],0.682683591469432,0.16712061321104096
TCGA,RGCC,age10,0.8796625835056076,0.022921040988901964
TCGA,RGCC,z,0.24048920202530633,1.3777240680561997
TCGA,KANK3,C(stage)[T.III],0.013656967654600127,6.0819534020175805
TCGA,KANK3,C(stage)[T.II],0.043165194971873995,4.088920793554321
TCGA,KANK3,C(stage)[T.IV],0.6275343164765841,0.23541926654071077
TCGA,KANK3,age10,0.965510503580728,0.0018696667810293214
TCGA,KANK3,z,0.8741228420388278,0.02509810799248224
TCGA,RAMP2,C(stage)[T.III],0.008673016975962037,6.8889505944774525
TCGA,RAMP2,C(stage)[T.II],0.039676747743234375,4.231654419963225
TCGA,RAMP2,C(stage)[T.IV],0.6580902526704089,0.19585173140183654
TCGA,RAMP2,age10,0.9132031852780965,0.011880808995621741
TCGA,RAMP2,z,0.301561630071129,1.0672756219256156
